period,load_zone,twh,technology,scs
2020,Argentina,0.0,curt_hydro,prm15_fix_wcost_re1_c2p1_co2_cut90p_tnt1
2020,Brazil,2.07535363267891,curt_hydro,prm15_fix_wcost_re1_c2p1_co2_cut90p_tnt1
2020,Chile,0.0,curt_hydro,prm15_fix_wcost_re1_c2p1_co2_cut90p_tnt1
2020,Paraguay,49.109759587249975,curt_hydro,prm15_fix_wcost_re1_c2p1_co2_cut90p_tnt1
2020,Uruguay,0.0,curt_hydro,prm15_fix_wcost_re1_c2p1_co2_cut90p_tnt1
2025,Argentina,0.0,curt_hydro,prm15_fix_wcost_re1_c2p1_co2_cut90p_tnt1
2025,Brazil,5.957480780729551,curt_hydro,prm15_fix_wcost_re1_c2p1_co2_cut90p_tnt1
2025,Chile,0.0,curt_hydro,prm15_fix_wcost_re1_c2p1_co2_cut90p_tnt1
2025,Paraguay,44.389785642499994,curt_hydro,prm15_fix_wcost_re1_c2p1_co2_cut90p_tnt1
2025,Uruguay,0.0,curt_hydro,prm15_fix_wcost_re1_c2p1_co2_cut90p_tnt1
2030,Argentina,0.0,curt_hydro,prm15_fix_wcost_re1_c2p1_co2_cut90p_tnt1
2030,Brazil,3.9271745717131736,curt_hydro,prm15_fix_wcost_re1_c2p1_co2_cut90p_tnt1
2030,Chile,0.0,curt_hydro,prm15_fix_wcost_re1_c2p1_co2_cut90p_tnt1
2030,Paraguay,37.011832137499994,curt_hydro,prm15_fix_wcost_re1_c2p1_co2_cut90p_tnt1
2030,Uruguay,0.0,curt_hydro,prm15_fix_wcost_re1_c2p1_co2_cut90p_tnt1
2035,Argentina,2.998055344354865,curt_hydro,prm15_fix_wcost_re1_c2p1_co2_cut90p_tnt1
2035,Brazil,10.375655595553024,curt_hydro,prm15_fix_wcost_re1_c2p1_co2_cut90p_tnt1
2035,Chile,0.0,curt_hydro,prm15_fix_wcost_re1_c2p1_co2_cut90p_tnt1
2035,Paraguay,27.39359542249998,curt_hydro,prm15_fix_wcost_re1_c2p1_co2_cut90p_tnt1
2035,Uruguay,0.0,curt_hydro,prm15_fix_wcost_re1_c2p1_co2_cut90p_tnt1
2040,Argentina,11.385776271289684,curt_hydro,prm15_fix_wcost_re1_c2p1_co2_cut90p_tnt1
2040,Brazil,18.15894513575557,curt_hydro,prm15_fix_wcost_re1_c2p1_co2_cut90p_tnt1
2040,Chile,0.20581819029028406,curt_hydro,prm15_fix_wcost_re1_c2p1_co2_cut90p_tnt1
2040,Paraguay,15.188048017499987,curt_hydro,prm15_fix_wcost_re1_c2p1_co2_cut90p_tnt1
2040,Uruguay,0.16378848633690077,curt_hydro,prm15_fix_wcost_re1_c2p1_co2_cut90p_tnt1
2045,Argentina,19.848689334825544,curt_hydro,prm15_fix_wcost_re1_c2p1_co2_cut90p_tnt1
2045,Brazil,31.053456993400417,curt_hydro,prm15_fix_wcost_re1_c2p1_co2_cut90p_tnt1
2045,Chile,1.5267069581940458,curt_hydro,prm15_fix_wcost_re1_c2p1_co2_cut90p_tnt1
2045,Paraguay,4.642614426069815,curt_hydro,prm15_fix_wcost_re1_c2p1_co2_cut90p_tnt1
2045,Uruguay,0.3956379051922934,curt_hydro,prm15_fix_wcost_re1_c2p1_co2_cut90p_tnt1
2050,Argentina,31.07944812242878,curt_hydro,prm15_fix_wcost_re1_c2p1_co2_cut90p_tnt1
2050,Brazil,41.889091463205176,curt_hydro,prm15_fix_wcost_re1_c2p1_co2_cut90p_tnt1
2050,Chile,1.284271263495972,curt_hydro,prm15_fix_wcost_re1_c2p1_co2_cut90p_tnt1
2050,Paraguay,1.8557714800623804,curt_hydro,prm15_fix_wcost_re1_c2p1_co2_cut90p_tnt1
2050,Uruguay,0.5322286044328339,curt_hydro,prm15_fix_wcost_re1_c2p1_co2_cut90p_tnt1
2020,Argentina,0.0,curt_hydro,prm15_fix_wcost_re1_c2p1_tnt1
2020,Brazil,2.085647030678907,curt_hydro,prm15_fix_wcost_re1_c2p1_tnt1
2020,Chile,0.0,curt_hydro,prm15_fix_wcost_re1_c2p1_tnt1
2020,Paraguay,49.10975958724997,curt_hydro,prm15_fix_wcost_re1_c2p1_tnt1
2020,Uruguay,0.0,curt_hydro,prm15_fix_wcost_re1_c2p1_tnt1
2025,Argentina,0.0,curt_hydro,prm15_fix_wcost_re1_c2p1_tnt1
2025,Brazil,5.402678776806211,curt_hydro,prm15_fix_wcost_re1_c2p1_tnt1
2025,Chile,0.0,curt_hydro,prm15_fix_wcost_re1_c2p1_tnt1
2025,Paraguay,44.38978564249999,curt_hydro,prm15_fix_wcost_re1_c2p1_tnt1
2025,Uruguay,0.0,curt_hydro,prm15_fix_wcost_re1_c2p1_tnt1
2030,Argentina,0.0,curt_hydro,prm15_fix_wcost_re1_c2p1_tnt1
2030,Brazil,3.105699890012668,curt_hydro,prm15_fix_wcost_re1_c2p1_tnt1
2030,Chile,0.0,curt_hydro,prm15_fix_wcost_re1_c2p1_tnt1
2030,Paraguay,37.0118454475,curt_hydro,prm15_fix_wcost_re1_c2p1_tnt1
2030,Uruguay,0.0,curt_hydro,prm15_fix_wcost_re1_c2p1_tnt1
2035,Argentina,0.0,curt_hydro,prm15_fix_wcost_re1_c2p1_tnt1
2035,Brazil,2.39657478316097,curt_hydro,prm15_fix_wcost_re1_c2p1_tnt1
2035,Chile,0.0,curt_hydro,prm15_fix_wcost_re1_c2p1_tnt1
2035,Paraguay,27.393218182499982,curt_hydro,prm15_fix_wcost_re1_c2p1_tnt1
2035,Uruguay,0.0,curt_hydro,prm15_fix_wcost_re1_c2p1_tnt1
2040,Argentina,0.0,curt_hydro,prm15_fix_wcost_re1_c2p1_tnt1
2040,Brazil,1.9621444681706244,curt_hydro,prm15_fix_wcost_re1_c2p1_tnt1
2040,Chile,0.0,curt_hydro,prm15_fix_wcost_re1_c2p1_tnt1
2040,Paraguay,15.187117657499986,curt_hydro,prm15_fix_wcost_re1_c2p1_tnt1
2040,Uruguay,0.0,curt_hydro,prm15_fix_wcost_re1_c2p1_tnt1
2045,Argentina,0.0,curt_hydro,prm15_fix_wcost_re1_c2p1_tnt1
2045,Brazil,0.0,curt_hydro,prm15_fix_wcost_re1_c2p1_tnt1
2045,Chile,0.0,curt_hydro,prm15_fix_wcost_re1_c2p1_tnt1
2045,Paraguay,4.492158149999986,curt_hydro,prm15_fix_wcost_re1_c2p1_tnt1
2045,Uruguay,0.17369708147212906,curt_hydro,prm15_fix_wcost_re1_c2p1_tnt1
2050,Argentina,0.0,curt_hydro,prm15_fix_wcost_re1_c2p1_tnt1
2050,Brazil,0.0,curt_hydro,prm15_fix_wcost_re1_c2p1_tnt1
2050,Chile,0.0,curt_hydro,prm15_fix_wcost_re1_c2p1_tnt1
2050,Paraguay,0.5864789001827931,curt_hydro,prm15_fix_wcost_re1_c2p1_tnt1
2050,Uruguay,0.3501582998496658,curt_hydro,prm15_fix_wcost_re1_c2p1_tnt1
2020,Argentina,0.0,curt_hydro,prm15_fix_wcost_re2_c2p1_co2_cut90p_tnt1
2020,Brazil,1.4987381684862484,curt_hydro,prm15_fix_wcost_re2_c2p1_co2_cut90p_tnt1
2020,Chile,0.0,curt_hydro,prm15_fix_wcost_re2_c2p1_co2_cut90p_tnt1
2020,Paraguay,49.10953964224998,curt_hydro,prm15_fix_wcost_re2_c2p1_co2_cut90p_tnt1
2020,Uruguay,0.04799218799999982,curt_hydro,prm15_fix_wcost_re2_c2p1_co2_cut90p_tnt1
2025,Argentina,0.0,curt_hydro,prm15_fix_wcost_re2_c2p1_co2_cut90p_tnt1
2025,Brazil,3.403552515000008,curt_hydro,prm15_fix_wcost_re2_c2p1_co2_cut90p_tnt1
2025,Chile,0.0,curt_hydro,prm15_fix_wcost_re2_c2p1_co2_cut90p_tnt1
2025,Paraguay,44.389940549999984,curt_hydro,prm15_fix_wcost_re2_c2p1_co2_cut90p_tnt1
2025,Uruguay,0.0,curt_hydro,prm15_fix_wcost_re2_c2p1_co2_cut90p_tnt1
2030,Argentina,0.0,curt_hydro,prm15_fix_wcost_re2_c2p1_co2_cut90p_tnt1
2030,Brazil,1.8671800739999598,curt_hydro,prm15_fix_wcost_re2_c2p1_co2_cut90p_tnt1
2030,Chile,0.0,curt_hydro,prm15_fix_wcost_re2_c2p1_co2_cut90p_tnt1
2030,Paraguay,37.012603924999986,curt_hydro,prm15_fix_wcost_re2_c2p1_co2_cut90p_tnt1
2030,Uruguay,0.0,curt_hydro,prm15_fix_wcost_re2_c2p1_co2_cut90p_tnt1
2035,Argentina,0.2200326760000003,curt_hydro,prm15_fix_wcost_re2_c2p1_co2_cut90p_tnt1
2035,Brazil,2.7215696430000063,curt_hydro,prm15_fix_wcost_re2_c2p1_co2_cut90p_tnt1
2035,Chile,0.00031667611499138046,curt_hydro,prm15_fix_wcost_re2_c2p1_co2_cut90p_tnt1
2035,Paraguay,27.39383818499999,curt_hydro,prm15_fix_wcost_re2_c2p1_co2_cut90p_tnt1
2035,Uruguay,0.18020061046218117,curt_hydro,prm15_fix_wcost_re2_c2p1_co2_cut90p_tnt1
2040,Argentina,0.4308106260000004,curt_hydro,prm15_fix_wcost_re2_c2p1_co2_cut90p_tnt1
2040,Brazil,2.976806637600006,curt_hydro,prm15_fix_wcost_re2_c2p1_co2_cut90p_tnt1
2040,Chile,0.011112000000000045,curt_hydro,prm15_fix_wcost_re2_c2p1_co2_cut90p_tnt1
2040,Paraguay,15.23975228449999,curt_hydro,prm15_fix_wcost_re2_c2p1_co2_cut90p_tnt1
2040,Uruguay,0.0,curt_hydro,prm15_fix_wcost_re2_c2p1_co2_cut90p_tnt1
2045,Argentina,0.32038687967156754,curt_hydro,prm15_fix_wcost_re2_c2p1_co2_cut90p_tnt1
2045,Brazil,1.9040529606000005,curt_hydro,prm15_fix_wcost_re2_c2p1_co2_cut90p_tnt1
2045,Chile,0.016853200000000068,curt_hydro,prm15_fix_wcost_re2_c2p1_co2_cut90p_tnt1
2045,Paraguay,5.078333600499983,curt_hydro,prm15_fix_wcost_re2_c2p1_co2_cut90p_tnt1
2045,Uruguay,0.0,curt_hydro,prm15_fix_wcost_re2_c2p1_co2_cut90p_tnt1
2050,Argentina,0.18022792156703077,curt_hydro,prm15_fix_wcost_re2_c2p1_co2_cut90p_tnt1
2050,Brazil,2.1659600813068263,curt_hydro,prm15_fix_wcost_re2_c2p1_co2_cut90p_tnt1
2050,Chile,0.05449210000000004,curt_hydro,prm15_fix_wcost_re2_c2p1_co2_cut90p_tnt1
2050,Paraguay,6.9958079884636355,curt_hydro,prm15_fix_wcost_re2_c2p1_co2_cut90p_tnt1
2050,Uruguay,0.0,curt_hydro,prm15_fix_wcost_re2_c2p1_co2_cut90p_tnt1
2020,Argentina,0.0,curt_hydro,prm15_fix_wcost_re2_c2p1_tnt1
2020,Brazil,2.064045159669734,curt_hydro,prm15_fix_wcost_re2_c2p1_tnt1
2020,Chile,0.0,curt_hydro,prm15_fix_wcost_re2_c2p1_tnt1
2020,Paraguay,49.109759587249975,curt_hydro,prm15_fix_wcost_re2_c2p1_tnt1
2020,Uruguay,0.0,curt_hydro,prm15_fix_wcost_re2_c2p1_tnt1
2025,Argentina,0.0,curt_hydro,prm15_fix_wcost_re2_c2p1_tnt1
2025,Brazil,4.2619536892486405,curt_hydro,prm15_fix_wcost_re2_c2p1_tnt1
2025,Chile,0.0,curt_hydro,prm15_fix_wcost_re2_c2p1_tnt1
2025,Paraguay,44.38978223249999,curt_hydro,prm15_fix_wcost_re2_c2p1_tnt1
2025,Uruguay,0.0,curt_hydro,prm15_fix_wcost_re2_c2p1_tnt1
2030,Argentina,0.0,curt_hydro,prm15_fix_wcost_re2_c2p1_tnt1
2030,Brazil,3.499175720799517,curt_hydro,prm15_fix_wcost_re2_c2p1_tnt1
2030,Chile,0.0,curt_hydro,prm15_fix_wcost_re2_c2p1_tnt1
2030,Paraguay,37.011845557499996,curt_hydro,prm15_fix_wcost_re2_c2p1_tnt1
2030,Uruguay,0.0,curt_hydro,prm15_fix_wcost_re2_c2p1_tnt1
2035,Argentina,0.0,curt_hydro,prm15_fix_wcost_re2_c2p1_tnt1
2035,Brazil,0.0,curt_hydro,prm15_fix_wcost_re2_c2p1_tnt1
2035,Chile,0.0,curt_hydro,prm15_fix_wcost_re2_c2p1_tnt1
2035,Paraguay,27.393221592499984,curt_hydro,prm15_fix_wcost_re2_c2p1_tnt1
2035,Uruguay,0.0,curt_hydro,prm15_fix_wcost_re2_c2p1_tnt1
2040,Argentina,0.0,curt_hydro,prm15_fix_wcost_re2_c2p1_tnt1
2040,Brazil,0.0,curt_hydro,prm15_fix_wcost_re2_c2p1_tnt1
2040,Chile,0.0,curt_hydro,prm15_fix_wcost_re2_c2p1_tnt1
2040,Paraguay,15.187114357499986,curt_hydro,prm15_fix_wcost_re2_c2p1_tnt1
2040,Uruguay,0.0,curt_hydro,prm15_fix_wcost_re2_c2p1_tnt1
2045,Argentina,0.0,curt_hydro,prm15_fix_wcost_re2_c2p1_tnt1
2045,Brazil,0.0,curt_hydro,prm15_fix_wcost_re2_c2p1_tnt1
2045,Chile,0.0,curt_hydro,prm15_fix_wcost_re2_c2p1_tnt1
2045,Paraguay,4.492146599999986,curt_hydro,prm15_fix_wcost_re2_c2p1_tnt1
2045,Uruguay,0.0,curt_hydro,prm15_fix_wcost_re2_c2p1_tnt1
2050,Argentina,0.0,curt_hydro,prm15_fix_wcost_re2_c2p1_tnt1
2050,Brazil,0.0,curt_hydro,prm15_fix_wcost_re2_c2p1_tnt1
2050,Chile,0.0,curt_hydro,prm15_fix_wcost_re2_c2p1_tnt1
2050,Paraguay,0.6012821898385462,curt_hydro,prm15_fix_wcost_re2_c2p1_tnt1
2050,Uruguay,0.12586216260006217,curt_hydro,prm15_fix_wcost_re2_c2p1_tnt1
2020,Argentina,0.0,curt_hydro,prm15_fix_wcost_re3_c2p1_co2_cut90p_tnt1
2020,Brazil,1.03841100200001,curt_hydro,prm15_fix_wcost_re3_c2p1_co2_cut90p_tnt1
2020,Chile,0.0,curt_hydro,prm15_fix_wcost_re3_c2p1_co2_cut90p_tnt1
2020,Paraguay,49.10959972974998,curt_hydro,prm15_fix_wcost_re3_c2p1_co2_cut90p_tnt1
2020,Uruguay,0.17812059599999974,curt_hydro,prm15_fix_wcost_re3_c2p1_co2_cut90p_tnt1
2025,Argentina,0.0,curt_hydro,prm15_fix_wcost_re3_c2p1_co2_cut90p_tnt1
2025,Brazil,2.326652288416309,curt_hydro,prm15_fix_wcost_re3_c2p1_co2_cut90p_tnt1
2025,Chile,0.0,curt_hydro,prm15_fix_wcost_re3_c2p1_co2_cut90p_tnt1
2025,Paraguay,44.390044609999975,curt_hydro,prm15_fix_wcost_re3_c2p1_co2_cut90p_tnt1
2025,Uruguay,0.0,curt_hydro,prm15_fix_wcost_re3_c2p1_co2_cut90p_tnt1
2030,Argentina,0.0,curt_hydro,prm15_fix_wcost_re3_c2p1_co2_cut90p_tnt1
2030,Brazil,2.0038352460000075,curt_hydro,prm15_fix_wcost_re3_c2p1_co2_cut90p_tnt1
2030,Chile,0.0,curt_hydro,prm15_fix_wcost_re3_c2p1_co2_cut90p_tnt1
2030,Paraguay,37.012616354999984,curt_hydro,prm15_fix_wcost_re3_c2p1_co2_cut90p_tnt1
2030,Uruguay,0.0,curt_hydro,prm15_fix_wcost_re3_c2p1_co2_cut90p_tnt1
2035,Argentina,0.0,curt_hydro,prm15_fix_wcost_re3_c2p1_co2_cut90p_tnt1
2035,Brazil,1.9725132960000074,curt_hydro,prm15_fix_wcost_re3_c2p1_co2_cut90p_tnt1
2035,Chile,0.0,curt_hydro,prm15_fix_wcost_re3_c2p1_co2_cut90p_tnt1
2035,Paraguay,27.393757429999987,curt_hydro,prm15_fix_wcost_re3_c2p1_co2_cut90p_tnt1
2035,Uruguay,0.15846941399999973,curt_hydro,prm15_fix_wcost_re3_c2p1_co2_cut90p_tnt1
2040,Argentina,0.011307609599999997,curt_hydro,prm15_fix_wcost_re3_c2p1_co2_cut90p_tnt1
2040,Brazil,1.4046592860000005,curt_hydro,prm15_fix_wcost_re3_c2p1_co2_cut90p_tnt1
2040,Chile,0.0,curt_hydro,prm15_fix_wcost_re3_c2p1_co2_cut90p_tnt1
2040,Paraguay,15.189134744999988,curt_hydro,prm15_fix_wcost_re3_c2p1_co2_cut90p_tnt1
2040,Uruguay,0.0,curt_hydro,prm15_fix_wcost_re3_c2p1_co2_cut90p_tnt1
2045,Argentina,0.16022029799999998,curt_hydro,prm15_fix_wcost_re3_c2p1_co2_cut90p_tnt1
2045,Brazil,2.0462321724000003,curt_hydro,prm15_fix_wcost_re3_c2p1_co2_cut90p_tnt1
2045,Chile,0.02383357499999907,curt_hydro,prm15_fix_wcost_re3_c2p1_co2_cut90p_tnt1
2045,Paraguay,4.489027359999981,curt_hydro,prm15_fix_wcost_re3_c2p1_co2_cut90p_tnt1
2045,Uruguay,0.0,curt_hydro,prm15_fix_wcost_re3_c2p1_co2_cut90p_tnt1
2050,Argentina,0.20361620999999994,curt_hydro,prm15_fix_wcost_re3_c2p1_co2_cut90p_tnt1
2050,Brazil,2.0414684304,curt_hydro,prm15_fix_wcost_re3_c2p1_co2_cut90p_tnt1
2050,Chile,0.024967399999999,curt_hydro,prm15_fix_wcost_re3_c2p1_co2_cut90p_tnt1
2050,Paraguay,35.71271353338389,curt_hydro,prm15_fix_wcost_re3_c2p1_co2_cut90p_tnt1
2050,Uruguay,0.0,curt_hydro,prm15_fix_wcost_re3_c2p1_co2_cut90p_tnt1
2020,Argentina,0.0,curt_hydro,prm15_fix_wcost_re3_c2p1_tnt1
2020,Brazil,2.0934001941487765,curt_hydro,prm15_fix_wcost_re3_c2p1_tnt1
2020,Chile,0.0,curt_hydro,prm15_fix_wcost_re3_c2p1_tnt1
2020,Paraguay,49.10975617724997,curt_hydro,prm15_fix_wcost_re3_c2p1_tnt1
2020,Uruguay,0.0,curt_hydro,prm15_fix_wcost_re3_c2p1_tnt1
2025,Argentina,0.0,curt_hydro,prm15_fix_wcost_re3_c2p1_tnt1
2025,Brazil,4.427353869198298,curt_hydro,prm15_fix_wcost_re3_c2p1_tnt1
2025,Chile,0.0,curt_hydro,prm15_fix_wcost_re3_c2p1_tnt1
2025,Paraguay,44.38978564249999,curt_hydro,prm15_fix_wcost_re3_c2p1_tnt1
2025,Uruguay,0.0,curt_hydro,prm15_fix_wcost_re3_c2p1_tnt1
2030,Argentina,0.0,curt_hydro,prm15_fix_wcost_re3_c2p1_tnt1
2030,Brazil,3.968220387136615,curt_hydro,prm15_fix_wcost_re3_c2p1_tnt1
2030,Chile,0.0,curt_hydro,prm15_fix_wcost_re3_c2p1_tnt1
2030,Paraguay,37.01185226749999,curt_hydro,prm15_fix_wcost_re3_c2p1_tnt1
2030,Uruguay,0.0,curt_hydro,prm15_fix_wcost_re3_c2p1_tnt1
2035,Argentina,0.0,curt_hydro,prm15_fix_wcost_re3_c2p1_tnt1
2035,Brazil,0.0,curt_hydro,prm15_fix_wcost_re3_c2p1_tnt1
2035,Chile,0.0,curt_hydro,prm15_fix_wcost_re3_c2p1_tnt1
2035,Paraguay,27.393214882499986,curt_hydro,prm15_fix_wcost_re3_c2p1_tnt1
2035,Uruguay,0.0,curt_hydro,prm15_fix_wcost_re3_c2p1_tnt1
2040,Argentina,0.0,curt_hydro,prm15_fix_wcost_re3_c2p1_tnt1
2040,Brazil,0.0,curt_hydro,prm15_fix_wcost_re3_c2p1_tnt1
2040,Chile,0.0,curt_hydro,prm15_fix_wcost_re3_c2p1_tnt1
2040,Paraguay,15.187121067499985,curt_hydro,prm15_fix_wcost_re3_c2p1_tnt1
2040,Uruguay,0.0,curt_hydro,prm15_fix_wcost_re3_c2p1_tnt1
2045,Argentina,0.0,curt_hydro,prm15_fix_wcost_re3_c2p1_tnt1
2045,Brazil,0.0,curt_hydro,prm15_fix_wcost_re3_c2p1_tnt1
2045,Chile,0.0,curt_hydro,prm15_fix_wcost_re3_c2p1_tnt1
2045,Paraguay,4.492238253139151,curt_hydro,prm15_fix_wcost_re3_c2p1_tnt1
2045,Uruguay,0.0,curt_hydro,prm15_fix_wcost_re3_c2p1_tnt1
2050,Argentina,0.0,curt_hydro,prm15_fix_wcost_re3_c2p1_tnt1
2050,Brazil,0.0,curt_hydro,prm15_fix_wcost_re3_c2p1_tnt1
2050,Chile,0.0,curt_hydro,prm15_fix_wcost_re3_c2p1_tnt1
2050,Paraguay,0.5585736099999903,curt_hydro,prm15_fix_wcost_re3_c2p1_tnt1
2050,Uruguay,0.0,curt_hydro,prm15_fix_wcost_re3_c2p1_tnt1
2020,Argentina,0.0,curt_hydro,prm15_fix_wcost_re4_c2p1_co2_cut90p_tnt1
2020,Brazil,2.093689856279423,curt_hydro,prm15_fix_wcost_re4_c2p1_co2_cut90p_tnt1
2020,Chile,0.0,curt_hydro,prm15_fix_wcost_re4_c2p1_co2_cut90p_tnt1
2020,Paraguay,49.109759587249975,curt_hydro,prm15_fix_wcost_re4_c2p1_co2_cut90p_tnt1
2020,Uruguay,0.0,curt_hydro,prm15_fix_wcost_re4_c2p1_co2_cut90p_tnt1
2025,Argentina,0.0,curt_hydro,prm15_fix_wcost_re4_c2p1_co2_cut90p_tnt1
2025,Brazil,5.293109035543339,curt_hydro,prm15_fix_wcost_re4_c2p1_co2_cut90p_tnt1
2025,Chile,0.0,curt_hydro,prm15_fix_wcost_re4_c2p1_co2_cut90p_tnt1
2025,Paraguay,44.389782342499984,curt_hydro,prm15_fix_wcost_re4_c2p1_co2_cut90p_tnt1
2025,Uruguay,0.0,curt_hydro,prm15_fix_wcost_re4_c2p1_co2_cut90p_tnt1
2030,Argentina,0.0,curt_hydro,prm15_fix_wcost_re4_c2p1_co2_cut90p_tnt1
2030,Brazil,5.7798053540319465,curt_hydro,prm15_fix_wcost_re4_c2p1_co2_cut90p_tnt1
2030,Chile,0.0,curt_hydro,prm15_fix_wcost_re4_c2p1_co2_cut90p_tnt1
2030,Paraguay,37.011842147500005,curt_hydro,prm15_fix_wcost_re4_c2p1_co2_cut90p_tnt1
2030,Uruguay,0.0,curt_hydro,prm15_fix_wcost_re4_c2p1_co2_cut90p_tnt1
2035,Argentina,2.6193421475387653,curt_hydro,prm15_fix_wcost_re4_c2p1_co2_cut90p_tnt1
2035,Brazil,12.730549065616298,curt_hydro,prm15_fix_wcost_re4_c2p1_co2_cut90p_tnt1
2035,Chile,0.742566886709555,curt_hydro,prm15_fix_wcost_re4_c2p1_co2_cut90p_tnt1
2035,Paraguay,27.393435904999983,curt_hydro,prm15_fix_wcost_re4_c2p1_co2_cut90p_tnt1
2035,Uruguay,0.0,curt_hydro,prm15_fix_wcost_re4_c2p1_co2_cut90p_tnt1
2040,Argentina,15.316954601502912,curt_hydro,prm15_fix_wcost_re4_c2p1_co2_cut90p_tnt1
2040,Brazil,15.774423045425738,curt_hydro,prm15_fix_wcost_re4_c2p1_co2_cut90p_tnt1
2040,Chile,1.2042801486767283,curt_hydro,prm15_fix_wcost_re4_c2p1_co2_cut90p_tnt1
2040,Paraguay,15.444228344721543,curt_hydro,prm15_fix_wcost_re4_c2p1_co2_cut90p_tnt1
2040,Uruguay,0.14536555936674603,curt_hydro,prm15_fix_wcost_re4_c2p1_co2_cut90p_tnt1
2045,Argentina,27.16201835606558,curt_hydro,prm15_fix_wcost_re4_c2p1_co2_cut90p_tnt1
2045,Brazil,23.048923297470875,curt_hydro,prm15_fix_wcost_re4_c2p1_co2_cut90p_tnt1
2045,Chile,1.8568672588629624,curt_hydro,prm15_fix_wcost_re4_c2p1_co2_cut90p_tnt1
2045,Paraguay,4.805717953875236,curt_hydro,prm15_fix_wcost_re4_c2p1_co2_cut90p_tnt1
2045,Uruguay,0.38062519244939375,curt_hydro,prm15_fix_wcost_re4_c2p1_co2_cut90p_tnt1
2050,Argentina,34.92203244510607,curt_hydro,prm15_fix_wcost_re4_c2p1_co2_cut90p_tnt1
2050,Brazil,26.99711554613832,curt_hydro,prm15_fix_wcost_re4_c2p1_co2_cut90p_tnt1
2050,Chile,1.5947890135952856,curt_hydro,prm15_fix_wcost_re4_c2p1_co2_cut90p_tnt1
2050,Paraguay,1.8227276509902886,curt_hydro,prm15_fix_wcost_re4_c2p1_co2_cut90p_tnt1
2050,Uruguay,0.6172692089460692,curt_hydro,prm15_fix_wcost_re4_c2p1_co2_cut90p_tnt1
2020,Argentina,0.0,curt_hydro,prm15_fix_wcost_re4_c2p1_tnt1
2020,Brazil,2.1500933810833867,curt_hydro,prm15_fix_wcost_re4_c2p1_tnt1
2020,Chile,0.0,curt_hydro,prm15_fix_wcost_re4_c2p1_tnt1
2020,Paraguay,49.10975958724998,curt_hydro,prm15_fix_wcost_re4_c2p1_tnt1
2020,Uruguay,0.0,curt_hydro,prm15_fix_wcost_re4_c2p1_tnt1
2025,Argentina,0.0,curt_hydro,prm15_fix_wcost_re4_c2p1_tnt1
2025,Brazil,4.400932294330075,curt_hydro,prm15_fix_wcost_re4_c2p1_tnt1
2025,Chile,0.0,curt_hydro,prm15_fix_wcost_re4_c2p1_tnt1
2025,Paraguay,44.389778822499984,curt_hydro,prm15_fix_wcost_re4_c2p1_tnt1
2025,Uruguay,0.0,curt_hydro,prm15_fix_wcost_re4_c2p1_tnt1
2030,Argentina,0.0,curt_hydro,prm15_fix_wcost_re4_c2p1_tnt1
2030,Brazil,3.72621871656196,curt_hydro,prm15_fix_wcost_re4_c2p1_tnt1
2030,Chile,0.0,curt_hydro,prm15_fix_wcost_re4_c2p1_tnt1
2030,Paraguay,37.0118522675,curt_hydro,prm15_fix_wcost_re4_c2p1_tnt1
2030,Uruguay,0.0,curt_hydro,prm15_fix_wcost_re4_c2p1_tnt1
2035,Argentina,0.0,curt_hydro,prm15_fix_wcost_re4_c2p1_tnt1
2035,Brazil,0.0,curt_hydro,prm15_fix_wcost_re4_c2p1_tnt1
2035,Chile,0.0,curt_hydro,prm15_fix_wcost_re4_c2p1_tnt1
2035,Paraguay,27.393214882499983,curt_hydro,prm15_fix_wcost_re4_c2p1_tnt1
2035,Uruguay,0.0,curt_hydro,prm15_fix_wcost_re4_c2p1_tnt1
2040,Argentina,0.0,curt_hydro,prm15_fix_wcost_re4_c2p1_tnt1
2040,Brazil,0.0,curt_hydro,prm15_fix_wcost_re4_c2p1_tnt1
2040,Chile,0.0,curt_hydro,prm15_fix_wcost_re4_c2p1_tnt1
2040,Paraguay,15.187107839999985,curt_hydro,prm15_fix_wcost_re4_c2p1_tnt1
2040,Uruguay,0.0,curt_hydro,prm15_fix_wcost_re4_c2p1_tnt1
2045,Argentina,0.0,curt_hydro,prm15_fix_wcost_re4_c2p1_tnt1
2045,Brazil,0.0,curt_hydro,prm15_fix_wcost_re4_c2p1_tnt1
2045,Chile,0.0,curt_hydro,prm15_fix_wcost_re4_c2p1_tnt1
2045,Paraguay,4.492496509999986,curt_hydro,prm15_fix_wcost_re4_c2p1_tnt1
2045,Uruguay,0.0,curt_hydro,prm15_fix_wcost_re4_c2p1_tnt1
2050,Argentina,0.0,curt_hydro,prm15_fix_wcost_re4_c2p1_tnt1
2050,Brazil,0.0,curt_hydro,prm15_fix_wcost_re4_c2p1_tnt1
2050,Chile,0.0,curt_hydro,prm15_fix_wcost_re4_c2p1_tnt1
2050,Paraguay,0.5558016099999897,curt_hydro,prm15_fix_wcost_re4_c2p1_tnt1
2050,Uruguay,0.0,curt_hydro,prm15_fix_wcost_re4_c2p1_tnt1
2020,Argentina,0.0,curt_hydro,prm15_fix_wcost_re5_c2p1_co2_cut90p_tnt1
2020,Brazil,1.06665494600001,curt_hydro,prm15_fix_wcost_re5_c2p1_co2_cut90p_tnt1
2020,Chile,0.0,curt_hydro,prm15_fix_wcost_re5_c2p1_co2_cut90p_tnt1
2020,Paraguay,49.10965885474998,curt_hydro,prm15_fix_wcost_re5_c2p1_co2_cut90p_tnt1
2020,Uruguay,0.14941465199999973,curt_hydro,prm15_fix_wcost_re5_c2p1_co2_cut90p_tnt1
2025,Argentina,0.0,curt_hydro,prm15_fix_wcost_re5_c2p1_co2_cut90p_tnt1
2025,Brazil,1.7670468300000068,curt_hydro,prm15_fix_wcost_re5_c2p1_co2_cut90p_tnt1
2025,Chile,0.0,curt_hydro,prm15_fix_wcost_re5_c2p1_co2_cut90p_tnt1
2025,Paraguay,44.39002744999998,curt_hydro,prm15_fix_wcost_re5_c2p1_co2_cut90p_tnt1
2025,Uruguay,0.0,curt_hydro,prm15_fix_wcost_re5_c2p1_co2_cut90p_tnt1
2030,Argentina,0.0,curt_hydro,prm15_fix_wcost_re5_c2p1_co2_cut90p_tnt1
2030,Brazil,0.646581629999999,curt_hydro,prm15_fix_wcost_re5_c2p1_co2_cut90p_tnt1
2030,Chile,0.0,curt_hydro,prm15_fix_wcost_re5_c2p1_co2_cut90p_tnt1
2030,Paraguay,37.01262567749998,curt_hydro,prm15_fix_wcost_re5_c2p1_co2_cut90p_tnt1
2030,Uruguay,0.0,curt_hydro,prm15_fix_wcost_re5_c2p1_co2_cut90p_tnt1
2035,Argentina,0.0,curt_hydro,prm15_fix_wcost_re5_c2p1_co2_cut90p_tnt1
2035,Brazil,1.2221341200000007,curt_hydro,prm15_fix_wcost_re5_c2p1_co2_cut90p_tnt1
2035,Chile,0.0,curt_hydro,prm15_fix_wcost_re5_c2p1_co2_cut90p_tnt1
2035,Paraguay,27.393750829999988,curt_hydro,prm15_fix_wcost_re5_c2p1_co2_cut90p_tnt1
2035,Uruguay,0.2624203794723318,curt_hydro,prm15_fix_wcost_re5_c2p1_co2_cut90p_tnt1
2040,Argentina,0.011307609599999997,curt_hydro,prm15_fix_wcost_re5_c2p1_co2_cut90p_tnt1
2040,Brazil,0.8452505950526719,curt_hydro,prm15_fix_wcost_re5_c2p1_co2_cut90p_tnt1
2040,Chile,0.0,curt_hydro,prm15_fix_wcost_re5_c2p1_co2_cut90p_tnt1
2040,Paraguay,15.189164059999992,curt_hydro,prm15_fix_wcost_re5_c2p1_co2_cut90p_tnt1
2040,Uruguay,0.0,curt_hydro,prm15_fix_wcost_re5_c2p1_co2_cut90p_tnt1
2045,Argentina,0.0139729632,curt_hydro,prm15_fix_wcost_re5_c2p1_co2_cut90p_tnt1
2045,Brazil,0.9256103076000002,curt_hydro,prm15_fix_wcost_re5_c2p1_co2_cut90p_tnt1
2045,Chile,0.004266219999999855,curt_hydro,prm15_fix_wcost_re5_c2p1_co2_cut90p_tnt1
2045,Paraguay,4.488046339999986,curt_hydro,prm15_fix_wcost_re5_c2p1_co2_cut90p_tnt1
2045,Uruguay,0.0,curt_hydro,prm15_fix_wcost_re5_c2p1_co2_cut90p_tnt1
2050,Argentina,0.20361620999999994,curt_hydro,prm15_fix_wcost_re5_c2p1_co2_cut90p_tnt1
2050,Brazil,2.305580176400001,curt_hydro,prm15_fix_wcost_re5_c2p1_co2_cut90p_tnt1
2050,Chile,0.023833574999999066,curt_hydro,prm15_fix_wcost_re5_c2p1_co2_cut90p_tnt1
2050,Paraguay,37.15126104568191,curt_hydro,prm15_fix_wcost_re5_c2p1_co2_cut90p_tnt1
2050,Uruguay,0.0,curt_hydro,prm15_fix_wcost_re5_c2p1_co2_cut90p_tnt1
2020,Argentina,0.0,curt_hydro,prm15_fix_wcost_re5_c2p1_tnt1
2020,Brazil,2.1096545515688185,curt_hydro,prm15_fix_wcost_re5_c2p1_tnt1
2020,Chile,0.0,curt_hydro,prm15_fix_wcost_re5_c2p1_tnt1
2020,Paraguay,49.10975958724997,curt_hydro,prm15_fix_wcost_re5_c2p1_tnt1
2020,Uruguay,0.0,curt_hydro,prm15_fix_wcost_re5_c2p1_tnt1
2025,Argentina,0.0,curt_hydro,prm15_fix_wcost_re5_c2p1_tnt1
2025,Brazil,4.166897308977689,curt_hydro,prm15_fix_wcost_re5_c2p1_tnt1
2025,Chile,0.0,curt_hydro,prm15_fix_wcost_re5_c2p1_tnt1
2025,Paraguay,44.389775412499986,curt_hydro,prm15_fix_wcost_re5_c2p1_tnt1
2025,Uruguay,0.0,curt_hydro,prm15_fix_wcost_re5_c2p1_tnt1
2030,Argentina,0.0,curt_hydro,prm15_fix_wcost_re5_c2p1_tnt1
2030,Brazil,3.329922794395394,curt_hydro,prm15_fix_wcost_re5_c2p1_tnt1
2030,Chile,0.0,curt_hydro,prm15_fix_wcost_re5_c2p1_tnt1
2030,Paraguay,37.011845859999994,curt_hydro,prm15_fix_wcost_re5_c2p1_tnt1
2030,Uruguay,0.0,curt_hydro,prm15_fix_wcost_re5_c2p1_tnt1
2035,Argentina,0.0,curt_hydro,prm15_fix_wcost_re5_c2p1_tnt1
2035,Brazil,0.0,curt_hydro,prm15_fix_wcost_re5_c2p1_tnt1
2035,Chile,0.0,curt_hydro,prm15_fix_wcost_re5_c2p1_tnt1
2035,Paraguay,27.393218292499984,curt_hydro,prm15_fix_wcost_re5_c2p1_tnt1
2035,Uruguay,0.0,curt_hydro,prm15_fix_wcost_re5_c2p1_tnt1
2040,Argentina,0.0,curt_hydro,prm15_fix_wcost_re5_c2p1_tnt1
2040,Brazil,0.0,curt_hydro,prm15_fix_wcost_re5_c2p1_tnt1
2040,Chile,0.0,curt_hydro,prm15_fix_wcost_re5_c2p1_tnt1
2040,Paraguay,15.187114357499986,curt_hydro,prm15_fix_wcost_re5_c2p1_tnt1
2040,Uruguay,0.0,curt_hydro,prm15_fix_wcost_re5_c2p1_tnt1
2045,Argentina,0.0,curt_hydro,prm15_fix_wcost_re5_c2p1_tnt1
2045,Brazil,0.0,curt_hydro,prm15_fix_wcost_re5_c2p1_tnt1
2045,Chile,0.0,curt_hydro,prm15_fix_wcost_re5_c2p1_tnt1
2045,Paraguay,4.491815059999986,curt_hydro,prm15_fix_wcost_re5_c2p1_tnt1
2045,Uruguay,0.008601659801208819,curt_hydro,prm15_fix_wcost_re5_c2p1_tnt1
2050,Argentina,0.0,curt_hydro,prm15_fix_wcost_re5_c2p1_tnt1
2050,Brazil,0.0,curt_hydro,prm15_fix_wcost_re5_c2p1_tnt1
2050,Chile,0.0,curt_hydro,prm15_fix_wcost_re5_c2p1_tnt1
2050,Paraguay,0.6355365308760584,curt_hydro,prm15_fix_wcost_re5_c2p1_tnt1
2050,Uruguay,0.2453186539590364,curt_hydro,prm15_fix_wcost_re5_c2p1_tnt1
2020,Argentina,0.0,curt_hydro,prm15_fix_wcost_re6_c2p1_co2_cut90p_tnt1
2020,Brazil,2.0587705794679,curt_hydro,prm15_fix_wcost_re6_c2p1_co2_cut90p_tnt1
2020,Chile,0.0,curt_hydro,prm15_fix_wcost_re6_c2p1_co2_cut90p_tnt1
2020,Paraguay,49.10975617724997,curt_hydro,prm15_fix_wcost_re6_c2p1_co2_cut90p_tnt1
2020,Uruguay,0.0,curt_hydro,prm15_fix_wcost_re6_c2p1_co2_cut90p_tnt1
2025,Argentina,0.0,curt_hydro,prm15_fix_wcost_re6_c2p1_co2_cut90p_tnt1
2025,Brazil,5.8776704563347995,curt_hydro,prm15_fix_wcost_re6_c2p1_co2_cut90p_tnt1
2025,Chile,0.0,curt_hydro,prm15_fix_wcost_re6_c2p1_co2_cut90p_tnt1
2025,Paraguay,44.389775412499986,curt_hydro,prm15_fix_wcost_re6_c2p1_co2_cut90p_tnt1
2025,Uruguay,0.0,curt_hydro,prm15_fix_wcost_re6_c2p1_co2_cut90p_tnt1
2030,Argentina,0.0,curt_hydro,prm15_fix_wcost_re6_c2p1_co2_cut90p_tnt1
2030,Brazil,4.23996894221266,curt_hydro,prm15_fix_wcost_re6_c2p1_co2_cut90p_tnt1
2030,Chile,0.0,curt_hydro,prm15_fix_wcost_re6_c2p1_co2_cut90p_tnt1
2030,Paraguay,37.011842147500005,curt_hydro,prm15_fix_wcost_re6_c2p1_co2_cut90p_tnt1
2030,Uruguay,0.0,curt_hydro,prm15_fix_wcost_re6_c2p1_co2_cut90p_tnt1
2035,Argentina,3.4396948773344986,curt_hydro,prm15_fix_wcost_re6_c2p1_co2_cut90p_tnt1
2035,Brazil,10.454038087578901,curt_hydro,prm15_fix_wcost_re6_c2p1_co2_cut90p_tnt1
2035,Chile,0.0,curt_hydro,prm15_fix_wcost_re6_c2p1_co2_cut90p_tnt1
2035,Paraguay,27.393587344999986,curt_hydro,prm15_fix_wcost_re6_c2p1_co2_cut90p_tnt1
2035,Uruguay,0.0,curt_hydro,prm15_fix_wcost_re6_c2p1_co2_cut90p_tnt1
2040,Argentina,13.044621215038584,curt_hydro,prm15_fix_wcost_re6_c2p1_co2_cut90p_tnt1
2040,Brazil,16.78248915237256,curt_hydro,prm15_fix_wcost_re6_c2p1_co2_cut90p_tnt1
2040,Chile,0.62682545049866,curt_hydro,prm15_fix_wcost_re6_c2p1_co2_cut90p_tnt1
2040,Paraguay,15.187903439999987,curt_hydro,prm15_fix_wcost_re6_c2p1_co2_cut90p_tnt1
2040,Uruguay,0.0,curt_hydro,prm15_fix_wcost_re6_c2p1_co2_cut90p_tnt1
2045,Argentina,20.3327986751343,curt_hydro,prm15_fix_wcost_re6_c2p1_co2_cut90p_tnt1
2045,Brazil,29.420733070593293,curt_hydro,prm15_fix_wcost_re6_c2p1_co2_cut90p_tnt1
2045,Chile,1.4443779033007387,curt_hydro,prm15_fix_wcost_re6_c2p1_co2_cut90p_tnt1
2045,Paraguay,4.764090296847918,curt_hydro,prm15_fix_wcost_re6_c2p1_co2_cut90p_tnt1
2045,Uruguay,0.37994245672383276,curt_hydro,prm15_fix_wcost_re6_c2p1_co2_cut90p_tnt1
2050,Argentina,32.76924002925116,curt_hydro,prm15_fix_wcost_re6_c2p1_co2_cut90p_tnt1
2050,Brazil,36.38804954276967,curt_hydro,prm15_fix_wcost_re6_c2p1_co2_cut90p_tnt1
2050,Chile,1.3810581868548961,curt_hydro,prm15_fix_wcost_re6_c2p1_co2_cut90p_tnt1
2050,Paraguay,1.5167978898510026,curt_hydro,prm15_fix_wcost_re6_c2p1_co2_cut90p_tnt1
2050,Uruguay,0.5510433304359563,curt_hydro,prm15_fix_wcost_re6_c2p1_co2_cut90p_tnt1
2020,Argentina,0.0,curt_hydro,prm15_fix_wcost_re6_c2p1_tnt1
2020,Brazil,2.1229983531234633,curt_hydro,prm15_fix_wcost_re6_c2p1_tnt1
2020,Chile,0.0,curt_hydro,prm15_fix_wcost_re6_c2p1_tnt1
2020,Paraguay,49.109759587249975,curt_hydro,prm15_fix_wcost_re6_c2p1_tnt1
2020,Uruguay,0.0,curt_hydro,prm15_fix_wcost_re6_c2p1_tnt1
2025,Argentina,0.0,curt_hydro,prm15_fix_wcost_re6_c2p1_tnt1
2025,Brazil,5.076585918433343,curt_hydro,prm15_fix_wcost_re6_c2p1_tnt1
2025,Chile,0.0,curt_hydro,prm15_fix_wcost_re6_c2p1_tnt1
2025,Paraguay,44.38978223249998,curt_hydro,prm15_fix_wcost_re6_c2p1_tnt1
2025,Uruguay,0.0,curt_hydro,prm15_fix_wcost_re6_c2p1_tnt1
2030,Argentina,0.0,curt_hydro,prm15_fix_wcost_re6_c2p1_tnt1
2030,Brazil,2.846057939586933,curt_hydro,prm15_fix_wcost_re6_c2p1_tnt1
2030,Chile,0.0,curt_hydro,prm15_fix_wcost_re6_c2p1_tnt1
2030,Paraguay,37.0118488575,curt_hydro,prm15_fix_wcost_re6_c2p1_tnt1
2030,Uruguay,0.0,curt_hydro,prm15_fix_wcost_re6_c2p1_tnt1
2035,Argentina,0.0,curt_hydro,prm15_fix_wcost_re6_c2p1_tnt1
2035,Brazil,0.0,curt_hydro,prm15_fix_wcost_re6_c2p1_tnt1
2035,Chile,0.0,curt_hydro,prm15_fix_wcost_re6_c2p1_tnt1
2035,Paraguay,27.393214882499986,curt_hydro,prm15_fix_wcost_re6_c2p1_tnt1
2035,Uruguay,0.0,curt_hydro,prm15_fix_wcost_re6_c2p1_tnt1
2040,Argentina,0.0,curt_hydro,prm15_fix_wcost_re6_c2p1_tnt1
2040,Brazil,0.0,curt_hydro,prm15_fix_wcost_re6_c2p1_tnt1
2040,Chile,0.0,curt_hydro,prm15_fix_wcost_re6_c2p1_tnt1
2040,Paraguay,15.187114357499986,curt_hydro,prm15_fix_wcost_re6_c2p1_tnt1
2040,Uruguay,0.0,curt_hydro,prm15_fix_wcost_re6_c2p1_tnt1
2045,Argentina,0.0,curt_hydro,prm15_fix_wcost_re6_c2p1_tnt1
2045,Brazil,0.0,curt_hydro,prm15_fix_wcost_re6_c2p1_tnt1
2045,Chile,0.0,curt_hydro,prm15_fix_wcost_re6_c2p1_tnt1
2045,Paraguay,4.507885975581013,curt_hydro,prm15_fix_wcost_re6_c2p1_tnt1
2045,Uruguay,0.17054809505901175,curt_hydro,prm15_fix_wcost_re6_c2p1_tnt1
2050,Argentina,0.0,curt_hydro,prm15_fix_wcost_re6_c2p1_tnt1
2050,Brazil,0.0,curt_hydro,prm15_fix_wcost_re6_c2p1_tnt1
2050,Chile,0.0,curt_hydro,prm15_fix_wcost_re6_c2p1_tnt1
2050,Paraguay,0.6074894077423825,curt_hydro,prm15_fix_wcost_re6_c2p1_tnt1
2050,Uruguay,0.34823353009358937,curt_hydro,prm15_fix_wcost_re6_c2p1_tnt1
2020,Argentina,0.0,curt_hydro,prm15_fix_wcost_re7_c2p1_co2_cut90p_tnt1
2020,Brazil,2.104018884137624,curt_hydro,prm15_fix_wcost_re7_c2p1_co2_cut90p_tnt1
2020,Chile,0.0,curt_hydro,prm15_fix_wcost_re7_c2p1_co2_cut90p_tnt1
2020,Paraguay,49.10975958724997,curt_hydro,prm15_fix_wcost_re7_c2p1_co2_cut90p_tnt1
2020,Uruguay,0.0,curt_hydro,prm15_fix_wcost_re7_c2p1_co2_cut90p_tnt1
2025,Argentina,0.0,curt_hydro,prm15_fix_wcost_re7_c2p1_co2_cut90p_tnt1
2025,Brazil,5.659016407106338,curt_hydro,prm15_fix_wcost_re7_c2p1_co2_cut90p_tnt1
2025,Chile,0.0,curt_hydro,prm15_fix_wcost_re7_c2p1_co2_cut90p_tnt1
2025,Paraguay,44.389782534999995,curt_hydro,prm15_fix_wcost_re7_c2p1_co2_cut90p_tnt1
2025,Uruguay,0.0,curt_hydro,prm15_fix_wcost_re7_c2p1_co2_cut90p_tnt1
2030,Argentina,0.0,curt_hydro,prm15_fix_wcost_re7_c2p1_co2_cut90p_tnt1
2030,Brazil,5.001846208291306,curt_hydro,prm15_fix_wcost_re7_c2p1_co2_cut90p_tnt1
2030,Chile,0.0,curt_hydro,prm15_fix_wcost_re7_c2p1_co2_cut90p_tnt1
2030,Paraguay,37.01182881,curt_hydro,prm15_fix_wcost_re7_c2p1_co2_cut90p_tnt1
2030,Uruguay,0.0,curt_hydro,prm15_fix_wcost_re7_c2p1_co2_cut90p_tnt1
2035,Argentina,2.6082303293188573,curt_hydro,prm15_fix_wcost_re7_c2p1_co2_cut90p_tnt1
2035,Brazil,11.836238729140616,curt_hydro,prm15_fix_wcost_re7_c2p1_co2_cut90p_tnt1
2035,Chile,0.0,curt_hydro,prm15_fix_wcost_re7_c2p1_co2_cut90p_tnt1
2035,Paraguay,27.393509242499984,curt_hydro,prm15_fix_wcost_re7_c2p1_co2_cut90p_tnt1
2035,Uruguay,0.0,curt_hydro,prm15_fix_wcost_re7_c2p1_co2_cut90p_tnt1
2040,Argentina,13.932249068687794,curt_hydro,prm15_fix_wcost_re7_c2p1_co2_cut90p_tnt1
2040,Brazil,17.267566109408204,curt_hydro,prm15_fix_wcost_re7_c2p1_co2_cut90p_tnt1
2040,Chile,0.7039067171665887,curt_hydro,prm15_fix_wcost_re7_c2p1_co2_cut90p_tnt1
2040,Paraguay,15.187899837499984,curt_hydro,prm15_fix_wcost_re7_c2p1_co2_cut90p_tnt1
2040,Uruguay,0.028535964316029894,curt_hydro,prm15_fix_wcost_re7_c2p1_co2_cut90p_tnt1
2045,Argentina,21.967631301905627,curt_hydro,prm15_fix_wcost_re7_c2p1_co2_cut90p_tnt1
2045,Brazil,27.311276136422485,curt_hydro,prm15_fix_wcost_re7_c2p1_co2_cut90p_tnt1
2045,Chile,1.3815850845626119,curt_hydro,prm15_fix_wcost_re7_c2p1_co2_cut90p_tnt1
2045,Paraguay,5.029400165558469,curt_hydro,prm15_fix_wcost_re7_c2p1_co2_cut90p_tnt1
2045,Uruguay,0.42541620496822663,curt_hydro,prm15_fix_wcost_re7_c2p1_co2_cut90p_tnt1
2050,Argentina,34.061060684324794,curt_hydro,prm15_fix_wcost_re7_c2p1_co2_cut90p_tnt1
2050,Brazil,35.37679505825016,curt_hydro,prm15_fix_wcost_re7_c2p1_co2_cut90p_tnt1
2050,Chile,1.3569410921916372,curt_hydro,prm15_fix_wcost_re7_c2p1_co2_cut90p_tnt1
2050,Paraguay,2.322061153894566,curt_hydro,prm15_fix_wcost_re7_c2p1_co2_cut90p_tnt1
2050,Uruguay,0.5017152120960389,curt_hydro,prm15_fix_wcost_re7_c2p1_co2_cut90p_tnt1
2020,Argentina,0.0,curt_hydro,prm15_fix_wcost_re7_c2p1_tnt1
2020,Brazil,2.1559378421254416,curt_hydro,prm15_fix_wcost_re7_c2p1_tnt1
2020,Chile,0.0,curt_hydro,prm15_fix_wcost_re7_c2p1_tnt1
2020,Paraguay,49.109759587249975,curt_hydro,prm15_fix_wcost_re7_c2p1_tnt1
2020,Uruguay,0.0,curt_hydro,prm15_fix_wcost_re7_c2p1_tnt1
2025,Argentina,0.0,curt_hydro,prm15_fix_wcost_re7_c2p1_tnt1
2025,Brazil,4.183190674878434,curt_hydro,prm15_fix_wcost_re7_c2p1_tnt1
2025,Chile,0.0,curt_hydro,prm15_fix_wcost_re7_c2p1_tnt1
2025,Paraguay,44.38977882249999,curt_hydro,prm15_fix_wcost_re7_c2p1_tnt1
2025,Uruguay,0.0,curt_hydro,prm15_fix_wcost_re7_c2p1_tnt1
2030,Argentina,0.0,curt_hydro,prm15_fix_wcost_re7_c2p1_tnt1
2030,Brazil,3.6688079860389644,curt_hydro,prm15_fix_wcost_re7_c2p1_tnt1
2030,Chile,0.0,curt_hydro,prm15_fix_wcost_re7_c2p1_tnt1
2030,Paraguay,37.01184916,curt_hydro,prm15_fix_wcost_re7_c2p1_tnt1
2030,Uruguay,0.0,curt_hydro,prm15_fix_wcost_re7_c2p1_tnt1
2035,Argentina,0.0,curt_hydro,prm15_fix_wcost_re7_c2p1_tnt1
2035,Brazil,0.0,curt_hydro,prm15_fix_wcost_re7_c2p1_tnt1
2035,Chile,0.0,curt_hydro,prm15_fix_wcost_re7_c2p1_tnt1
2035,Paraguay,27.39321818249999,curt_hydro,prm15_fix_wcost_re7_c2p1_tnt1
2035,Uruguay,0.0,curt_hydro,prm15_fix_wcost_re7_c2p1_tnt1
2040,Argentina,0.0,curt_hydro,prm15_fix_wcost_re7_c2p1_tnt1
2040,Brazil,0.0,curt_hydro,prm15_fix_wcost_re7_c2p1_tnt1
2040,Chile,0.0,curt_hydro,prm15_fix_wcost_re7_c2p1_tnt1
2040,Paraguay,15.187110947499987,curt_hydro,prm15_fix_wcost_re7_c2p1_tnt1
2040,Uruguay,0.0,curt_hydro,prm15_fix_wcost_re7_c2p1_tnt1
2045,Argentina,0.0,curt_hydro,prm15_fix_wcost_re7_c2p1_tnt1
2045,Brazil,0.0,curt_hydro,prm15_fix_wcost_re7_c2p1_tnt1
2045,Chile,0.0,curt_hydro,prm15_fix_wcost_re7_c2p1_tnt1
2045,Paraguay,4.526350652083392,curt_hydro,prm15_fix_wcost_re7_c2p1_tnt1
2045,Uruguay,0.0,curt_hydro,prm15_fix_wcost_re7_c2p1_tnt1
2050,Argentina,0.0,curt_hydro,prm15_fix_wcost_re7_c2p1_tnt1
2050,Brazil,0.0,curt_hydro,prm15_fix_wcost_re7_c2p1_tnt1
2050,Chile,0.0,curt_hydro,prm15_fix_wcost_re7_c2p1_tnt1
2050,Paraguay,0.5519259099999902,curt_hydro,prm15_fix_wcost_re7_c2p1_tnt1
2050,Uruguay,0.26958974600599517,curt_hydro,prm15_fix_wcost_re7_c2p1_tnt1
2020,Argentina,0.0,curt_hydro,prm15_fix_wcost_re8_c2p1_co2_cut90p_tnt1
2020,Brazil,2.0921428287564865,curt_hydro,prm15_fix_wcost_re8_c2p1_co2_cut90p_tnt1
2020,Chile,0.0,curt_hydro,prm15_fix_wcost_re8_c2p1_co2_cut90p_tnt1
2020,Paraguay,49.10975958724998,curt_hydro,prm15_fix_wcost_re8_c2p1_co2_cut90p_tnt1
2020,Uruguay,0.0,curt_hydro,prm15_fix_wcost_re8_c2p1_co2_cut90p_tnt1
2025,Argentina,0.0,curt_hydro,prm15_fix_wcost_re8_c2p1_co2_cut90p_tnt1
2025,Brazil,5.233049700245147,curt_hydro,prm15_fix_wcost_re8_c2p1_co2_cut90p_tnt1
2025,Chile,0.0,curt_hydro,prm15_fix_wcost_re8_c2p1_co2_cut90p_tnt1
2025,Paraguay,44.38977912499999,curt_hydro,prm15_fix_wcost_re8_c2p1_co2_cut90p_tnt1
2025,Uruguay,0.0,curt_hydro,prm15_fix_wcost_re8_c2p1_co2_cut90p_tnt1
2030,Argentina,0.0,curt_hydro,prm15_fix_wcost_re8_c2p1_co2_cut90p_tnt1
2030,Brazil,6.201319997736671,curt_hydro,prm15_fix_wcost_re8_c2p1_co2_cut90p_tnt1
2030,Chile,0.0,curt_hydro,prm15_fix_wcost_re8_c2p1_co2_cut90p_tnt1
2030,Paraguay,37.0118488575,curt_hydro,prm15_fix_wcost_re8_c2p1_co2_cut90p_tnt1
2030,Uruguay,0.0,curt_hydro,prm15_fix_wcost_re8_c2p1_co2_cut90p_tnt1
2035,Argentina,0.9838354815115808,curt_hydro,prm15_fix_wcost_re8_c2p1_co2_cut90p_tnt1
2035,Brazil,10.46810221580331,curt_hydro,prm15_fix_wcost_re8_c2p1_co2_cut90p_tnt1
2035,Chile,0.0,curt_hydro,prm15_fix_wcost_re8_c2p1_co2_cut90p_tnt1
2035,Paraguay,27.393208584999986,curt_hydro,prm15_fix_wcost_re8_c2p1_co2_cut90p_tnt1
2035,Uruguay,0.0,curt_hydro,prm15_fix_wcost_re8_c2p1_co2_cut90p_tnt1
2040,Argentina,15.471100642659659,curt_hydro,prm15_fix_wcost_re8_c2p1_co2_cut90p_tnt1
2040,Brazil,15.459740893424355,curt_hydro,prm15_fix_wcost_re8_c2p1_co2_cut90p_tnt1
2040,Chile,1.4532136351238165,curt_hydro,prm15_fix_wcost_re8_c2p1_co2_cut90p_tnt1
2040,Paraguay,15.608337366406886,curt_hydro,prm15_fix_wcost_re8_c2p1_co2_cut90p_tnt1
2040,Uruguay,0.12770655474193543,curt_hydro,prm15_fix_wcost_re8_c2p1_co2_cut90p_tnt1
2045,Argentina,28.975009869409924,curt_hydro,prm15_fix_wcost_re8_c2p1_co2_cut90p_tnt1
2045,Brazil,20.0857653323729,curt_hydro,prm15_fix_wcost_re8_c2p1_co2_cut90p_tnt1
2045,Chile,1.875333293294276,curt_hydro,prm15_fix_wcost_re8_c2p1_co2_cut90p_tnt1
2045,Paraguay,4.805407215227029,curt_hydro,prm15_fix_wcost_re8_c2p1_co2_cut90p_tnt1
2045,Uruguay,0.37152072430589744,curt_hydro,prm15_fix_wcost_re8_c2p1_co2_cut90p_tnt1
2050,Argentina,35.58428784329241,curt_hydro,prm15_fix_wcost_re8_c2p1_co2_cut90p_tnt1
2050,Brazil,27.38510305368067,curt_hydro,prm15_fix_wcost_re8_c2p1_co2_cut90p_tnt1
2050,Chile,1.2972071060148274,curt_hydro,prm15_fix_wcost_re8_c2p1_co2_cut90p_tnt1
2050,Paraguay,1.9608282070932852,curt_hydro,prm15_fix_wcost_re8_c2p1_co2_cut90p_tnt1
2050,Uruguay,0.4767173817771452,curt_hydro,prm15_fix_wcost_re8_c2p1_co2_cut90p_tnt1
2020,Argentina,0.0,curt_hydro,prm15_fix_wcost_re8_c2p1_tnt1
2020,Brazil,2.102294917567863,curt_hydro,prm15_fix_wcost_re8_c2p1_tnt1
2020,Chile,0.0,curt_hydro,prm15_fix_wcost_re8_c2p1_tnt1
2020,Paraguay,49.10975958724998,curt_hydro,prm15_fix_wcost_re8_c2p1_tnt1
2020,Uruguay,0.0,curt_hydro,prm15_fix_wcost_re8_c2p1_tnt1
2025,Argentina,0.0,curt_hydro,prm15_fix_wcost_re8_c2p1_tnt1
2025,Brazil,4.439320048796833,curt_hydro,prm15_fix_wcost_re8_c2p1_tnt1
2025,Chile,0.0,curt_hydro,prm15_fix_wcost_re8_c2p1_tnt1
2025,Paraguay,44.389785642499994,curt_hydro,prm15_fix_wcost_re8_c2p1_tnt1
2025,Uruguay,0.0,curt_hydro,prm15_fix_wcost_re8_c2p1_tnt1
2030,Argentina,0.0,curt_hydro,prm15_fix_wcost_re8_c2p1_tnt1
2030,Brazil,4.012112466616078,curt_hydro,prm15_fix_wcost_re8_c2p1_tnt1
2030,Chile,0.0,curt_hydro,prm15_fix_wcost_re8_c2p1_tnt1
2030,Paraguay,37.0118422575,curt_hydro,prm15_fix_wcost_re8_c2p1_tnt1
2030,Uruguay,0.0,curt_hydro,prm15_fix_wcost_re8_c2p1_tnt1
2035,Argentina,0.0,curt_hydro,prm15_fix_wcost_re8_c2p1_tnt1
2035,Brazil,0.0,curt_hydro,prm15_fix_wcost_re8_c2p1_tnt1
2035,Chile,0.0,curt_hydro,prm15_fix_wcost_re8_c2p1_tnt1
2035,Paraguay,27.393221592499984,curt_hydro,prm15_fix_wcost_re8_c2p1_tnt1
2035,Uruguay,0.0,curt_hydro,prm15_fix_wcost_re8_c2p1_tnt1
2040,Argentina,0.0,curt_hydro,prm15_fix_wcost_re8_c2p1_tnt1
2040,Brazil,0.0,curt_hydro,prm15_fix_wcost_re8_c2p1_tnt1
2040,Chile,0.0,curt_hydro,prm15_fix_wcost_re8_c2p1_tnt1
2040,Paraguay,15.187111249999987,curt_hydro,prm15_fix_wcost_re8_c2p1_tnt1
2040,Uruguay,0.0,curt_hydro,prm15_fix_wcost_re8_c2p1_tnt1
2045,Argentina,0.0,curt_hydro,prm15_fix_wcost_re8_c2p1_tnt1
2045,Brazil,0.0,curt_hydro,prm15_fix_wcost_re8_c2p1_tnt1
2045,Chile,0.0,curt_hydro,prm15_fix_wcost_re8_c2p1_tnt1
2045,Paraguay,4.524675014640193,curt_hydro,prm15_fix_wcost_re8_c2p1_tnt1
2045,Uruguay,0.0,curt_hydro,prm15_fix_wcost_re8_c2p1_tnt1
2050,Argentina,0.0,curt_hydro,prm15_fix_wcost_re8_c2p1_tnt1
2050,Brazil,0.0,curt_hydro,prm15_fix_wcost_re8_c2p1_tnt1
2050,Chile,0.0,curt_hydro,prm15_fix_wcost_re8_c2p1_tnt1
2050,Paraguay,0.5561596599999901,curt_hydro,prm15_fix_wcost_re8_c2p1_tnt1
2050,Uruguay,0.0,curt_hydro,prm15_fix_wcost_re8_c2p1_tnt1
2020,Argentina,0.0,curt_hydro,prm15_fix_wcost_re9_c2p1_co2_cut90p_tnt1
2020,Brazil,1.4958186620000125,curt_hydro,prm15_fix_wcost_re9_c2p1_co2_cut90p_tnt1
2020,Chile,0.0,curt_hydro,prm15_fix_wcost_re9_c2p1_co2_cut90p_tnt1
2020,Paraguay,49.10951227974998,curt_hydro,prm15_fix_wcost_re9_c2p1_co2_cut90p_tnt1
2020,Uruguay,0.15176090999999978,curt_hydro,prm15_fix_wcost_re9_c2p1_co2_cut90p_tnt1
2025,Argentina,0.0,curt_hydro,prm15_fix_wcost_re9_c2p1_co2_cut90p_tnt1
2025,Brazil,3.974170746625089,curt_hydro,prm15_fix_wcost_re9_c2p1_co2_cut90p_tnt1
2025,Chile,0.0,curt_hydro,prm15_fix_wcost_re9_c2p1_co2_cut90p_tnt1
2025,Paraguay,44.38992074999999,curt_hydro,prm15_fix_wcost_re9_c2p1_co2_cut90p_tnt1
2025,Uruguay,0.0,curt_hydro,prm15_fix_wcost_re9_c2p1_co2_cut90p_tnt1
2030,Argentina,0.0,curt_hydro,prm15_fix_wcost_re9_c2p1_co2_cut90p_tnt1
2030,Brazil,1.4041340513216745,curt_hydro,prm15_fix_wcost_re9_c2p1_co2_cut90p_tnt1
2030,Chile,0.0,curt_hydro,prm15_fix_wcost_re9_c2p1_co2_cut90p_tnt1
2030,Paraguay,37.012603924999986,curt_hydro,prm15_fix_wcost_re9_c2p1_co2_cut90p_tnt1
2030,Uruguay,0.0,curt_hydro,prm15_fix_wcost_re9_c2p1_co2_cut90p_tnt1
2035,Argentina,0.05737031857607736,curt_hydro,prm15_fix_wcost_re9_c2p1_co2_cut90p_tnt1
2035,Brazil,2.004802628660951,curt_hydro,prm15_fix_wcost_re9_c2p1_co2_cut90p_tnt1
2035,Chile,0.19432333250198297,curt_hydro,prm15_fix_wcost_re9_c2p1_co2_cut90p_tnt1
2035,Paraguay,27.393773159999988,curt_hydro,prm15_fix_wcost_re9_c2p1_co2_cut90p_tnt1
2035,Uruguay,0.15814192695198498,curt_hydro,prm15_fix_wcost_re9_c2p1_co2_cut90p_tnt1
2040,Argentina,0.3983442860000004,curt_hydro,prm15_fix_wcost_re9_c2p1_co2_cut90p_tnt1
2040,Brazil,1.8775113602000044,curt_hydro,prm15_fix_wcost_re9_c2p1_co2_cut90p_tnt1
2040,Chile,0.02528920000000009,curt_hydro,prm15_fix_wcost_re9_c2p1_co2_cut90p_tnt1
2040,Paraguay,15.188488402499994,curt_hydro,prm15_fix_wcost_re9_c2p1_co2_cut90p_tnt1
2040,Uruguay,0.0,curt_hydro,prm15_fix_wcost_re9_c2p1_co2_cut90p_tnt1
2045,Argentina,0.11120890150000072,curt_hydro,prm15_fix_wcost_re9_c2p1_co2_cut90p_tnt1
2045,Brazil,1.7230074658000052,curt_hydro,prm15_fix_wcost_re9_c2p1_co2_cut90p_tnt1
2045,Chile,0.016853200000000068,curt_hydro,prm15_fix_wcost_re9_c2p1_co2_cut90p_tnt1
2045,Paraguay,4.4868077399999855,curt_hydro,prm15_fix_wcost_re9_c2p1_co2_cut90p_tnt1
2045,Uruguay,0.0,curt_hydro,prm15_fix_wcost_re9_c2p1_co2_cut90p_tnt1
2050,Argentina,0.18378087600000056,curt_hydro,prm15_fix_wcost_re9_c2p1_co2_cut90p_tnt1
2050,Brazil,2.447654345000006,curt_hydro,prm15_fix_wcost_re9_c2p1_co2_cut90p_tnt1
2050,Chile,0.050597200000000155,curt_hydro,prm15_fix_wcost_re9_c2p1_co2_cut90p_tnt1
2050,Paraguay,3.2436264933399857,curt_hydro,prm15_fix_wcost_re9_c2p1_co2_cut90p_tnt1
2050,Uruguay,0.0,curt_hydro,prm15_fix_wcost_re9_c2p1_co2_cut90p_tnt1
2020,Argentina,0.0,curt_hydro,prm15_fix_wcost_re9_c2p1_tnt1
2020,Brazil,2.128021358411384,curt_hydro,prm15_fix_wcost_re9_c2p1_tnt1
2020,Chile,0.0,curt_hydro,prm15_fix_wcost_re9_c2p1_tnt1
2020,Paraguay,49.10975958724997,curt_hydro,prm15_fix_wcost_re9_c2p1_tnt1
2020,Uruguay,0.0,curt_hydro,prm15_fix_wcost_re9_c2p1_tnt1
2025,Argentina,0.0,curt_hydro,prm15_fix_wcost_re9_c2p1_tnt1
2025,Brazil,4.441742782540972,curt_hydro,prm15_fix_wcost_re9_c2p1_tnt1
2025,Chile,0.0,curt_hydro,prm15_fix_wcost_re9_c2p1_tnt1
2025,Paraguay,44.38978223249999,curt_hydro,prm15_fix_wcost_re9_c2p1_tnt1
2025,Uruguay,0.0,curt_hydro,prm15_fix_wcost_re9_c2p1_tnt1
2030,Argentina,0.0,curt_hydro,prm15_fix_wcost_re9_c2p1_tnt1
2030,Brazil,4.126175978974046,curt_hydro,prm15_fix_wcost_re9_c2p1_tnt1
2030,Chile,0.0,curt_hydro,prm15_fix_wcost_re9_c2p1_tnt1
2030,Paraguay,37.01184574999999,curt_hydro,prm15_fix_wcost_re9_c2p1_tnt1
2030,Uruguay,0.0,curt_hydro,prm15_fix_wcost_re9_c2p1_tnt1
2035,Argentina,0.0,curt_hydro,prm15_fix_wcost_re9_c2p1_tnt1
2035,Brazil,0.0,curt_hydro,prm15_fix_wcost_re9_c2p1_tnt1
2035,Chile,0.0,curt_hydro,prm15_fix_wcost_re9_c2p1_tnt1
2035,Paraguay,27.393221592499987,curt_hydro,prm15_fix_wcost_re9_c2p1_tnt1
2035,Uruguay,0.0,curt_hydro,prm15_fix_wcost_re9_c2p1_tnt1
2040,Argentina,0.0,curt_hydro,prm15_fix_wcost_re9_c2p1_tnt1
2040,Brazil,0.03746031819941322,curt_hydro,prm15_fix_wcost_re9_c2p1_tnt1
2040,Chile,0.0,curt_hydro,prm15_fix_wcost_re9_c2p1_tnt1
2040,Paraguay,15.18711113999999,curt_hydro,prm15_fix_wcost_re9_c2p1_tnt1
2040,Uruguay,0.0,curt_hydro,prm15_fix_wcost_re9_c2p1_tnt1
2045,Argentina,0.0,curt_hydro,prm15_fix_wcost_re9_c2p1_tnt1
2045,Brazil,0.0,curt_hydro,prm15_fix_wcost_re9_c2p1_tnt1
2045,Chile,0.0,curt_hydro,prm15_fix_wcost_re9_c2p1_tnt1
2045,Paraguay,4.4991110958626095,curt_hydro,prm15_fix_wcost_re9_c2p1_tnt1
2045,Uruguay,0.0,curt_hydro,prm15_fix_wcost_re9_c2p1_tnt1
2050,Argentina,0.0,curt_hydro,prm15_fix_wcost_re9_c2p1_tnt1
2050,Brazil,0.0,curt_hydro,prm15_fix_wcost_re9_c2p1_tnt1
2050,Chile,0.0,curt_hydro,prm15_fix_wcost_re9_c2p1_tnt1
2050,Paraguay,0.5558016099999897,curt_hydro,prm15_fix_wcost_re9_c2p1_tnt1
2050,Uruguay,0.0,curt_hydro,prm15_fix_wcost_re9_c2p1_tnt1
2020,Argentina,0.0,curt_hydro,prm15_fix_wcost_re10_c2p1_co2_cut90p_tnt1
2020,Brazil,2.051052963315022,curt_hydro,prm15_fix_wcost_re10_c2p1_co2_cut90p_tnt1
2020,Chile,0.0,curt_hydro,prm15_fix_wcost_re10_c2p1_co2_cut90p_tnt1
2020,Paraguay,49.10975617724997,curt_hydro,prm15_fix_wcost_re10_c2p1_co2_cut90p_tnt1
2020,Uruguay,0.0,curt_hydro,prm15_fix_wcost_re10_c2p1_co2_cut90p_tnt1
2025,Argentina,0.0,curt_hydro,prm15_fix_wcost_re10_c2p1_co2_cut90p_tnt1
2025,Brazil,6.035744504320463,curt_hydro,prm15_fix_wcost_re10_c2p1_co2_cut90p_tnt1
2025,Chile,0.0,curt_hydro,prm15_fix_wcost_re10_c2p1_co2_cut90p_tnt1
2025,Paraguay,44.38977912499999,curt_hydro,prm15_fix_wcost_re10_c2p1_co2_cut90p_tnt1
2025,Uruguay,0.0,curt_hydro,prm15_fix_wcost_re10_c2p1_co2_cut90p_tnt1
2030,Argentina,0.0,curt_hydro,prm15_fix_wcost_re10_c2p1_co2_cut90p_tnt1
2030,Brazil,3.8173009490995122,curt_hydro,prm15_fix_wcost_re10_c2p1_co2_cut90p_tnt1
2030,Chile,0.0,curt_hydro,prm15_fix_wcost_re10_c2p1_co2_cut90p_tnt1
2030,Paraguay,37.011838847499995,curt_hydro,prm15_fix_wcost_re10_c2p1_co2_cut90p_tnt1
2030,Uruguay,0.0,curt_hydro,prm15_fix_wcost_re10_c2p1_co2_cut90p_tnt1
2035,Argentina,3.5050414607648968,curt_hydro,prm15_fix_wcost_re10_c2p1_co2_cut90p_tnt1
2035,Brazil,10.11325045687039,curt_hydro,prm15_fix_wcost_re10_c2p1_co2_cut90p_tnt1
2035,Chile,0.0,curt_hydro,prm15_fix_wcost_re10_c2p1_co2_cut90p_tnt1
2035,Paraguay,27.393650712499984,curt_hydro,prm15_fix_wcost_re10_c2p1_co2_cut90p_tnt1
2035,Uruguay,0.005419507647504359,curt_hydro,prm15_fix_wcost_re10_c2p1_co2_cut90p_tnt1
2040,Argentina,10.91328569631654,curt_hydro,prm15_fix_wcost_re10_c2p1_co2_cut90p_tnt1
2040,Brazil,18.743740714062994,curt_hydro,prm15_fix_wcost_re10_c2p1_co2_cut90p_tnt1
2040,Chile,0.23319903619982763,curt_hydro,prm15_fix_wcost_re10_c2p1_co2_cut90p_tnt1
2040,Paraguay,15.188022837499984,curt_hydro,prm15_fix_wcost_re10_c2p1_co2_cut90p_tnt1
2040,Uruguay,0.13419609014258815,curt_hydro,prm15_fix_wcost_re10_c2p1_co2_cut90p_tnt1
2045,Argentina,19.09324204876209,curt_hydro,prm15_fix_wcost_re10_c2p1_co2_cut90p_tnt1
2045,Brazil,30.942652300390023,curt_hydro,prm15_fix_wcost_re10_c2p1_co2_cut90p_tnt1
2045,Chile,1.5306505814115625,curt_hydro,prm15_fix_wcost_re10_c2p1_co2_cut90p_tnt1
2045,Paraguay,4.779143093932569,curt_hydro,prm15_fix_wcost_re10_c2p1_co2_cut90p_tnt1
2045,Uruguay,0.3847705293553937,curt_hydro,prm15_fix_wcost_re10_c2p1_co2_cut90p_tnt1
2050,Argentina,30.425276590183017,curt_hydro,prm15_fix_wcost_re10_c2p1_co2_cut90p_tnt1
2050,Brazil,45.151720203857025,curt_hydro,prm15_fix_wcost_re10_c2p1_co2_cut90p_tnt1
2050,Chile,1.7631323464434996,curt_hydro,prm15_fix_wcost_re10_c2p1_co2_cut90p_tnt1
2050,Paraguay,1.6774072442976318,curt_hydro,prm15_fix_wcost_re10_c2p1_co2_cut90p_tnt1
2050,Uruguay,0.5011301892272406,curt_hydro,prm15_fix_wcost_re10_c2p1_co2_cut90p_tnt1
2020,Argentina,0.0,curt_hydro,prm15_fix_wcost_re10_c2p1_tnt1
2020,Brazil,2.0709637348597516,curt_hydro,prm15_fix_wcost_re10_c2p1_tnt1
2020,Chile,0.0,curt_hydro,prm15_fix_wcost_re10_c2p1_tnt1
2020,Paraguay,49.109759587249975,curt_hydro,prm15_fix_wcost_re10_c2p1_tnt1
2020,Uruguay,0.0,curt_hydro,prm15_fix_wcost_re10_c2p1_tnt1
2025,Argentina,0.0,curt_hydro,prm15_fix_wcost_re10_c2p1_tnt1
2025,Brazil,5.2982636409960095,curt_hydro,prm15_fix_wcost_re10_c2p1_tnt1
2025,Chile,0.0,curt_hydro,prm15_fix_wcost_re10_c2p1_tnt1
2025,Paraguay,44.38978564249999,curt_hydro,prm15_fix_wcost_re10_c2p1_tnt1
2025,Uruguay,0.0,curt_hydro,prm15_fix_wcost_re10_c2p1_tnt1
2030,Argentina,0.0,curt_hydro,prm15_fix_wcost_re10_c2p1_tnt1
2030,Brazil,2.7721335539363587,curt_hydro,prm15_fix_wcost_re10_c2p1_tnt1
2030,Chile,0.0,curt_hydro,prm15_fix_wcost_re10_c2p1_tnt1
2030,Paraguay,37.0118454475,curt_hydro,prm15_fix_wcost_re10_c2p1_tnt1
2030,Uruguay,0.0,curt_hydro,prm15_fix_wcost_re10_c2p1_tnt1
2035,Argentina,0.0,curt_hydro,prm15_fix_wcost_re10_c2p1_tnt1
2035,Brazil,0.0,curt_hydro,prm15_fix_wcost_re10_c2p1_tnt1
2035,Chile,0.0,curt_hydro,prm15_fix_wcost_re10_c2p1_tnt1
2035,Paraguay,27.393221592499987,curt_hydro,prm15_fix_wcost_re10_c2p1_tnt1
2035,Uruguay,0.0,curt_hydro,prm15_fix_wcost_re10_c2p1_tnt1
2040,Argentina,0.0,curt_hydro,prm15_fix_wcost_re10_c2p1_tnt1
2040,Brazil,0.0,curt_hydro,prm15_fix_wcost_re10_c2p1_tnt1
2040,Chile,0.0,curt_hydro,prm15_fix_wcost_re10_c2p1_tnt1
2040,Paraguay,15.187114357499986,curt_hydro,prm15_fix_wcost_re10_c2p1_tnt1
2040,Uruguay,0.0,curt_hydro,prm15_fix_wcost_re10_c2p1_tnt1
2045,Argentina,0.0,curt_hydro,prm15_fix_wcost_re10_c2p1_tnt1
2045,Brazil,0.0,curt_hydro,prm15_fix_wcost_re10_c2p1_tnt1
2045,Chile,0.0,curt_hydro,prm15_fix_wcost_re10_c2p1_tnt1
2045,Paraguay,4.522753497885921,curt_hydro,prm15_fix_wcost_re10_c2p1_tnt1
2045,Uruguay,0.0,curt_hydro,prm15_fix_wcost_re10_c2p1_tnt1
2050,Argentina,0.0,curt_hydro,prm15_fix_wcost_re10_c2p1_tnt1
2050,Brazil,0.0,curt_hydro,prm15_fix_wcost_re10_c2p1_tnt1
2050,Chile,0.0,curt_hydro,prm15_fix_wcost_re10_c2p1_tnt1
2050,Paraguay,1.1674071899349707,curt_hydro,prm15_fix_wcost_re10_c2p1_tnt1
2050,Uruguay,0.3760521200935202,curt_hydro,prm15_fix_wcost_re10_c2p1_tnt1
2020,Argentina,0.0,curt_hydro,prm15_fix_wcost_re11_c2p1_co2_cut90p_tnt1
2020,Brazil,2.062640125917441,curt_hydro,prm15_fix_wcost_re11_c2p1_co2_cut90p_tnt1
2020,Chile,0.0,curt_hydro,prm15_fix_wcost_re11_c2p1_co2_cut90p_tnt1
2020,Paraguay,49.10975958724998,curt_hydro,prm15_fix_wcost_re11_c2p1_co2_cut90p_tnt1
2020,Uruguay,0.0,curt_hydro,prm15_fix_wcost_re11_c2p1_co2_cut90p_tnt1
2025,Argentina,0.0,curt_hydro,prm15_fix_wcost_re11_c2p1_co2_cut90p_tnt1
2025,Brazil,5.877185053447702,curt_hydro,prm15_fix_wcost_re11_c2p1_co2_cut90p_tnt1
2025,Chile,0.0,curt_hydro,prm15_fix_wcost_re11_c2p1_co2_cut90p_tnt1
2025,Paraguay,44.389778932499986,curt_hydro,prm15_fix_wcost_re11_c2p1_co2_cut90p_tnt1
2025,Uruguay,0.0,curt_hydro,prm15_fix_wcost_re11_c2p1_co2_cut90p_tnt1
2030,Argentina,0.0,curt_hydro,prm15_fix_wcost_re11_c2p1_co2_cut90p_tnt1
2030,Brazil,2.8158009792832788,curt_hydro,prm15_fix_wcost_re11_c2p1_co2_cut90p_tnt1
2030,Chile,0.0,curt_hydro,prm15_fix_wcost_re11_c2p1_co2_cut90p_tnt1
2030,Paraguay,37.0118422575,curt_hydro,prm15_fix_wcost_re11_c2p1_co2_cut90p_tnt1
2030,Uruguay,0.0,curt_hydro,prm15_fix_wcost_re11_c2p1_co2_cut90p_tnt1
2035,Argentina,5.7383702442119064,curt_hydro,prm15_fix_wcost_re11_c2p1_co2_cut90p_tnt1
2035,Brazil,5.902110677351598,curt_hydro,prm15_fix_wcost_re11_c2p1_co2_cut90p_tnt1
2035,Chile,0.0,curt_hydro,prm15_fix_wcost_re11_c2p1_co2_cut90p_tnt1
2035,Paraguay,27.39355423499999,curt_hydro,prm15_fix_wcost_re11_c2p1_co2_cut90p_tnt1
2035,Uruguay,0.0,curt_hydro,prm15_fix_wcost_re11_c2p1_co2_cut90p_tnt1
2040,Argentina,16.583068446497187,curt_hydro,prm15_fix_wcost_re11_c2p1_co2_cut90p_tnt1
2040,Brazil,12.067738124536788,curt_hydro,prm15_fix_wcost_re11_c2p1_co2_cut90p_tnt1
2040,Chile,0.0,curt_hydro,prm15_fix_wcost_re11_c2p1_co2_cut90p_tnt1
2040,Paraguay,15.188022459999987,curt_hydro,prm15_fix_wcost_re11_c2p1_co2_cut90p_tnt1
2040,Uruguay,0.030879004348908078,curt_hydro,prm15_fix_wcost_re11_c2p1_co2_cut90p_tnt1
2045,Argentina,22.582963881283064,curt_hydro,prm15_fix_wcost_re11_c2p1_co2_cut90p_tnt1
2045,Brazil,27.800476910970524,curt_hydro,prm15_fix_wcost_re11_c2p1_co2_cut90p_tnt1
2045,Chile,0.0,curt_hydro,prm15_fix_wcost_re11_c2p1_co2_cut90p_tnt1
2045,Paraguay,5.792094372163781,curt_hydro,prm15_fix_wcost_re11_c2p1_co2_cut90p_tnt1
2045,Uruguay,0.37301957670472335,curt_hydro,prm15_fix_wcost_re11_c2p1_co2_cut90p_tnt1
2050,Argentina,36.39915192784412,curt_hydro,prm15_fix_wcost_re11_c2p1_co2_cut90p_tnt1
2050,Brazil,36.68829290524513,curt_hydro,prm15_fix_wcost_re11_c2p1_co2_cut90p_tnt1
2050,Chile,0.04485600000000013,curt_hydro,prm15_fix_wcost_re11_c2p1_co2_cut90p_tnt1
2050,Paraguay,1.9427154243022704,curt_hydro,prm15_fix_wcost_re11_c2p1_co2_cut90p_tnt1
2050,Uruguay,0.528345533155142,curt_hydro,prm15_fix_wcost_re11_c2p1_co2_cut90p_tnt1
2020,Argentina,0.0,curt_hydro,prm15_fix_wcost_re11_c2p1_tnt1
2020,Brazil,2.0817086021440088,curt_hydro,prm15_fix_wcost_re11_c2p1_tnt1
2020,Chile,0.0,curt_hydro,prm15_fix_wcost_re11_c2p1_tnt1
2020,Paraguay,49.109759587249975,curt_hydro,prm15_fix_wcost_re11_c2p1_tnt1
2020,Uruguay,0.0,curt_hydro,prm15_fix_wcost_re11_c2p1_tnt1
2025,Argentina,0.0,curt_hydro,prm15_fix_wcost_re11_c2p1_tnt1
2025,Brazil,4.255704678376276,curt_hydro,prm15_fix_wcost_re11_c2p1_tnt1
2025,Chile,0.0,curt_hydro,prm15_fix_wcost_re11_c2p1_tnt1
2025,Paraguay,44.38977552249998,curt_hydro,prm15_fix_wcost_re11_c2p1_tnt1
2025,Uruguay,0.0,curt_hydro,prm15_fix_wcost_re11_c2p1_tnt1
2030,Argentina,0.0,curt_hydro,prm15_fix_wcost_re11_c2p1_tnt1
2030,Brazil,1.2194074789866258,curt_hydro,prm15_fix_wcost_re11_c2p1_tnt1
2030,Chile,0.0,curt_hydro,prm15_fix_wcost_re11_c2p1_tnt1
2030,Paraguay,37.0118489675,curt_hydro,prm15_fix_wcost_re11_c2p1_tnt1
2030,Uruguay,0.0,curt_hydro,prm15_fix_wcost_re11_c2p1_tnt1
2035,Argentina,0.0,curt_hydro,prm15_fix_wcost_re11_c2p1_tnt1
2035,Brazil,0.0,curt_hydro,prm15_fix_wcost_re11_c2p1_tnt1
2035,Chile,0.0,curt_hydro,prm15_fix_wcost_re11_c2p1_tnt1
2035,Paraguay,27.393218182499986,curt_hydro,prm15_fix_wcost_re11_c2p1_tnt1
2035,Uruguay,0.0,curt_hydro,prm15_fix_wcost_re11_c2p1_tnt1
2040,Argentina,0.0,curt_hydro,prm15_fix_wcost_re11_c2p1_tnt1
2040,Brazil,0.0,curt_hydro,prm15_fix_wcost_re11_c2p1_tnt1
2040,Chile,0.0,curt_hydro,prm15_fix_wcost_re11_c2p1_tnt1
2040,Paraguay,15.187114247499986,curt_hydro,prm15_fix_wcost_re11_c2p1_tnt1
2040,Uruguay,0.0,curt_hydro,prm15_fix_wcost_re11_c2p1_tnt1
2045,Argentina,0.0,curt_hydro,prm15_fix_wcost_re11_c2p1_tnt1
2045,Brazil,0.0,curt_hydro,prm15_fix_wcost_re11_c2p1_tnt1
2045,Chile,0.0,curt_hydro,prm15_fix_wcost_re11_c2p1_tnt1
2045,Paraguay,4.677887762918357,curt_hydro,prm15_fix_wcost_re11_c2p1_tnt1
2045,Uruguay,0.0,curt_hydro,prm15_fix_wcost_re11_c2p1_tnt1
2050,Argentina,0.0,curt_hydro,prm15_fix_wcost_re11_c2p1_tnt1
2050,Brazil,0.0,curt_hydro,prm15_fix_wcost_re11_c2p1_tnt1
2050,Chile,0.0,curt_hydro,prm15_fix_wcost_re11_c2p1_tnt1
2050,Paraguay,1.152158451516382,curt_hydro,prm15_fix_wcost_re11_c2p1_tnt1
2050,Uruguay,0.38362313685398863,curt_hydro,prm15_fix_wcost_re11_c2p1_tnt1
2020,Argentina,0.0,curt_hydro,prm15_fix_wcost_re12_c2p1_co2_cut90p_tnt1
2020,Brazil,2.063102771959129,curt_hydro,prm15_fix_wcost_re12_c2p1_co2_cut90p_tnt1
2020,Chile,0.0,curt_hydro,prm15_fix_wcost_re12_c2p1_co2_cut90p_tnt1
2020,Paraguay,49.109759587249975,curt_hydro,prm15_fix_wcost_re12_c2p1_co2_cut90p_tnt1
2020,Uruguay,0.0,curt_hydro,prm15_fix_wcost_re12_c2p1_co2_cut90p_tnt1
2025,Argentina,0.0,curt_hydro,prm15_fix_wcost_re12_c2p1_co2_cut90p_tnt1
2025,Brazil,4.596662264652918,curt_hydro,prm15_fix_wcost_re12_c2p1_co2_cut90p_tnt1
2025,Chile,0.0,curt_hydro,prm15_fix_wcost_re12_c2p1_co2_cut90p_tnt1
2025,Paraguay,44.38977882249998,curt_hydro,prm15_fix_wcost_re12_c2p1_co2_cut90p_tnt1
2025,Uruguay,0.0,curt_hydro,prm15_fix_wcost_re12_c2p1_co2_cut90p_tnt1
2030,Argentina,0.0,curt_hydro,prm15_fix_wcost_re12_c2p1_co2_cut90p_tnt1
2030,Brazil,2.896315109322216,curt_hydro,prm15_fix_wcost_re12_c2p1_co2_cut90p_tnt1
2030,Chile,0.0,curt_hydro,prm15_fix_wcost_re12_c2p1_co2_cut90p_tnt1
2030,Paraguay,37.0118356575,curt_hydro,prm15_fix_wcost_re12_c2p1_co2_cut90p_tnt1
2030,Uruguay,0.0,curt_hydro,prm15_fix_wcost_re12_c2p1_co2_cut90p_tnt1
2035,Argentina,7.9314813177913175,curt_hydro,prm15_fix_wcost_re12_c2p1_co2_cut90p_tnt1
2035,Brazil,9.424426241474283,curt_hydro,prm15_fix_wcost_re12_c2p1_co2_cut90p_tnt1
2035,Chile,0.0,curt_hydro,prm15_fix_wcost_re12_c2p1_co2_cut90p_tnt1
2035,Paraguay,27.393915264999986,curt_hydro,prm15_fix_wcost_re12_c2p1_co2_cut90p_tnt1
2035,Uruguay,0.0,curt_hydro,prm15_fix_wcost_re12_c2p1_co2_cut90p_tnt1
2040,Argentina,19.427376396698403,curt_hydro,prm15_fix_wcost_re12_c2p1_co2_cut90p_tnt1
2040,Brazil,12.888079970157614,curt_hydro,prm15_fix_wcost_re12_c2p1_co2_cut90p_tnt1
2040,Chile,0.0,curt_hydro,prm15_fix_wcost_re12_c2p1_co2_cut90p_tnt1
2040,Paraguay,15.187748972499984,curt_hydro,prm15_fix_wcost_re12_c2p1_co2_cut90p_tnt1
2040,Uruguay,0.0,curt_hydro,prm15_fix_wcost_re12_c2p1_co2_cut90p_tnt1
2045,Argentina,27.228181737807912,curt_hydro,prm15_fix_wcost_re12_c2p1_co2_cut90p_tnt1
2045,Brazil,24.36252290796695,curt_hydro,prm15_fix_wcost_re12_c2p1_co2_cut90p_tnt1
2045,Chile,0.0,curt_hydro,prm15_fix_wcost_re12_c2p1_co2_cut90p_tnt1
2045,Paraguay,6.1074261107388335,curt_hydro,prm15_fix_wcost_re12_c2p1_co2_cut90p_tnt1
2045,Uruguay,0.3925887023006689,curt_hydro,prm15_fix_wcost_re12_c2p1_co2_cut90p_tnt1
2050,Argentina,37.466089134138024,curt_hydro,prm15_fix_wcost_re12_c2p1_co2_cut90p_tnt1
2050,Brazil,24.63999942957215,curt_hydro,prm15_fix_wcost_re12_c2p1_co2_cut90p_tnt1
2050,Chile,0.0701640000000002,curt_hydro,prm15_fix_wcost_re12_c2p1_co2_cut90p_tnt1
2050,Paraguay,2.0263101065872853,curt_hydro,prm15_fix_wcost_re12_c2p1_co2_cut90p_tnt1
2050,Uruguay,0.5669700171594408,curt_hydro,prm15_fix_wcost_re12_c2p1_co2_cut90p_tnt1
2020,Argentina,0.0,curt_hydro,prm15_fix_wcost_re12_c2p1_tnt1
2020,Brazil,2.1095434850550565,curt_hydro,prm15_fix_wcost_re12_c2p1_tnt1
2020,Chile,0.0,curt_hydro,prm15_fix_wcost_re12_c2p1_tnt1
2020,Paraguay,49.109759587249975,curt_hydro,prm15_fix_wcost_re12_c2p1_tnt1
2020,Uruguay,0.0,curt_hydro,prm15_fix_wcost_re12_c2p1_tnt1
2025,Argentina,0.0,curt_hydro,prm15_fix_wcost_re12_c2p1_tnt1
2025,Brazil,3.9193264930893594,curt_hydro,prm15_fix_wcost_re12_c2p1_tnt1
2025,Chile,0.0,curt_hydro,prm15_fix_wcost_re12_c2p1_tnt1
2025,Paraguay,44.389785642499994,curt_hydro,prm15_fix_wcost_re12_c2p1_tnt1
2025,Uruguay,0.0,curt_hydro,prm15_fix_wcost_re12_c2p1_tnt1
2030,Argentina,0.0,curt_hydro,prm15_fix_wcost_re12_c2p1_tnt1
2030,Brazil,0.0,curt_hydro,prm15_fix_wcost_re12_c2p1_tnt1
2030,Chile,0.0,curt_hydro,prm15_fix_wcost_re12_c2p1_tnt1
2030,Paraguay,37.0118455575,curt_hydro,prm15_fix_wcost_re12_c2p1_tnt1
2030,Uruguay,0.0,curt_hydro,prm15_fix_wcost_re12_c2p1_tnt1
2035,Argentina,0.0,curt_hydro,prm15_fix_wcost_re12_c2p1_tnt1
2035,Brazil,0.0,curt_hydro,prm15_fix_wcost_re12_c2p1_tnt1
2035,Chile,0.0,curt_hydro,prm15_fix_wcost_re12_c2p1_tnt1
2035,Paraguay,27.393221592499984,curt_hydro,prm15_fix_wcost_re12_c2p1_tnt1
2035,Uruguay,0.0,curt_hydro,prm15_fix_wcost_re12_c2p1_tnt1
2040,Argentina,0.0,curt_hydro,prm15_fix_wcost_re12_c2p1_tnt1
2040,Brazil,0.0,curt_hydro,prm15_fix_wcost_re12_c2p1_tnt1
2040,Chile,0.0,curt_hydro,prm15_fix_wcost_re12_c2p1_tnt1
2040,Paraguay,15.187117959999988,curt_hydro,prm15_fix_wcost_re12_c2p1_tnt1
2040,Uruguay,0.0,curt_hydro,prm15_fix_wcost_re12_c2p1_tnt1
2045,Argentina,0.0,curt_hydro,prm15_fix_wcost_re12_c2p1_tnt1
2045,Brazil,0.0,curt_hydro,prm15_fix_wcost_re12_c2p1_tnt1
2045,Chile,0.0,curt_hydro,prm15_fix_wcost_re12_c2p1_tnt1
2045,Paraguay,4.50029039998836,curt_hydro,prm15_fix_wcost_re12_c2p1_tnt1
2045,Uruguay,0.0,curt_hydro,prm15_fix_wcost_re12_c2p1_tnt1
2050,Argentina,0.0,curt_hydro,prm15_fix_wcost_re12_c2p1_tnt1
2050,Brazil,0.0,curt_hydro,prm15_fix_wcost_re12_c2p1_tnt1
2050,Chile,0.0,curt_hydro,prm15_fix_wcost_re12_c2p1_tnt1
2050,Paraguay,0.7438892440093721,curt_hydro,prm15_fix_wcost_re12_c2p1_tnt1
2050,Uruguay,0.0,curt_hydro,prm15_fix_wcost_re12_c2p1_tnt1
2020,Argentina,0.0,curt_hydro,prm15_fix_wcost_re13_c2p1_co2_cut90p_tnt1
2020,Brazil,1.3995052427156067,curt_hydro,prm15_fix_wcost_re13_c2p1_co2_cut90p_tnt1
2020,Chile,0.0,curt_hydro,prm15_fix_wcost_re13_c2p1_co2_cut90p_tnt1
2020,Paraguay,49.10955069724998,curt_hydro,prm15_fix_wcost_re13_c2p1_co2_cut90p_tnt1
2020,Uruguay,0.10725480799999976,curt_hydro,prm15_fix_wcost_re13_c2p1_co2_cut90p_tnt1
2025,Argentina,0.0,curt_hydro,prm15_fix_wcost_re13_c2p1_co2_cut90p_tnt1
2025,Brazil,2.569856916000006,curt_hydro,prm15_fix_wcost_re13_c2p1_co2_cut90p_tnt1
2025,Chile,0.0,curt_hydro,prm15_fix_wcost_re13_c2p1_co2_cut90p_tnt1
2025,Paraguay,44.38993449999998,curt_hydro,prm15_fix_wcost_re13_c2p1_co2_cut90p_tnt1
2025,Uruguay,0.0,curt_hydro,prm15_fix_wcost_re13_c2p1_co2_cut90p_tnt1
2030,Argentina,0.0,curt_hydro,prm15_fix_wcost_re13_c2p1_co2_cut90p_tnt1
2030,Brazil,1.2977867930652356,curt_hydro,prm15_fix_wcost_re13_c2p1_co2_cut90p_tnt1
2030,Chile,0.0,curt_hydro,prm15_fix_wcost_re13_c2p1_co2_cut90p_tnt1
2030,Paraguay,37.012603924999986,curt_hydro,prm15_fix_wcost_re13_c2p1_co2_cut90p_tnt1
2030,Uruguay,0.0,curt_hydro,prm15_fix_wcost_re13_c2p1_co2_cut90p_tnt1
2035,Argentina,0.33016875970470394,curt_hydro,prm15_fix_wcost_re13_c2p1_co2_cut90p_tnt1
2035,Brazil,1.985983014000005,curt_hydro,prm15_fix_wcost_re13_c2p1_co2_cut90p_tnt1
2035,Chile,0.002899084686981687,curt_hydro,prm15_fix_wcost_re13_c2p1_co2_cut90p_tnt1
2035,Paraguay,27.395096127499986,curt_hydro,prm15_fix_wcost_re13_c2p1_co2_cut90p_tnt1
2035,Uruguay,0.10655704199999977,curt_hydro,prm15_fix_wcost_re13_c2p1_co2_cut90p_tnt1
2040,Argentina,0.3653228499621809,curt_hydro,prm15_fix_wcost_re13_c2p1_co2_cut90p_tnt1
2040,Brazil,2.8382423950999844,curt_hydro,prm15_fix_wcost_re13_c2p1_co2_cut90p_tnt1
2040,Chile,0.011112000000000045,curt_hydro,prm15_fix_wcost_re13_c2p1_co2_cut90p_tnt1
2040,Paraguay,15.229496553099986,curt_hydro,prm15_fix_wcost_re13_c2p1_co2_cut90p_tnt1
2040,Uruguay,0.0,curt_hydro,prm15_fix_wcost_re13_c2p1_co2_cut90p_tnt1
2045,Argentina,0.1414777775000007,curt_hydro,prm15_fix_wcost_re13_c2p1_co2_cut90p_tnt1
2045,Brazil,1.0381477396000032,curt_hydro,prm15_fix_wcost_re13_c2p1_co2_cut90p_tnt1
2045,Chile,0.016853200000000068,curt_hydro,prm15_fix_wcost_re13_c2p1_co2_cut90p_tnt1
2045,Paraguay,4.864854799999988,curt_hydro,prm15_fix_wcost_re13_c2p1_co2_cut90p_tnt1
2045,Uruguay,0.0,curt_hydro,prm15_fix_wcost_re13_c2p1_co2_cut90p_tnt1
2050,Argentina,0.11635197600000108,curt_hydro,prm15_fix_wcost_re13_c2p1_co2_cut90p_tnt1
2050,Brazil,1.8652892668049914,curt_hydro,prm15_fix_wcost_re13_c2p1_co2_cut90p_tnt1
2050,Chile,0.02528920000000009,curt_hydro,prm15_fix_wcost_re13_c2p1_co2_cut90p_tnt1
2050,Paraguay,7.06321436641807,curt_hydro,prm15_fix_wcost_re13_c2p1_co2_cut90p_tnt1
2050,Uruguay,0.0,curt_hydro,prm15_fix_wcost_re13_c2p1_co2_cut90p_tnt1
2020,Argentina,0.0,curt_hydro,prm15_fix_wcost_re13_c2p1_tnt1
2020,Brazil,2.1158704599365947,curt_hydro,prm15_fix_wcost_re13_c2p1_tnt1
2020,Chile,0.0,curt_hydro,prm15_fix_wcost_re13_c2p1_tnt1
2020,Paraguay,49.109759587249975,curt_hydro,prm15_fix_wcost_re13_c2p1_tnt1
2020,Uruguay,0.0,curt_hydro,prm15_fix_wcost_re13_c2p1_tnt1
2025,Argentina,0.0,curt_hydro,prm15_fix_wcost_re13_c2p1_tnt1
2025,Brazil,2.4951545125182535,curt_hydro,prm15_fix_wcost_re13_c2p1_tnt1
2025,Chile,0.0,curt_hydro,prm15_fix_wcost_re13_c2p1_tnt1
2025,Paraguay,44.38978223249999,curt_hydro,prm15_fix_wcost_re13_c2p1_tnt1
2025,Uruguay,0.0,curt_hydro,prm15_fix_wcost_re13_c2p1_tnt1
2030,Argentina,0.0,curt_hydro,prm15_fix_wcost_re13_c2p1_tnt1
2030,Brazil,0.0,curt_hydro,prm15_fix_wcost_re13_c2p1_tnt1
2030,Chile,0.0,curt_hydro,prm15_fix_wcost_re13_c2p1_tnt1
2030,Paraguay,37.01184575,curt_hydro,prm15_fix_wcost_re13_c2p1_tnt1
2030,Uruguay,0.0,curt_hydro,prm15_fix_wcost_re13_c2p1_tnt1
2035,Argentina,0.0,curt_hydro,prm15_fix_wcost_re13_c2p1_tnt1
2035,Brazil,0.0,curt_hydro,prm15_fix_wcost_re13_c2p1_tnt1
2035,Chile,0.0,curt_hydro,prm15_fix_wcost_re13_c2p1_tnt1
2035,Paraguay,27.393218182499986,curt_hydro,prm15_fix_wcost_re13_c2p1_tnt1
2035,Uruguay,0.0,curt_hydro,prm15_fix_wcost_re13_c2p1_tnt1
2040,Argentina,0.0,curt_hydro,prm15_fix_wcost_re13_c2p1_tnt1
2040,Brazil,0.0,curt_hydro,prm15_fix_wcost_re13_c2p1_tnt1
2040,Chile,0.0,curt_hydro,prm15_fix_wcost_re13_c2p1_tnt1
2040,Paraguay,15.187114659999985,curt_hydro,prm15_fix_wcost_re13_c2p1_tnt1
2040,Uruguay,0.0,curt_hydro,prm15_fix_wcost_re13_c2p1_tnt1
2045,Argentina,0.0,curt_hydro,prm15_fix_wcost_re13_c2p1_tnt1
2045,Brazil,0.0,curt_hydro,prm15_fix_wcost_re13_c2p1_tnt1
2045,Chile,0.0,curt_hydro,prm15_fix_wcost_re13_c2p1_tnt1
2045,Paraguay,4.495850320999984,curt_hydro,prm15_fix_wcost_re13_c2p1_tnt1
2045,Uruguay,0.0,curt_hydro,prm15_fix_wcost_re13_c2p1_tnt1
2050,Argentina,0.0,curt_hydro,prm15_fix_wcost_re13_c2p1_tnt1
2050,Brazil,0.0,curt_hydro,prm15_fix_wcost_re13_c2p1_tnt1
2050,Chile,0.0,curt_hydro,prm15_fix_wcost_re13_c2p1_tnt1
2050,Paraguay,0.5836013863829626,curt_hydro,prm15_fix_wcost_re13_c2p1_tnt1
2050,Uruguay,0.0,curt_hydro,prm15_fix_wcost_re13_c2p1_tnt1
2020,Argentina,0.0,curt_hydro,prm15_fix_wcost_re14_c2p1_co2_cut90p_tnt1
2020,Brazil,2.066091831063863,curt_hydro,prm15_fix_wcost_re14_c2p1_co2_cut90p_tnt1
2020,Chile,0.0,curt_hydro,prm15_fix_wcost_re14_c2p1_co2_cut90p_tnt1
2020,Paraguay,49.10975617724997,curt_hydro,prm15_fix_wcost_re14_c2p1_co2_cut90p_tnt1
2020,Uruguay,0.0,curt_hydro,prm15_fix_wcost_re14_c2p1_co2_cut90p_tnt1
2025,Argentina,0.0,curt_hydro,prm15_fix_wcost_re14_c2p1_co2_cut90p_tnt1
2025,Brazil,4.2321378950915935,curt_hydro,prm15_fix_wcost_re14_c2p1_co2_cut90p_tnt1
2025,Chile,0.0,curt_hydro,prm15_fix_wcost_re14_c2p1_co2_cut90p_tnt1
2025,Paraguay,44.38977912499998,curt_hydro,prm15_fix_wcost_re14_c2p1_co2_cut90p_tnt1
2025,Uruguay,0.0,curt_hydro,prm15_fix_wcost_re14_c2p1_co2_cut90p_tnt1
2030,Argentina,0.0,curt_hydro,prm15_fix_wcost_re14_c2p1_co2_cut90p_tnt1
2030,Brazil,2.9217241311559623,curt_hydro,prm15_fix_wcost_re14_c2p1_co2_cut90p_tnt1
2030,Chile,0.0,curt_hydro,prm15_fix_wcost_re14_c2p1_co2_cut90p_tnt1
2030,Paraguay,37.0118387375,curt_hydro,prm15_fix_wcost_re14_c2p1_co2_cut90p_tnt1
2030,Uruguay,0.0,curt_hydro,prm15_fix_wcost_re14_c2p1_co2_cut90p_tnt1
2035,Argentina,8.91586766579291,curt_hydro,prm15_fix_wcost_re14_c2p1_co2_cut90p_tnt1
2035,Brazil,10.134950101560875,curt_hydro,prm15_fix_wcost_re14_c2p1_co2_cut90p_tnt1
2035,Chile,0.0,curt_hydro,prm15_fix_wcost_re14_c2p1_co2_cut90p_tnt1
2035,Paraguay,27.394185034999985,curt_hydro,prm15_fix_wcost_re14_c2p1_co2_cut90p_tnt1
2035,Uruguay,0.0,curt_hydro,prm15_fix_wcost_re14_c2p1_co2_cut90p_tnt1
2040,Argentina,19.764899609661587,curt_hydro,prm15_fix_wcost_re14_c2p1_co2_cut90p_tnt1
2040,Brazil,14.158856747515685,curt_hydro,prm15_fix_wcost_re14_c2p1_co2_cut90p_tnt1
2040,Chile,0.0,curt_hydro,prm15_fix_wcost_re14_c2p1_co2_cut90p_tnt1
2040,Paraguay,15.187803262499983,curt_hydro,prm15_fix_wcost_re14_c2p1_co2_cut90p_tnt1
2040,Uruguay,0.0,curt_hydro,prm15_fix_wcost_re14_c2p1_co2_cut90p_tnt1
2045,Argentina,27.93600641801983,curt_hydro,prm15_fix_wcost_re14_c2p1_co2_cut90p_tnt1
2045,Brazil,21.516970527749113,curt_hydro,prm15_fix_wcost_re14_c2p1_co2_cut90p_tnt1
2045,Chile,0.04485600000000013,curt_hydro,prm15_fix_wcost_re14_c2p1_co2_cut90p_tnt1
2045,Paraguay,5.991830958189132,curt_hydro,prm15_fix_wcost_re14_c2p1_co2_cut90p_tnt1
2045,Uruguay,0.36715930186293055,curt_hydro,prm15_fix_wcost_re14_c2p1_co2_cut90p_tnt1
2050,Argentina,37.95661978684679,curt_hydro,prm15_fix_wcost_re14_c2p1_co2_cut90p_tnt1
2050,Brazil,22.371006731676328,curt_hydro,prm15_fix_wcost_re14_c2p1_co2_cut90p_tnt1
2050,Chile,0.06134663442199181,curt_hydro,prm15_fix_wcost_re14_c2p1_co2_cut90p_tnt1
2050,Paraguay,2.491577112132358,curt_hydro,prm15_fix_wcost_re14_c2p1_co2_cut90p_tnt1
2050,Uruguay,0.5052911326304996,curt_hydro,prm15_fix_wcost_re14_c2p1_co2_cut90p_tnt1
2020,Argentina,0.0,curt_hydro,prm15_fix_wcost_re14_c2p1_tnt1
2020,Brazil,2.139047387068415,curt_hydro,prm15_fix_wcost_re14_c2p1_tnt1
2020,Chile,0.0,curt_hydro,prm15_fix_wcost_re14_c2p1_tnt1
2020,Paraguay,49.109759587249975,curt_hydro,prm15_fix_wcost_re14_c2p1_tnt1
2020,Uruguay,0.0,curt_hydro,prm15_fix_wcost_re14_c2p1_tnt1
2025,Argentina,0.0,curt_hydro,prm15_fix_wcost_re14_c2p1_tnt1
2025,Brazil,3.2363139453578156,curt_hydro,prm15_fix_wcost_re14_c2p1_tnt1
2025,Chile,0.0,curt_hydro,prm15_fix_wcost_re14_c2p1_tnt1
2025,Paraguay,44.38977882249999,curt_hydro,prm15_fix_wcost_re14_c2p1_tnt1
2025,Uruguay,0.0,curt_hydro,prm15_fix_wcost_re14_c2p1_tnt1
2030,Argentina,0.0,curt_hydro,prm15_fix_wcost_re14_c2p1_tnt1
2030,Brazil,0.0,curt_hydro,prm15_fix_wcost_re14_c2p1_tnt1
2030,Chile,0.0,curt_hydro,prm15_fix_wcost_re14_c2p1_tnt1
2030,Paraguay,37.01184885749999,curt_hydro,prm15_fix_wcost_re14_c2p1_tnt1
2030,Uruguay,0.0,curt_hydro,prm15_fix_wcost_re14_c2p1_tnt1
2035,Argentina,0.0,curt_hydro,prm15_fix_wcost_re14_c2p1_tnt1
2035,Brazil,0.0,curt_hydro,prm15_fix_wcost_re14_c2p1_tnt1
2035,Chile,0.0,curt_hydro,prm15_fix_wcost_re14_c2p1_tnt1
2035,Paraguay,27.393211582499983,curt_hydro,prm15_fix_wcost_re14_c2p1_tnt1
2035,Uruguay,0.0,curt_hydro,prm15_fix_wcost_re14_c2p1_tnt1
2040,Argentina,0.0,curt_hydro,prm15_fix_wcost_re14_c2p1_tnt1
2040,Brazil,0.0,curt_hydro,prm15_fix_wcost_re14_c2p1_tnt1
2040,Chile,0.0,curt_hydro,prm15_fix_wcost_re14_c2p1_tnt1
2040,Paraguay,15.187114357499985,curt_hydro,prm15_fix_wcost_re14_c2p1_tnt1
2040,Uruguay,0.0,curt_hydro,prm15_fix_wcost_re14_c2p1_tnt1
2045,Argentina,0.0,curt_hydro,prm15_fix_wcost_re14_c2p1_tnt1
2045,Brazil,0.0,curt_hydro,prm15_fix_wcost_re14_c2p1_tnt1
2045,Chile,0.0,curt_hydro,prm15_fix_wcost_re14_c2p1_tnt1
2045,Paraguay,4.491453709999986,curt_hydro,prm15_fix_wcost_re14_c2p1_tnt1
2045,Uruguay,0.0,curt_hydro,prm15_fix_wcost_re14_c2p1_tnt1
2050,Argentina,0.0,curt_hydro,prm15_fix_wcost_re14_c2p1_tnt1
2050,Brazil,0.0,curt_hydro,prm15_fix_wcost_re14_c2p1_tnt1
2050,Chile,0.0,curt_hydro,prm15_fix_wcost_re14_c2p1_tnt1
2050,Paraguay,0.7165115034013143,curt_hydro,prm15_fix_wcost_re14_c2p1_tnt1
2050,Uruguay,0.0,curt_hydro,prm15_fix_wcost_re14_c2p1_tnt1
2020,Argentina,0.0,curt_hydro,prm15_fix_wcost_re15_c2p1_co2_cut90p_tnt1
2020,Brazil,1.0384110020000137,curt_hydro,prm15_fix_wcost_re15_c2p1_co2_cut90p_tnt1
2020,Chile,0.0,curt_hydro,prm15_fix_wcost_re15_c2p1_co2_cut90p_tnt1
2020,Paraguay,49.10971110474998,curt_hydro,prm15_fix_wcost_re15_c2p1_co2_cut90p_tnt1
2020,Uruguay,0.17812059599999974,curt_hydro,prm15_fix_wcost_re15_c2p1_co2_cut90p_tnt1
2025,Argentina,0.0,curt_hydro,prm15_fix_wcost_re15_c2p1_co2_cut90p_tnt1
2025,Brazil,1.5568604099999994,curt_hydro,prm15_fix_wcost_re15_c2p1_co2_cut90p_tnt1
2025,Chile,0.0,curt_hydro,prm15_fix_wcost_re15_c2p1_co2_cut90p_tnt1
2025,Paraguay,44.39004339999998,curt_hydro,prm15_fix_wcost_re15_c2p1_co2_cut90p_tnt1
2025,Uruguay,0.0,curt_hydro,prm15_fix_wcost_re15_c2p1_co2_cut90p_tnt1
2030,Argentina,0.0,curt_hydro,prm15_fix_wcost_re15_c2p1_co2_cut90p_tnt1
2030,Brazil,0.0,curt_hydro,prm15_fix_wcost_re15_c2p1_co2_cut90p_tnt1
2030,Chile,0.0,curt_hydro,prm15_fix_wcost_re15_c2p1_co2_cut90p_tnt1
2030,Paraguay,37.01262878499999,curt_hydro,prm15_fix_wcost_re15_c2p1_co2_cut90p_tnt1
2030,Uruguay,0.0,curt_hydro,prm15_fix_wcost_re15_c2p1_co2_cut90p_tnt1
2035,Argentina,0.011307609599999997,curt_hydro,prm15_fix_wcost_re15_c2p1_co2_cut90p_tnt1
2035,Brazil,0.0059827799999999445,curt_hydro,prm15_fix_wcost_re15_c2p1_co2_cut90p_tnt1
2035,Chile,0.0,curt_hydro,prm15_fix_wcost_re15_c2p1_co2_cut90p_tnt1
2035,Paraguay,27.393731029999987,curt_hydro,prm15_fix_wcost_re15_c2p1_co2_cut90p_tnt1
2035,Uruguay,0.18945250612106168,curt_hydro,prm15_fix_wcost_re15_c2p1_co2_cut90p_tnt1
2040,Argentina,0.014940864699999997,curt_hydro,prm15_fix_wcost_re15_c2p1_co2_cut90p_tnt1
2040,Brazil,0.7494620760000001,curt_hydro,prm15_fix_wcost_re15_c2p1_co2_cut90p_tnt1
2040,Chile,0.0,curt_hydro,prm15_fix_wcost_re15_c2p1_co2_cut90p_tnt1
2040,Paraguay,15.189931092499988,curt_hydro,prm15_fix_wcost_re15_c2p1_co2_cut90p_tnt1
2040,Uruguay,0.013920499741308196,curt_hydro,prm15_fix_wcost_re15_c2p1_co2_cut90p_tnt1
2045,Argentina,0.0139729632,curt_hydro,prm15_fix_wcost_re15_c2p1_co2_cut90p_tnt1
2045,Brazil,0.9691766112,curt_hydro,prm15_fix_wcost_re15_c2p1_co2_cut90p_tnt1
2045,Chile,0.0,curt_hydro,prm15_fix_wcost_re15_c2p1_co2_cut90p_tnt1
2045,Paraguay,4.505786284335726,curt_hydro,prm15_fix_wcost_re15_c2p1_co2_cut90p_tnt1
2045,Uruguay,0.29102049264252494,curt_hydro,prm15_fix_wcost_re15_c2p1_co2_cut90p_tnt1
2050,Argentina,0.20361620999999994,curt_hydro,prm15_fix_wcost_re15_c2p1_co2_cut90p_tnt1
2050,Brazil,2.0169710064000004,curt_hydro,prm15_fix_wcost_re15_c2p1_co2_cut90p_tnt1
2050,Chile,0.0,curt_hydro,prm15_fix_wcost_re15_c2p1_co2_cut90p_tnt1
2050,Paraguay,37.40441173729968,curt_hydro,prm15_fix_wcost_re15_c2p1_co2_cut90p_tnt1
2050,Uruguay,0.0,curt_hydro,prm15_fix_wcost_re15_c2p1_co2_cut90p_tnt1
2020,Argentina,0.0,curt_hydro,prm15_fix_wcost_re15_c2p1_tnt1
2020,Brazil,2.15750120664757,curt_hydro,prm15_fix_wcost_re15_c2p1_tnt1
2020,Chile,0.0,curt_hydro,prm15_fix_wcost_re15_c2p1_tnt1
2020,Paraguay,49.109759587249975,curt_hydro,prm15_fix_wcost_re15_c2p1_tnt1
2020,Uruguay,0.0,curt_hydro,prm15_fix_wcost_re15_c2p1_tnt1
2025,Argentina,0.0,curt_hydro,prm15_fix_wcost_re15_c2p1_tnt1
2025,Brazil,4.013755840541075,curt_hydro,prm15_fix_wcost_re15_c2p1_tnt1
2025,Chile,0.0,curt_hydro,prm15_fix_wcost_re15_c2p1_tnt1
2025,Paraguay,44.389785642499994,curt_hydro,prm15_fix_wcost_re15_c2p1_tnt1
2025,Uruguay,0.0,curt_hydro,prm15_fix_wcost_re15_c2p1_tnt1
2030,Argentina,0.0,curt_hydro,prm15_fix_wcost_re15_c2p1_tnt1
2030,Brazil,0.0,curt_hydro,prm15_fix_wcost_re15_c2p1_tnt1
2030,Chile,0.0,curt_hydro,prm15_fix_wcost_re15_c2p1_tnt1
2030,Paraguay,37.0118454475,curt_hydro,prm15_fix_wcost_re15_c2p1_tnt1
2030,Uruguay,0.0,curt_hydro,prm15_fix_wcost_re15_c2p1_tnt1
2035,Argentina,0.0,curt_hydro,prm15_fix_wcost_re15_c2p1_tnt1
2035,Brazil,0.0,curt_hydro,prm15_fix_wcost_re15_c2p1_tnt1
2035,Chile,0.0,curt_hydro,prm15_fix_wcost_re15_c2p1_tnt1
2035,Paraguay,27.393218182499986,curt_hydro,prm15_fix_wcost_re15_c2p1_tnt1
2035,Uruguay,0.0,curt_hydro,prm15_fix_wcost_re15_c2p1_tnt1
2040,Argentina,0.0,curt_hydro,prm15_fix_wcost_re15_c2p1_tnt1
2040,Brazil,0.0,curt_hydro,prm15_fix_wcost_re15_c2p1_tnt1
2040,Chile,0.0,curt_hydro,prm15_fix_wcost_re15_c2p1_tnt1
2040,Paraguay,15.187104127499985,curt_hydro,prm15_fix_wcost_re15_c2p1_tnt1
2040,Uruguay,0.0,curt_hydro,prm15_fix_wcost_re15_c2p1_tnt1
2045,Argentina,0.0,curt_hydro,prm15_fix_wcost_re15_c2p1_tnt1
2045,Brazil,0.0,curt_hydro,prm15_fix_wcost_re15_c2p1_tnt1
2045,Chile,0.0,curt_hydro,prm15_fix_wcost_re15_c2p1_tnt1
2045,Paraguay,4.4998246354398885,curt_hydro,prm15_fix_wcost_re15_c2p1_tnt1
2045,Uruguay,0.0,curt_hydro,prm15_fix_wcost_re15_c2p1_tnt1
2050,Argentina,0.0,curt_hydro,prm15_fix_wcost_re15_c2p1_tnt1
2050,Brazil,0.0,curt_hydro,prm15_fix_wcost_re15_c2p1_tnt1
2050,Chile,0.0,curt_hydro,prm15_fix_wcost_re15_c2p1_tnt1
2050,Paraguay,0.9340229710000787,curt_hydro,prm15_fix_wcost_re15_c2p1_tnt1
2050,Uruguay,0.2804288598256001,curt_hydro,prm15_fix_wcost_re15_c2p1_tnt1
2020,Argentina,0.0,curt_hydro,prm15_fix_wcost_re16_c2p1_co2_cut90p_tnt1
2020,Brazil,2.0727179492568917,curt_hydro,prm15_fix_wcost_re16_c2p1_co2_cut90p_tnt1
2020,Chile,0.0,curt_hydro,prm15_fix_wcost_re16_c2p1_co2_cut90p_tnt1
2020,Paraguay,49.10975617724997,curt_hydro,prm15_fix_wcost_re16_c2p1_co2_cut90p_tnt1
2020,Uruguay,0.0,curt_hydro,prm15_fix_wcost_re16_c2p1_co2_cut90p_tnt1
2025,Argentina,0.0,curt_hydro,prm15_fix_wcost_re16_c2p1_co2_cut90p_tnt1
2025,Brazil,5.440412413386003,curt_hydro,prm15_fix_wcost_re16_c2p1_co2_cut90p_tnt1
2025,Chile,0.0,curt_hydro,prm15_fix_wcost_re16_c2p1_co2_cut90p_tnt1
2025,Paraguay,44.38977882249999,curt_hydro,prm15_fix_wcost_re16_c2p1_co2_cut90p_tnt1
2025,Uruguay,0.0,curt_hydro,prm15_fix_wcost_re16_c2p1_co2_cut90p_tnt1
2030,Argentina,0.0,curt_hydro,prm15_fix_wcost_re16_c2p1_co2_cut90p_tnt1
2030,Brazil,2.8219724880500068,curt_hydro,prm15_fix_wcost_re16_c2p1_co2_cut90p_tnt1
2030,Chile,0.0,curt_hydro,prm15_fix_wcost_re16_c2p1_co2_cut90p_tnt1
2030,Paraguay,37.011835327499995,curt_hydro,prm15_fix_wcost_re16_c2p1_co2_cut90p_tnt1
2030,Uruguay,0.0,curt_hydro,prm15_fix_wcost_re16_c2p1_co2_cut90p_tnt1
2035,Argentina,6.616488537358109,curt_hydro,prm15_fix_wcost_re16_c2p1_co2_cut90p_tnt1
2035,Brazil,5.003088886574537,curt_hydro,prm15_fix_wcost_re16_c2p1_co2_cut90p_tnt1
2035,Chile,0.0,curt_hydro,prm15_fix_wcost_re16_c2p1_co2_cut90p_tnt1
2035,Paraguay,27.393433822499986,curt_hydro,prm15_fix_wcost_re16_c2p1_co2_cut90p_tnt1
2035,Uruguay,0.0,curt_hydro,prm15_fix_wcost_re16_c2p1_co2_cut90p_tnt1
2040,Argentina,16.49555054616909,curt_hydro,prm15_fix_wcost_re16_c2p1_co2_cut90p_tnt1
2040,Brazil,11.404935088661547,curt_hydro,prm15_fix_wcost_re16_c2p1_co2_cut90p_tnt1
2040,Chile,0.0,curt_hydro,prm15_fix_wcost_re16_c2p1_co2_cut90p_tnt1
2040,Paraguay,15.187979134999987,curt_hydro,prm15_fix_wcost_re16_c2p1_co2_cut90p_tnt1
2040,Uruguay,0.0,curt_hydro,prm15_fix_wcost_re16_c2p1_co2_cut90p_tnt1
2045,Argentina,22.178448791714576,curt_hydro,prm15_fix_wcost_re16_c2p1_co2_cut90p_tnt1
2045,Brazil,26.718465443195626,curt_hydro,prm15_fix_wcost_re16_c2p1_co2_cut90p_tnt1
2045,Chile,0.0,curt_hydro,prm15_fix_wcost_re16_c2p1_co2_cut90p_tnt1
2045,Paraguay,6.212179360155073,curt_hydro,prm15_fix_wcost_re16_c2p1_co2_cut90p_tnt1
2045,Uruguay,0.37470470089118657,curt_hydro,prm15_fix_wcost_re16_c2p1_co2_cut90p_tnt1
2050,Argentina,36.549118060510814,curt_hydro,prm15_fix_wcost_re16_c2p1_co2_cut90p_tnt1
2050,Brazil,33.4304872751137,curt_hydro,prm15_fix_wcost_re16_c2p1_co2_cut90p_tnt1
2050,Chile,0.02798400000000009,curt_hydro,prm15_fix_wcost_re16_c2p1_co2_cut90p_tnt1
2050,Paraguay,2.12046135770994,curt_hydro,prm15_fix_wcost_re16_c2p1_co2_cut90p_tnt1
2050,Uruguay,0.5059246337763874,curt_hydro,prm15_fix_wcost_re16_c2p1_co2_cut90p_tnt1
2020,Argentina,0.0,curt_hydro,prm15_fix_wcost_re16_c2p1_tnt1
2020,Brazil,2.1420749107458423,curt_hydro,prm15_fix_wcost_re16_c2p1_tnt1
2020,Chile,0.0,curt_hydro,prm15_fix_wcost_re16_c2p1_tnt1
2020,Paraguay,49.10975617724998,curt_hydro,prm15_fix_wcost_re16_c2p1_tnt1
2020,Uruguay,0.0,curt_hydro,prm15_fix_wcost_re16_c2p1_tnt1
2025,Argentina,0.0,curt_hydro,prm15_fix_wcost_re16_c2p1_tnt1
2025,Brazil,5.125141921351653,curt_hydro,prm15_fix_wcost_re16_c2p1_tnt1
2025,Chile,0.0,curt_hydro,prm15_fix_wcost_re16_c2p1_tnt1
2025,Paraguay,44.38978564249999,curt_hydro,prm15_fix_wcost_re16_c2p1_tnt1
2025,Uruguay,0.0,curt_hydro,prm15_fix_wcost_re16_c2p1_tnt1
2030,Argentina,0.0,curt_hydro,prm15_fix_wcost_re16_c2p1_tnt1
2030,Brazil,0.6270427160950229,curt_hydro,prm15_fix_wcost_re16_c2p1_tnt1
2030,Chile,0.0,curt_hydro,prm15_fix_wcost_re16_c2p1_tnt1
2030,Paraguay,37.011845557499996,curt_hydro,prm15_fix_wcost_re16_c2p1_tnt1
2030,Uruguay,0.0,curt_hydro,prm15_fix_wcost_re16_c2p1_tnt1
2035,Argentina,0.0,curt_hydro,prm15_fix_wcost_re16_c2p1_tnt1
2035,Brazil,0.0,curt_hydro,prm15_fix_wcost_re16_c2p1_tnt1
2035,Chile,0.0,curt_hydro,prm15_fix_wcost_re16_c2p1_tnt1
2035,Paraguay,27.393218292499988,curt_hydro,prm15_fix_wcost_re16_c2p1_tnt1
2035,Uruguay,0.0,curt_hydro,prm15_fix_wcost_re16_c2p1_tnt1
2040,Argentina,0.0,curt_hydro,prm15_fix_wcost_re16_c2p1_tnt1
2040,Brazil,0.0,curt_hydro,prm15_fix_wcost_re16_c2p1_tnt1
2040,Chile,0.0,curt_hydro,prm15_fix_wcost_re16_c2p1_tnt1
2040,Paraguay,15.187117767499986,curt_hydro,prm15_fix_wcost_re16_c2p1_tnt1
2040,Uruguay,0.0,curt_hydro,prm15_fix_wcost_re16_c2p1_tnt1
2045,Argentina,0.0,curt_hydro,prm15_fix_wcost_re16_c2p1_tnt1
2045,Brazil,0.0,curt_hydro,prm15_fix_wcost_re16_c2p1_tnt1
2045,Chile,0.0,curt_hydro,prm15_fix_wcost_re16_c2p1_tnt1
2045,Paraguay,4.540483470303318,curt_hydro,prm15_fix_wcost_re16_c2p1_tnt1
2045,Uruguay,0.0,curt_hydro,prm15_fix_wcost_re16_c2p1_tnt1
2050,Argentina,0.0,curt_hydro,prm15_fix_wcost_re16_c2p1_tnt1
2050,Brazil,0.0,curt_hydro,prm15_fix_wcost_re16_c2p1_tnt1
2050,Chile,0.0,curt_hydro,prm15_fix_wcost_re16_c2p1_tnt1
2050,Paraguay,1.0742493868971277,curt_hydro,prm15_fix_wcost_re16_c2p1_tnt1
2050,Uruguay,0.0,curt_hydro,prm15_fix_wcost_re16_c2p1_tnt1
2020,Argentina,0.0,curt_hydro,prm15_fix_wcost_re17_c2p1_co2_cut90p_tnt1
2020,Brazil,1.5022345689816625,curt_hydro,prm15_fix_wcost_re17_c2p1_co2_cut90p_tnt1
2020,Chile,0.0,curt_hydro,prm15_fix_wcost_re17_c2p1_co2_cut90p_tnt1
2020,Paraguay,49.10956703224998,curt_hydro,prm15_fix_wcost_re17_c2p1_co2_cut90p_tnt1
2020,Uruguay,0.0,curt_hydro,prm15_fix_wcost_re17_c2p1_co2_cut90p_tnt1
2025,Argentina,0.0,curt_hydro,prm15_fix_wcost_re17_c2p1_co2_cut90p_tnt1
2025,Brazil,2.153232714000006,curt_hydro,prm15_fix_wcost_re17_c2p1_co2_cut90p_tnt1
2025,Chile,0.0,curt_hydro,prm15_fix_wcost_re17_c2p1_co2_cut90p_tnt1
2025,Paraguay,44.38995066999998,curt_hydro,prm15_fix_wcost_re17_c2p1_co2_cut90p_tnt1
2025,Uruguay,0.0,curt_hydro,prm15_fix_wcost_re17_c2p1_co2_cut90p_tnt1
2030,Argentina,0.0,curt_hydro,prm15_fix_wcost_re17_c2p1_co2_cut90p_tnt1
2030,Brazil,0.04600230000000009,curt_hydro,prm15_fix_wcost_re17_c2p1_co2_cut90p_tnt1
2030,Chile,0.0,curt_hydro,prm15_fix_wcost_re17_c2p1_co2_cut90p_tnt1
2030,Paraguay,37.012522084999986,curt_hydro,prm15_fix_wcost_re17_c2p1_co2_cut90p_tnt1
2030,Uruguay,0.0,curt_hydro,prm15_fix_wcost_re17_c2p1_co2_cut90p_tnt1
2035,Argentina,0.322829015542682,curt_hydro,prm15_fix_wcost_re17_c2p1_co2_cut90p_tnt1
2035,Brazil,3.0396902280000075,curt_hydro,prm15_fix_wcost_re17_c2p1_co2_cut90p_tnt1
2035,Chile,0.0,curt_hydro,prm15_fix_wcost_re17_c2p1_co2_cut90p_tnt1
2035,Paraguay,27.394635017499986,curt_hydro,prm15_fix_wcost_re17_c2p1_co2_cut90p_tnt1
2035,Uruguay,0.13292545799999975,curt_hydro,prm15_fix_wcost_re17_c2p1_co2_cut90p_tnt1
2040,Argentina,0.2931352993873013,curt_hydro,prm15_fix_wcost_re17_c2p1_co2_cut90p_tnt1
2040,Brazil,0.6968523631611094,curt_hydro,prm15_fix_wcost_re17_c2p1_co2_cut90p_tnt1
2040,Chile,0.0,curt_hydro,prm15_fix_wcost_re17_c2p1_co2_cut90p_tnt1
2040,Paraguay,15.188290227499998,curt_hydro,prm15_fix_wcost_re17_c2p1_co2_cut90p_tnt1
2040,Uruguay,0.0,curt_hydro,prm15_fix_wcost_re17_c2p1_co2_cut90p_tnt1
2045,Argentina,0.1855657958000007,curt_hydro,prm15_fix_wcost_re17_c2p1_co2_cut90p_tnt1
2045,Brazil,2.2221033048000023,curt_hydro,prm15_fix_wcost_re17_c2p1_co2_cut90p_tnt1
2045,Chile,0.0,curt_hydro,prm15_fix_wcost_re17_c2p1_co2_cut90p_tnt1
2045,Paraguay,4.945088072563631,curt_hydro,prm15_fix_wcost_re17_c2p1_co2_cut90p_tnt1
2045,Uruguay,0.0,curt_hydro,prm15_fix_wcost_re17_c2p1_co2_cut90p_tnt1
2050,Argentina,0.08426365600000094,curt_hydro,prm15_fix_wcost_re17_c2p1_co2_cut90p_tnt1
2050,Brazil,1.6904270388000024,curt_hydro,prm15_fix_wcost_re17_c2p1_co2_cut90p_tnt1
2050,Chile,0.0,curt_hydro,prm15_fix_wcost_re17_c2p1_co2_cut90p_tnt1
2050,Paraguay,6.036618537603936,curt_hydro,prm15_fix_wcost_re17_c2p1_co2_cut90p_tnt1
2050,Uruguay,0.0,curt_hydro,prm15_fix_wcost_re17_c2p1_co2_cut90p_tnt1
2020,Argentina,0.0,curt_hydro,prm15_fix_wcost_re17_c2p1_tnt1
2020,Brazil,2.1442609961876777,curt_hydro,prm15_fix_wcost_re17_c2p1_tnt1
2020,Chile,0.0,curt_hydro,prm15_fix_wcost_re17_c2p1_tnt1
2020,Paraguay,49.10975958724997,curt_hydro,prm15_fix_wcost_re17_c2p1_tnt1
2020,Uruguay,0.0,curt_hydro,prm15_fix_wcost_re17_c2p1_tnt1
2025,Argentina,0.0,curt_hydro,prm15_fix_wcost_re17_c2p1_tnt1
2025,Brazil,4.176190322897393,curt_hydro,prm15_fix_wcost_re17_c2p1_tnt1
2025,Chile,0.0,curt_hydro,prm15_fix_wcost_re17_c2p1_tnt1
2025,Paraguay,44.389782232499996,curt_hydro,prm15_fix_wcost_re17_c2p1_tnt1
2025,Uruguay,0.0,curt_hydro,prm15_fix_wcost_re17_c2p1_tnt1
2030,Argentina,0.0,curt_hydro,prm15_fix_wcost_re17_c2p1_tnt1
2030,Brazil,0.3412062111578158,curt_hydro,prm15_fix_wcost_re17_c2p1_tnt1
2030,Chile,0.0,curt_hydro,prm15_fix_wcost_re17_c2p1_tnt1
2030,Paraguay,37.0118522675,curt_hydro,prm15_fix_wcost_re17_c2p1_tnt1
2030,Uruguay,0.0,curt_hydro,prm15_fix_wcost_re17_c2p1_tnt1
2035,Argentina,0.0,curt_hydro,prm15_fix_wcost_re17_c2p1_tnt1
2035,Brazil,0.0,curt_hydro,prm15_fix_wcost_re17_c2p1_tnt1
2035,Chile,0.0,curt_hydro,prm15_fix_wcost_re17_c2p1_tnt1
2035,Paraguay,27.393218182499982,curt_hydro,prm15_fix_wcost_re17_c2p1_tnt1
2035,Uruguay,0.0,curt_hydro,prm15_fix_wcost_re17_c2p1_tnt1
2040,Argentina,0.0,curt_hydro,prm15_fix_wcost_re17_c2p1_tnt1
2040,Brazil,0.0,curt_hydro,prm15_fix_wcost_re17_c2p1_tnt1
2040,Chile,0.0,curt_hydro,prm15_fix_wcost_re17_c2p1_tnt1
2040,Paraguay,15.187117767499988,curt_hydro,prm15_fix_wcost_re17_c2p1_tnt1
2040,Uruguay,0.0,curt_hydro,prm15_fix_wcost_re17_c2p1_tnt1
2045,Argentina,0.0,curt_hydro,prm15_fix_wcost_re17_c2p1_tnt1
2045,Brazil,0.0,curt_hydro,prm15_fix_wcost_re17_c2p1_tnt1
2045,Chile,0.0,curt_hydro,prm15_fix_wcost_re17_c2p1_tnt1
2045,Paraguay,4.4970381034774976,curt_hydro,prm15_fix_wcost_re17_c2p1_tnt1
2045,Uruguay,0.0,curt_hydro,prm15_fix_wcost_re17_c2p1_tnt1
2050,Argentina,0.0,curt_hydro,prm15_fix_wcost_re17_c2p1_tnt1
2050,Brazil,0.0,curt_hydro,prm15_fix_wcost_re17_c2p1_tnt1
2050,Chile,0.0,curt_hydro,prm15_fix_wcost_re17_c2p1_tnt1
2050,Paraguay,0.9423337558257716,curt_hydro,prm15_fix_wcost_re17_c2p1_tnt1
2050,Uruguay,0.31193810680841133,curt_hydro,prm15_fix_wcost_re17_c2p1_tnt1
2020,Argentina,0.0,curt_hydro,prm15_fix_wcost_re18_c2p1_co2_cut90p_tnt1
2020,Brazil,2.0232378200225396,curt_hydro,prm15_fix_wcost_re18_c2p1_co2_cut90p_tnt1
2020,Chile,0.0,curt_hydro,prm15_fix_wcost_re18_c2p1_co2_cut90p_tnt1
2020,Paraguay,49.10975617724997,curt_hydro,prm15_fix_wcost_re18_c2p1_co2_cut90p_tnt1
2020,Uruguay,0.0,curt_hydro,prm15_fix_wcost_re18_c2p1_co2_cut90p_tnt1
2025,Argentina,0.0,curt_hydro,prm15_fix_wcost_re18_c2p1_co2_cut90p_tnt1
2025,Brazil,4.057359734042431,curt_hydro,prm15_fix_wcost_re18_c2p1_co2_cut90p_tnt1
2025,Chile,0.0,curt_hydro,prm15_fix_wcost_re18_c2p1_co2_cut90p_tnt1
2025,Paraguay,44.38977571499999,curt_hydro,prm15_fix_wcost_re18_c2p1_co2_cut90p_tnt1
2025,Uruguay,0.0,curt_hydro,prm15_fix_wcost_re18_c2p1_co2_cut90p_tnt1
2030,Argentina,0.0,curt_hydro,prm15_fix_wcost_re18_c2p1_co2_cut90p_tnt1
2030,Brazil,3.191580807631945,curt_hydro,prm15_fix_wcost_re18_c2p1_co2_cut90p_tnt1
2030,Chile,0.0,curt_hydro,prm15_fix_wcost_re18_c2p1_co2_cut90p_tnt1
2030,Paraguay,37.01184245,curt_hydro,prm15_fix_wcost_re18_c2p1_co2_cut90p_tnt1
2030,Uruguay,0.0,curt_hydro,prm15_fix_wcost_re18_c2p1_co2_cut90p_tnt1
2035,Argentina,9.636034917110786,curt_hydro,prm15_fix_wcost_re18_c2p1_co2_cut90p_tnt1
2035,Brazil,10.375421709927936,curt_hydro,prm15_fix_wcost_re18_c2p1_co2_cut90p_tnt1
2035,Chile,0.0,curt_hydro,prm15_fix_wcost_re18_c2p1_co2_cut90p_tnt1
2035,Paraguay,27.394040072499987,curt_hydro,prm15_fix_wcost_re18_c2p1_co2_cut90p_tnt1
2035,Uruguay,0.0,curt_hydro,prm15_fix_wcost_re18_c2p1_co2_cut90p_tnt1
2040,Argentina,21.050712479911564,curt_hydro,prm15_fix_wcost_re18_c2p1_co2_cut90p_tnt1
2040,Brazil,14.331317038223888,curt_hydro,prm15_fix_wcost_re18_c2p1_co2_cut90p_tnt1
2040,Chile,0.05970852317020806,curt_hydro,prm15_fix_wcost_re18_c2p1_co2_cut90p_tnt1
2040,Paraguay,15.187686349999986,curt_hydro,prm15_fix_wcost_re18_c2p1_co2_cut90p_tnt1
2040,Uruguay,0.0,curt_hydro,prm15_fix_wcost_re18_c2p1_co2_cut90p_tnt1
2045,Argentina,29.829665947235927,curt_hydro,prm15_fix_wcost_re18_c2p1_co2_cut90p_tnt1
2045,Brazil,16.226794157564193,curt_hydro,prm15_fix_wcost_re18_c2p1_co2_cut90p_tnt1
2045,Chile,0.3129584799105647,curt_hydro,prm15_fix_wcost_re18_c2p1_co2_cut90p_tnt1
2045,Paraguay,5.4272116127423224,curt_hydro,prm15_fix_wcost_re18_c2p1_co2_cut90p_tnt1
2045,Uruguay,0.36202680725491376,curt_hydro,prm15_fix_wcost_re18_c2p1_co2_cut90p_tnt1
2050,Argentina,36.32775270820002,curt_hydro,prm15_fix_wcost_re18_c2p1_co2_cut90p_tnt1
2050,Brazil,30.22349747673829,curt_hydro,prm15_fix_wcost_re18_c2p1_co2_cut90p_tnt1
2050,Chile,0.10123467592506666,curt_hydro,prm15_fix_wcost_re18_c2p1_co2_cut90p_tnt1
2050,Paraguay,2.6602507365447368,curt_hydro,prm15_fix_wcost_re18_c2p1_co2_cut90p_tnt1
2050,Uruguay,0.42400509960874194,curt_hydro,prm15_fix_wcost_re18_c2p1_co2_cut90p_tnt1
2020,Argentina,0.0,curt_hydro,prm15_fix_wcost_re18_c2p1_tnt1
2020,Brazil,2.1431307609216246,curt_hydro,prm15_fix_wcost_re18_c2p1_tnt1
2020,Chile,0.0,curt_hydro,prm15_fix_wcost_re18_c2p1_tnt1
2020,Paraguay,49.109759587249975,curt_hydro,prm15_fix_wcost_re18_c2p1_tnt1
2020,Uruguay,0.0,curt_hydro,prm15_fix_wcost_re18_c2p1_tnt1
2025,Argentina,0.0,curt_hydro,prm15_fix_wcost_re18_c2p1_tnt1
2025,Brazil,2.5625438876135953,curt_hydro,prm15_fix_wcost_re18_c2p1_tnt1
2025,Chile,0.0,curt_hydro,prm15_fix_wcost_re18_c2p1_tnt1
2025,Paraguay,44.38978564249999,curt_hydro,prm15_fix_wcost_re18_c2p1_tnt1
2025,Uruguay,0.0,curt_hydro,prm15_fix_wcost_re18_c2p1_tnt1
2030,Argentina,0.0,curt_hydro,prm15_fix_wcost_re18_c2p1_tnt1
2030,Brazil,0.0,curt_hydro,prm15_fix_wcost_re18_c2p1_tnt1
2030,Chile,0.0,curt_hydro,prm15_fix_wcost_re18_c2p1_tnt1
2030,Paraguay,37.0118489675,curt_hydro,prm15_fix_wcost_re18_c2p1_tnt1
2030,Uruguay,0.0,curt_hydro,prm15_fix_wcost_re18_c2p1_tnt1
2035,Argentina,0.0,curt_hydro,prm15_fix_wcost_re18_c2p1_tnt1
2035,Brazil,0.0,curt_hydro,prm15_fix_wcost_re18_c2p1_tnt1
2035,Chile,0.0,curt_hydro,prm15_fix_wcost_re18_c2p1_tnt1
2035,Paraguay,27.39321818249999,curt_hydro,prm15_fix_wcost_re18_c2p1_tnt1
2035,Uruguay,0.0,curt_hydro,prm15_fix_wcost_re18_c2p1_tnt1
2040,Argentina,0.0,curt_hydro,prm15_fix_wcost_re18_c2p1_tnt1
2040,Brazil,0.0,curt_hydro,prm15_fix_wcost_re18_c2p1_tnt1
2040,Chile,0.0,curt_hydro,prm15_fix_wcost_re18_c2p1_tnt1
2040,Paraguay,15.187121067499985,curt_hydro,prm15_fix_wcost_re18_c2p1_tnt1
2040,Uruguay,0.0,curt_hydro,prm15_fix_wcost_re18_c2p1_tnt1
2045,Argentina,0.0,curt_hydro,prm15_fix_wcost_re18_c2p1_tnt1
2045,Brazil,0.0,curt_hydro,prm15_fix_wcost_re18_c2p1_tnt1
2045,Chile,0.0,curt_hydro,prm15_fix_wcost_re18_c2p1_tnt1
2045,Paraguay,4.49208762324394,curt_hydro,prm15_fix_wcost_re18_c2p1_tnt1
2045,Uruguay,0.0,curt_hydro,prm15_fix_wcost_re18_c2p1_tnt1
2050,Argentina,0.0,curt_hydro,prm15_fix_wcost_re18_c2p1_tnt1
2050,Brazil,0.0,curt_hydro,prm15_fix_wcost_re18_c2p1_tnt1
2050,Chile,0.0,curt_hydro,prm15_fix_wcost_re18_c2p1_tnt1
2050,Paraguay,0.6397589819999902,curt_hydro,prm15_fix_wcost_re18_c2p1_tnt1
2050,Uruguay,0.0,curt_hydro,prm15_fix_wcost_re18_c2p1_tnt1
2020,Argentina,0.0,curt_hydro,prm15_fix_wcost_re19_c2p1_co2_cut90p_tnt1
2020,Brazil,2.075108751908049,curt_hydro,prm15_fix_wcost_re19_c2p1_co2_cut90p_tnt1
2020,Chile,0.0,curt_hydro,prm15_fix_wcost_re19_c2p1_co2_cut90p_tnt1
2020,Paraguay,49.109759587249975,curt_hydro,prm15_fix_wcost_re19_c2p1_co2_cut90p_tnt1
2020,Uruguay,0.0,curt_hydro,prm15_fix_wcost_re19_c2p1_co2_cut90p_tnt1
2025,Argentina,0.0,curt_hydro,prm15_fix_wcost_re19_c2p1_co2_cut90p_tnt1
2025,Brazil,3.9405821359958884,curt_hydro,prm15_fix_wcost_re19_c2p1_co2_cut90p_tnt1
2025,Chile,0.0,curt_hydro,prm15_fix_wcost_re19_c2p1_co2_cut90p_tnt1
2025,Paraguay,44.38978564249999,curt_hydro,prm15_fix_wcost_re19_c2p1_co2_cut90p_tnt1
2025,Uruguay,0.0,curt_hydro,prm15_fix_wcost_re19_c2p1_co2_cut90p_tnt1
2030,Argentina,0.0,curt_hydro,prm15_fix_wcost_re19_c2p1_co2_cut90p_tnt1
2030,Brazil,3.7369287009530576,curt_hydro,prm15_fix_wcost_re19_c2p1_co2_cut90p_tnt1
2030,Chile,0.0,curt_hydro,prm15_fix_wcost_re19_c2p1_co2_cut90p_tnt1
2030,Paraguay,37.011845859999994,curt_hydro,prm15_fix_wcost_re19_c2p1_co2_cut90p_tnt1
2030,Uruguay,0.0,curt_hydro,prm15_fix_wcost_re19_c2p1_co2_cut90p_tnt1
2035,Argentina,9.675482899517222,curt_hydro,prm15_fix_wcost_re19_c2p1_co2_cut90p_tnt1
2035,Brazil,10.330314947895362,curt_hydro,prm15_fix_wcost_re19_c2p1_co2_cut90p_tnt1
2035,Chile,0.002534690119476271,curt_hydro,prm15_fix_wcost_re19_c2p1_co2_cut90p_tnt1
2035,Paraguay,27.39406588249999,curt_hydro,prm15_fix_wcost_re19_c2p1_co2_cut90p_tnt1
2035,Uruguay,0.0,curt_hydro,prm15_fix_wcost_re19_c2p1_co2_cut90p_tnt1
2040,Argentina,20.21005441631741,curt_hydro,prm15_fix_wcost_re19_c2p1_co2_cut90p_tnt1
2040,Brazil,14.70808403029724,curt_hydro,prm15_fix_wcost_re19_c2p1_co2_cut90p_tnt1
2040,Chile,0.14164570825064393,curt_hydro,prm15_fix_wcost_re19_c2p1_co2_cut90p_tnt1
2040,Paraguay,15.187809452499987,curt_hydro,prm15_fix_wcost_re19_c2p1_co2_cut90p_tnt1
2040,Uruguay,0.0,curt_hydro,prm15_fix_wcost_re19_c2p1_co2_cut90p_tnt1
2045,Argentina,29.06288564801542,curt_hydro,prm15_fix_wcost_re19_c2p1_co2_cut90p_tnt1
2045,Brazil,18.29082533481723,curt_hydro,prm15_fix_wcost_re19_c2p1_co2_cut90p_tnt1
2045,Chile,0.3809014122487998,curt_hydro,prm15_fix_wcost_re19_c2p1_co2_cut90p_tnt1
2045,Paraguay,6.83849603213956,curt_hydro,prm15_fix_wcost_re19_c2p1_co2_cut90p_tnt1
2045,Uruguay,0.0,curt_hydro,prm15_fix_wcost_re19_c2p1_co2_cut90p_tnt1
2050,Argentina,35.75441526448445,curt_hydro,prm15_fix_wcost_re19_c2p1_co2_cut90p_tnt1
2050,Brazil,34.72493269882546,curt_hydro,prm15_fix_wcost_re19_c2p1_co2_cut90p_tnt1
2050,Chile,0.27759324450472983,curt_hydro,prm15_fix_wcost_re19_c2p1_co2_cut90p_tnt1
2050,Paraguay,2.476666324940223,curt_hydro,prm15_fix_wcost_re19_c2p1_co2_cut90p_tnt1
2050,Uruguay,0.4771054242810574,curt_hydro,prm15_fix_wcost_re19_c2p1_co2_cut90p_tnt1
2020,Argentina,0.0,curt_hydro,prm15_fix_wcost_re19_c2p1_tnt1
2020,Brazil,2.1398814591039375,curt_hydro,prm15_fix_wcost_re19_c2p1_tnt1
2020,Chile,0.0,curt_hydro,prm15_fix_wcost_re19_c2p1_tnt1
2020,Paraguay,49.109759587249975,curt_hydro,prm15_fix_wcost_re19_c2p1_tnt1
2020,Uruguay,0.0,curt_hydro,prm15_fix_wcost_re19_c2p1_tnt1
2025,Argentina,0.0,curt_hydro,prm15_fix_wcost_re19_c2p1_tnt1
2025,Brazil,2.4907036326779615,curt_hydro,prm15_fix_wcost_re19_c2p1_tnt1
2025,Chile,0.0,curt_hydro,prm15_fix_wcost_re19_c2p1_tnt1
2025,Paraguay,44.389782232499996,curt_hydro,prm15_fix_wcost_re19_c2p1_tnt1
2025,Uruguay,0.0,curt_hydro,prm15_fix_wcost_re19_c2p1_tnt1
2030,Argentina,0.0,curt_hydro,prm15_fix_wcost_re19_c2p1_tnt1
2030,Brazil,0.0,curt_hydro,prm15_fix_wcost_re19_c2p1_tnt1
2030,Chile,0.0,curt_hydro,prm15_fix_wcost_re19_c2p1_tnt1
2030,Paraguay,37.0118454475,curt_hydro,prm15_fix_wcost_re19_c2p1_tnt1
2030,Uruguay,0.0,curt_hydro,prm15_fix_wcost_re19_c2p1_tnt1
2035,Argentina,0.0,curt_hydro,prm15_fix_wcost_re19_c2p1_tnt1
2035,Brazil,0.0,curt_hydro,prm15_fix_wcost_re19_c2p1_tnt1
2035,Chile,0.0,curt_hydro,prm15_fix_wcost_re19_c2p1_tnt1
2035,Paraguay,27.393218484999984,curt_hydro,prm15_fix_wcost_re19_c2p1_tnt1
2035,Uruguay,0.0,curt_hydro,prm15_fix_wcost_re19_c2p1_tnt1
2040,Argentina,0.0,curt_hydro,prm15_fix_wcost_re19_c2p1_tnt1
2040,Brazil,0.0,curt_hydro,prm15_fix_wcost_re19_c2p1_tnt1
2040,Chile,0.0,curt_hydro,prm15_fix_wcost_re19_c2p1_tnt1
2040,Paraguay,15.187114357499986,curt_hydro,prm15_fix_wcost_re19_c2p1_tnt1
2040,Uruguay,0.0,curt_hydro,prm15_fix_wcost_re19_c2p1_tnt1
2045,Argentina,0.0,curt_hydro,prm15_fix_wcost_re19_c2p1_tnt1
2045,Brazil,0.0,curt_hydro,prm15_fix_wcost_re19_c2p1_tnt1
2045,Chile,0.0,curt_hydro,prm15_fix_wcost_re19_c2p1_tnt1
2045,Paraguay,4.493933612108173,curt_hydro,prm15_fix_wcost_re19_c2p1_tnt1
2045,Uruguay,0.0,curt_hydro,prm15_fix_wcost_re19_c2p1_tnt1
2050,Argentina,0.0,curt_hydro,prm15_fix_wcost_re19_c2p1_tnt1
2050,Brazil,0.0,curt_hydro,prm15_fix_wcost_re19_c2p1_tnt1
2050,Chile,0.0,curt_hydro,prm15_fix_wcost_re19_c2p1_tnt1
2050,Paraguay,0.6139174849878516,curt_hydro,prm15_fix_wcost_re19_c2p1_tnt1
2050,Uruguay,0.0,curt_hydro,prm15_fix_wcost_re19_c2p1_tnt1
2020,Argentina,0.0,curt_hydro,prm15_fix_wcost_re20_c2p1_co2_cut90p_tnt1
2020,Brazil,2.0426056808440505,curt_hydro,prm15_fix_wcost_re20_c2p1_co2_cut90p_tnt1
2020,Chile,0.0,curt_hydro,prm15_fix_wcost_re20_c2p1_co2_cut90p_tnt1
2020,Paraguay,49.109759587249975,curt_hydro,prm15_fix_wcost_re20_c2p1_co2_cut90p_tnt1
2020,Uruguay,0.0,curt_hydro,prm15_fix_wcost_re20_c2p1_co2_cut90p_tnt1
2025,Argentina,0.0,curt_hydro,prm15_fix_wcost_re20_c2p1_co2_cut90p_tnt1
2025,Brazil,5.883005115407557,curt_hydro,prm15_fix_wcost_re20_c2p1_co2_cut90p_tnt1
2025,Chile,0.0,curt_hydro,prm15_fix_wcost_re20_c2p1_co2_cut90p_tnt1
2025,Paraguay,44.38977882249999,curt_hydro,prm15_fix_wcost_re20_c2p1_co2_cut90p_tnt1
2025,Uruguay,0.0,curt_hydro,prm15_fix_wcost_re20_c2p1_co2_cut90p_tnt1
2030,Argentina,0.0,curt_hydro,prm15_fix_wcost_re20_c2p1_co2_cut90p_tnt1
2030,Brazil,2.7247215347067377,curt_hydro,prm15_fix_wcost_re20_c2p1_co2_cut90p_tnt1
2030,Chile,0.0,curt_hydro,prm15_fix_wcost_re20_c2p1_co2_cut90p_tnt1
2030,Paraguay,37.011835437500004,curt_hydro,prm15_fix_wcost_re20_c2p1_co2_cut90p_tnt1
2030,Uruguay,0.0,curt_hydro,prm15_fix_wcost_re20_c2p1_co2_cut90p_tnt1
2035,Argentina,5.497067643932046,curt_hydro,prm15_fix_wcost_re20_c2p1_co2_cut90p_tnt1
2035,Brazil,6.0452938100984674,curt_hydro,prm15_fix_wcost_re20_c2p1_co2_cut90p_tnt1
2035,Chile,0.0,curt_hydro,prm15_fix_wcost_re20_c2p1_co2_cut90p_tnt1
2035,Paraguay,27.393812774999986,curt_hydro,prm15_fix_wcost_re20_c2p1_co2_cut90p_tnt1
2035,Uruguay,0.0,curt_hydro,prm15_fix_wcost_re20_c2p1_co2_cut90p_tnt1
2040,Argentina,16.453895097279442,curt_hydro,prm15_fix_wcost_re20_c2p1_co2_cut90p_tnt1
2040,Brazil,12.927223714267788,curt_hydro,prm15_fix_wcost_re20_c2p1_co2_cut90p_tnt1
2040,Chile,0.0,curt_hydro,prm15_fix_wcost_re20_c2p1_co2_cut90p_tnt1
2040,Paraguay,15.18787717749999,curt_hydro,prm15_fix_wcost_re20_c2p1_co2_cut90p_tnt1
2040,Uruguay,0.029724188739319462,curt_hydro,prm15_fix_wcost_re20_c2p1_co2_cut90p_tnt1
2045,Argentina,22.5850712070533,curt_hydro,prm15_fix_wcost_re20_c2p1_co2_cut90p_tnt1
2045,Brazil,29.0066690981901,curt_hydro,prm15_fix_wcost_re20_c2p1_co2_cut90p_tnt1
2045,Chile,0.0,curt_hydro,prm15_fix_wcost_re20_c2p1_co2_cut90p_tnt1
2045,Paraguay,6.028429974339716,curt_hydro,prm15_fix_wcost_re20_c2p1_co2_cut90p_tnt1
2045,Uruguay,0.3796083913335855,curt_hydro,prm15_fix_wcost_re20_c2p1_co2_cut90p_tnt1
2050,Argentina,35.44375485287255,curt_hydro,prm15_fix_wcost_re20_c2p1_co2_cut90p_tnt1
2050,Brazil,46.9175497408806,curt_hydro,prm15_fix_wcost_re20_c2p1_co2_cut90p_tnt1
2050,Chile,0.04485600000000013,curt_hydro,prm15_fix_wcost_re20_c2p1_co2_cut90p_tnt1
2050,Paraguay,2.4817707294862847,curt_hydro,prm15_fix_wcost_re20_c2p1_co2_cut90p_tnt1
2050,Uruguay,0.6146109559772979,curt_hydro,prm15_fix_wcost_re20_c2p1_co2_cut90p_tnt1
2020,Argentina,0.0,curt_hydro,prm15_fix_wcost_re20_c2p1_tnt1
2020,Brazil,2.070124547605511,curt_hydro,prm15_fix_wcost_re20_c2p1_tnt1
2020,Chile,0.0,curt_hydro,prm15_fix_wcost_re20_c2p1_tnt1
2020,Paraguay,49.10975617724998,curt_hydro,prm15_fix_wcost_re20_c2p1_tnt1
2020,Uruguay,0.0,curt_hydro,prm15_fix_wcost_re20_c2p1_tnt1
2025,Argentina,0.0,curt_hydro,prm15_fix_wcost_re20_c2p1_tnt1
2025,Brazil,4.768770708954735,curt_hydro,prm15_fix_wcost_re20_c2p1_tnt1
2025,Chile,0.0,curt_hydro,prm15_fix_wcost_re20_c2p1_tnt1
2025,Paraguay,44.38977912499998,curt_hydro,prm15_fix_wcost_re20_c2p1_tnt1
2025,Uruguay,0.0,curt_hydro,prm15_fix_wcost_re20_c2p1_tnt1
2030,Argentina,0.0,curt_hydro,prm15_fix_wcost_re20_c2p1_tnt1
2030,Brazil,1.4945860982758037,curt_hydro,prm15_fix_wcost_re20_c2p1_tnt1
2030,Chile,0.0,curt_hydro,prm15_fix_wcost_re20_c2p1_tnt1
2030,Paraguay,37.0118389575,curt_hydro,prm15_fix_wcost_re20_c2p1_tnt1
2030,Uruguay,0.0,curt_hydro,prm15_fix_wcost_re20_c2p1_tnt1
2035,Argentina,0.0,curt_hydro,prm15_fix_wcost_re20_c2p1_tnt1
2035,Brazil,0.0,curt_hydro,prm15_fix_wcost_re20_c2p1_tnt1
2035,Chile,0.0,curt_hydro,prm15_fix_wcost_re20_c2p1_tnt1
2035,Paraguay,27.393218182499986,curt_hydro,prm15_fix_wcost_re20_c2p1_tnt1
2035,Uruguay,0.0,curt_hydro,prm15_fix_wcost_re20_c2p1_tnt1
2040,Argentina,0.0,curt_hydro,prm15_fix_wcost_re20_c2p1_tnt1
2040,Brazil,0.0,curt_hydro,prm15_fix_wcost_re20_c2p1_tnt1
2040,Chile,0.0,curt_hydro,prm15_fix_wcost_re20_c2p1_tnt1
2040,Paraguay,15.187117657499986,curt_hydro,prm15_fix_wcost_re20_c2p1_tnt1
2040,Uruguay,0.0,curt_hydro,prm15_fix_wcost_re20_c2p1_tnt1
2045,Argentina,0.0,curt_hydro,prm15_fix_wcost_re20_c2p1_tnt1
2045,Brazil,0.0,curt_hydro,prm15_fix_wcost_re20_c2p1_tnt1
2045,Chile,0.0,curt_hydro,prm15_fix_wcost_re20_c2p1_tnt1
2045,Paraguay,4.679180729629502,curt_hydro,prm15_fix_wcost_re20_c2p1_tnt1
2045,Uruguay,0.0,curt_hydro,prm15_fix_wcost_re20_c2p1_tnt1
2050,Argentina,0.0,curt_hydro,prm15_fix_wcost_re20_c2p1_tnt1
2050,Brazil,0.0,curt_hydro,prm15_fix_wcost_re20_c2p1_tnt1
2050,Chile,0.0,curt_hydro,prm15_fix_wcost_re20_c2p1_tnt1
2050,Paraguay,0.8178939450483858,curt_hydro,prm15_fix_wcost_re20_c2p1_tnt1
2050,Uruguay,0.1041893326876044,curt_hydro,prm15_fix_wcost_re20_c2p1_tnt1
