period,load_zone,scs_id,unmet_twh,added_cost_$M
2035,Uruguay,prm15_fix_wcost_re9_c2p1_tnt1,0.0,0.0
2035,Uruguay,prm15_fix_wcost_re3_c2p1_tnt1,0.0,0.0
2035,Uruguay,prm15_fix_wcost_re4_c2p1_co2_cut90p_tnt1,0.0,0.0
2035,Uruguay,prm15_fix_wcost_re4_c2p1_tnt1,0.0,0.0
2035,Uruguay,prm15_fix_wcost_re5_c2p1_co2_cut90p_tnt1,0.0,0.0
2035,Uruguay,prm15_fix_wcost_re5_c2p1_tnt1,0.0,0.0
2035,Uruguay,prm15_fix_wcost_re6_c2p1_co2_cut90p_tnt1,0.0,0.0
2035,Uruguay,prm15_fix_wcost_re6_c2p1_tnt1,0.0,0.0
2035,Uruguay,prm15_fix_wcost_re7_c2p1_co2_cut90p_tnt1,0.0,0.0
2035,Uruguay,prm15_fix_wcost_re7_c2p1_tnt1,0.0,0.0
2035,Uruguay,prm15_fix_wcost_re2_c2p1_tnt1,0.0,0.0
2035,Uruguay,prm15_fix_wcost_re8_c2p1_tnt1,0.0,0.0
2040,Argentina,prm15_fix_wcost_re11_c2p1_tnt1,0.0,0.0
2040,Argentina,prm15_fix_wcost_re12_c2p1_tnt1,0.0,0.0
2040,Argentina,prm15_fix_wcost_re13_c2p1_tnt1,0.0,0.0
2040,Argentina,prm15_fix_wcost_re14_c2p1_tnt1,0.0,0.0
2040,Argentina,prm15_fix_wcost_re15_c2p1_tnt1,0.0,0.0
2040,Argentina,prm15_fix_wcost_re16_c2p1_tnt1,0.0,0.0
2040,Argentina,prm15_fix_wcost_re17_c2p1_tnt1,0.0,0.0
2040,Argentina,prm15_fix_wcost_re18_c2p1_tnt1,0.0,0.0
2040,Argentina,prm15_fix_wcost_re19_c2p1_tnt1,0.0,0.0
2040,Argentina,prm15_fix_wcost_re10_c2p1_tnt1,0.0,0.0
2035,Uruguay,prm15_fix_wcost_re2_c2p1_co2_cut90p_tnt1,0.0,0.0
2035,Uruguay,prm15_fix_wcost_re20_c2p1_tnt1,0.0,0.0
2035,Uruguay,prm15_fix_wcost_re1_c2p1_tnt1,0.0,0.0
2035,Paraguay,prm15_fix_wcost_re5_c2p1_tnt1,0.0,0.0
2035,Paraguay,prm15_fix_wcost_re6_c2p1_co2_cut90p_tnt1,0.0,0.0
2035,Paraguay,prm15_fix_wcost_re6_c2p1_tnt1,0.0,0.0
2035,Paraguay,prm15_fix_wcost_re7_c2p1_co2_cut90p_tnt1,0.0,0.0
2035,Paraguay,prm15_fix_wcost_re7_c2p1_tnt1,0.0,0.0
2035,Paraguay,prm15_fix_wcost_re8_c2p1_co2_cut90p_tnt1,0.0,0.0
2035,Paraguay,prm15_fix_wcost_re8_c2p1_tnt1,0.0,0.0
2035,Paraguay,prm15_fix_wcost_re9_c2p1_co2_cut90p_tnt1,0.0,0.0
2035,Paraguay,prm15_fix_wcost_re9_c2p1_tnt1,0.0,0.0
2035,Uruguay,prm15_fix_wcost_re10_c2p1_co2_cut90p_tnt1,0.0,0.0
2035,Uruguay,prm15_fix_wcost_re10_c2p1_tnt1,0.0,0.0
2035,Uruguay,prm15_fix_wcost_re11_c2p1_tnt1,0.0,0.0
2035,Uruguay,prm15_fix_wcost_re12_c2p1_tnt1,0.0,0.0
2035,Uruguay,prm15_fix_wcost_re13_c2p1_tnt1,0.0,0.0
2035,Uruguay,prm15_fix_wcost_re14_c2p1_tnt1,0.0,0.0
2035,Uruguay,prm15_fix_wcost_re15_c2p1_tnt1,0.0,0.0
2035,Uruguay,prm15_fix_wcost_re16_c2p1_tnt1,0.0,0.0
2035,Uruguay,prm15_fix_wcost_re17_c2p1_tnt1,0.0,0.0
2035,Uruguay,prm15_fix_wcost_re18_c2p1_tnt1,0.0,0.0
2035,Uruguay,prm15_fix_wcost_re19_c2p1_tnt1,0.0,0.0
2035,Uruguay,prm15_fix_wcost_re1_c2p1_co2_cut90p_tnt1,0.0,0.0
2040,Argentina,prm15_fix_wcost_re1_c2p1_tnt1,0.0,0.0
2040,Argentina,prm15_fix_wcost_re20_c2p1_tnt1,0.0,0.0
2040,Argentina,prm15_fix_wcost_re2_c2p1_tnt1,0.0,0.0
2040,Argentina,prm15_fix_wcost_re3_c2p1_tnt1,0.0,0.0
2040,Chile,prm15_fix_wcost_re11_c2p1_tnt1,0.0,0.0
2040,Chile,prm15_fix_wcost_re12_c2p1_tnt1,0.0,0.0
2040,Chile,prm15_fix_wcost_re13_c2p1_tnt1,0.0,0.0
2040,Chile,prm15_fix_wcost_re14_c2p1_tnt1,0.0,0.0
2040,Chile,prm15_fix_wcost_re15_c2p1_tnt1,0.0,0.0
2040,Chile,prm15_fix_wcost_re16_c2p1_tnt1,0.0,0.0
2040,Chile,prm15_fix_wcost_re17_c2p1_tnt1,0.0,0.0
2040,Chile,prm15_fix_wcost_re18_c2p1_tnt1,0.0,0.0
2040,Chile,prm15_fix_wcost_re19_c2p1_tnt1,0.0,0.0
2040,Chile,prm15_fix_wcost_re1_c2p1_tnt1,0.0,0.0
2040,Chile,prm15_fix_wcost_re20_c2p1_tnt1,0.0,0.0
2040,Chile,prm15_fix_wcost_re2_c2p1_tnt1,0.0,0.0
2040,Chile,prm15_fix_wcost_re3_c2p1_tnt1,0.0,0.0
2040,Chile,prm15_fix_wcost_re4_c2p1_tnt1,0.0,0.0
2040,Chile,prm15_fix_wcost_re5_c2p1_tnt1,0.0,0.0
2040,Chile,prm15_fix_wcost_re6_c2p1_tnt1,0.0,0.0
2040,Chile,prm15_fix_wcost_re7_c2p1_tnt1,0.0,0.0
2040,Chile,prm15_fix_wcost_re8_c2p1_tnt1,0.0,0.0
2040,Chile,prm15_fix_wcost_re9_c2p1_tnt1,0.0,0.0
2040,Paraguay,prm15_fix_wcost_re10_c2p1_co2_cut90p_tnt1,0.0,0.0
2040,Paraguay,prm15_fix_wcost_re10_c2p1_tnt1,0.0,0.0
2040,Chile,prm15_fix_wcost_re10_c2p1_tnt1,0.0,0.0
2035,Paraguay,prm15_fix_wcost_re5_c2p1_co2_cut90p_tnt1,0.0,0.0
2040,Brazil,prm15_fix_wcost_re9_c2p1_tnt1,0.0,0.0
2040,Brazil,prm15_fix_wcost_re7_c2p1_tnt1,0.0,0.0
2040,Argentina,prm15_fix_wcost_re4_c2p1_tnt1,0.0,0.0
2040,Argentina,prm15_fix_wcost_re5_c2p1_tnt1,0.0,0.0
2040,Argentina,prm15_fix_wcost_re6_c2p1_tnt1,0.0,0.0
2040,Argentina,prm15_fix_wcost_re7_c2p1_tnt1,0.0,0.0
2040,Argentina,prm15_fix_wcost_re8_c2p1_tnt1,0.0,0.0
2040,Argentina,prm15_fix_wcost_re9_c2p1_tnt1,0.0,0.0
2040,Brazil,prm15_fix_wcost_re10_c2p1_tnt1,0.0,0.0
2040,Brazil,prm15_fix_wcost_re11_c2p1_tnt1,0.0,0.0
2040,Brazil,prm15_fix_wcost_re12_c2p1_tnt1,0.0,0.0
2040,Brazil,prm15_fix_wcost_re13_c2p1_tnt1,0.0,0.0
2040,Brazil,prm15_fix_wcost_re14_c2p1_tnt1,0.0,0.0
2040,Brazil,prm15_fix_wcost_re16_c2p1_tnt1,0.0,0.0
2040,Brazil,prm15_fix_wcost_re18_c2p1_tnt1,0.0,0.0
2040,Brazil,prm15_fix_wcost_re19_c2p1_tnt1,0.0,0.0
2040,Brazil,prm15_fix_wcost_re1_c2p1_tnt1,0.0,0.0
2040,Brazil,prm15_fix_wcost_re20_c2p1_tnt1,0.0,0.0
2040,Brazil,prm15_fix_wcost_re2_c2p1_tnt1,0.0,0.0
2040,Brazil,prm15_fix_wcost_re3_c2p1_tnt1,0.0,0.0
2040,Brazil,prm15_fix_wcost_re4_c2p1_tnt1,0.0,0.0
2040,Brazil,prm15_fix_wcost_re5_c2p1_tnt1,0.0,0.0
2040,Brazil,prm15_fix_wcost_re6_c2p1_tnt1,0.0,0.0
2040,Brazil,prm15_fix_wcost_re8_c2p1_tnt1,0.0,0.0
2040,Paraguay,prm15_fix_wcost_re11_c2p1_co2_cut90p_tnt1,0.0,0.0
2035,Paraguay,prm15_fix_wcost_re4_c2p1_tnt1,0.0,0.0
2035,Paraguay,prm15_fix_wcost_re3_c2p1_tnt1,0.0,0.0
2035,Argentina,prm15_fix_wcost_re2_c2p1_co2_cut90p_tnt1,0.0,0.0
2035,Argentina,prm15_fix_wcost_re2_c2p1_tnt1,0.0,0.0
2035,Argentina,prm15_fix_wcost_re3_c2p1_co2_cut90p_tnt1,0.0,0.0
2035,Argentina,prm15_fix_wcost_re3_c2p1_tnt1,0.0,0.0
2035,Argentina,prm15_fix_wcost_re4_c2p1_co2_cut90p_tnt1,0.0,0.0
2035,Argentina,prm15_fix_wcost_re4_c2p1_tnt1,0.0,0.0
2035,Argentina,prm15_fix_wcost_re5_c2p1_co2_cut90p_tnt1,0.0,0.0
2035,Argentina,prm15_fix_wcost_re5_c2p1_tnt1,0.0,0.0
2035,Argentina,prm15_fix_wcost_re6_c2p1_co2_cut90p_tnt1,0.0,0.0
2035,Argentina,prm15_fix_wcost_re20_c2p1_tnt1,0.0,0.0
2035,Argentina,prm15_fix_wcost_re6_c2p1_tnt1,0.0,0.0
2035,Argentina,prm15_fix_wcost_re7_c2p1_tnt1,0.0,0.0
2035,Argentina,prm15_fix_wcost_re8_c2p1_co2_cut90p_tnt1,0.0,0.0
2035,Argentina,prm15_fix_wcost_re8_c2p1_tnt1,0.0,0.0
2035,Argentina,prm15_fix_wcost_re9_c2p1_co2_cut90p_tnt1,0.0,0.0
2035,Argentina,prm15_fix_wcost_re9_c2p1_tnt1,0.0,0.0
2035,Chile,prm15_fix_wcost_re10_c2p1_co2_cut90p_tnt1,0.0,0.0
2035,Chile,prm15_fix_wcost_re10_c2p1_tnt1,0.0,0.0
2035,Chile,prm15_fix_wcost_re11_c2p1_co2_cut90p_tnt1,0.0,0.0
2035,Chile,prm15_fix_wcost_re11_c2p1_tnt1,0.0,0.0
2035,Argentina,prm15_fix_wcost_re7_c2p1_co2_cut90p_tnt1,0.0,0.0
2035,Argentina,prm15_fix_wcost_re20_c2p1_co2_cut90p_tnt1,0.0,0.0
2035,Argentina,prm15_fix_wcost_re1_c2p1_tnt1,0.0,0.0
2035,Argentina,prm15_fix_wcost_re1_c2p1_co2_cut90p_tnt1,0.0,0.0
2030,Uruguay,prm15_fix_wcost_re9_c2p1_co2_cut90p_tnt1,0.0,0.0
2030,Uruguay,prm15_fix_wcost_re9_c2p1_tnt1,0.0,0.0
2035,Argentina,prm15_fix_wcost_re10_c2p1_co2_cut90p_tnt1,0.0,0.0
2035,Argentina,prm15_fix_wcost_re10_c2p1_tnt1,0.0,0.0
2035,Argentina,prm15_fix_wcost_re11_c2p1_co2_cut90p_tnt1,0.0,0.0
2035,Argentina,prm15_fix_wcost_re11_c2p1_tnt1,0.0,0.0
2035,Argentina,prm15_fix_wcost_re12_c2p1_co2_cut90p_tnt1,0.0,0.0
2035,Argentina,prm15_fix_wcost_re12_c2p1_tnt1,0.0,0.0
2035,Argentina,prm15_fix_wcost_re13_c2p1_co2_cut90p_tnt1,0.0,0.0
2035,Argentina,prm15_fix_wcost_re13_c2p1_tnt1,0.0,0.0
2035,Argentina,prm15_fix_wcost_re14_c2p1_co2_cut90p_tnt1,0.0,0.0
2035,Argentina,prm15_fix_wcost_re14_c2p1_tnt1,0.0,0.0
2035,Argentina,prm15_fix_wcost_re15_c2p1_co2_cut90p_tnt1,0.0,0.0
2035,Argentina,prm15_fix_wcost_re15_c2p1_tnt1,0.0,0.0
2035,Argentina,prm15_fix_wcost_re16_c2p1_tnt1,0.0,0.0
2035,Argentina,prm15_fix_wcost_re17_c2p1_co2_cut90p_tnt1,0.0,0.0
2035,Argentina,prm15_fix_wcost_re17_c2p1_tnt1,0.0,0.0
2035,Argentina,prm15_fix_wcost_re18_c2p1_co2_cut90p_tnt1,0.0,0.0
2035,Argentina,prm15_fix_wcost_re18_c2p1_tnt1,0.0,0.0
2035,Argentina,prm15_fix_wcost_re19_c2p1_co2_cut90p_tnt1,0.0,0.0
2035,Argentina,prm15_fix_wcost_re19_c2p1_tnt1,0.0,0.0
2035,Chile,prm15_fix_wcost_re12_c2p1_tnt1,0.0,0.0
2035,Chile,prm15_fix_wcost_re13_c2p1_tnt1,0.0,0.0
2035,Chile,prm15_fix_wcost_re14_c2p1_tnt1,0.0,0.0
2035,Chile,prm15_fix_wcost_re15_c2p1_tnt1,0.0,0.0
2035,Paraguay,prm15_fix_wcost_re13_c2p1_co2_cut90p_tnt1,0.0,0.0
2035,Paraguay,prm15_fix_wcost_re13_c2p1_tnt1,0.0,0.0
2035,Paraguay,prm15_fix_wcost_re14_c2p1_co2_cut90p_tnt1,0.0,0.0
2035,Paraguay,prm15_fix_wcost_re14_c2p1_tnt1,0.0,0.0
2035,Paraguay,prm15_fix_wcost_re15_c2p1_co2_cut90p_tnt1,0.0,0.0
2035,Paraguay,prm15_fix_wcost_re15_c2p1_tnt1,0.0,0.0
2035,Paraguay,prm15_fix_wcost_re16_c2p1_co2_cut90p_tnt1,0.0,0.0
2035,Paraguay,prm15_fix_wcost_re16_c2p1_tnt1,0.0,0.0
2035,Paraguay,prm15_fix_wcost_re17_c2p1_co2_cut90p_tnt1,0.0,0.0
2035,Paraguay,prm15_fix_wcost_re17_c2p1_tnt1,0.0,0.0
2035,Paraguay,prm15_fix_wcost_re18_c2p1_co2_cut90p_tnt1,0.0,0.0
2035,Paraguay,prm15_fix_wcost_re18_c2p1_tnt1,0.0,0.0
2035,Paraguay,prm15_fix_wcost_re19_c2p1_co2_cut90p_tnt1,0.0,0.0
2035,Paraguay,prm15_fix_wcost_re19_c2p1_tnt1,0.0,0.0
2035,Paraguay,prm15_fix_wcost_re1_c2p1_co2_cut90p_tnt1,0.0,0.0
2035,Paraguay,prm15_fix_wcost_re1_c2p1_tnt1,0.0,0.0
2035,Paraguay,prm15_fix_wcost_re20_c2p1_co2_cut90p_tnt1,0.0,0.0
2035,Paraguay,prm15_fix_wcost_re20_c2p1_tnt1,0.0,0.0
2035,Paraguay,prm15_fix_wcost_re2_c2p1_co2_cut90p_tnt1,0.0,0.0
2035,Paraguay,prm15_fix_wcost_re2_c2p1_tnt1,0.0,0.0
2035,Paraguay,prm15_fix_wcost_re3_c2p1_co2_cut90p_tnt1,0.0,0.0
2035,Paraguay,prm15_fix_wcost_re12_c2p1_tnt1,0.0,0.0
2035,Paraguay,prm15_fix_wcost_re4_c2p1_co2_cut90p_tnt1,0.0,0.0
2035,Paraguay,prm15_fix_wcost_re12_c2p1_co2_cut90p_tnt1,0.0,0.0
2035,Paraguay,prm15_fix_wcost_re11_c2p1_co2_cut90p_tnt1,0.0,0.0
2035,Chile,prm15_fix_wcost_re16_c2p1_tnt1,0.0,0.0
2035,Chile,prm15_fix_wcost_re17_c2p1_tnt1,0.0,0.0
2035,Chile,prm15_fix_wcost_re18_c2p1_tnt1,0.0,0.0
2035,Chile,prm15_fix_wcost_re19_c2p1_tnt1,0.0,0.0
2035,Chile,prm15_fix_wcost_re1_c2p1_co2_cut90p_tnt1,0.0,0.0
2035,Chile,prm15_fix_wcost_re1_c2p1_tnt1,0.0,0.0
2035,Chile,prm15_fix_wcost_re20_c2p1_co2_cut90p_tnt1,0.0,0.0
2035,Chile,prm15_fix_wcost_re20_c2p1_tnt1,0.0,0.0
2035,Chile,prm15_fix_wcost_re2_c2p1_tnt1,0.0,0.0
2035,Chile,prm15_fix_wcost_re3_c2p1_tnt1,0.0,0.0
2035,Chile,prm15_fix_wcost_re4_c2p1_tnt1,0.0,0.0
2035,Chile,prm15_fix_wcost_re5_c2p1_co2_cut90p_tnt1,0.0,0.0
2035,Chile,prm15_fix_wcost_re5_c2p1_tnt1,0.0,0.0
2035,Chile,prm15_fix_wcost_re6_c2p1_co2_cut90p_tnt1,0.0,0.0
2035,Chile,prm15_fix_wcost_re6_c2p1_tnt1,0.0,0.0
2035,Chile,prm15_fix_wcost_re7_c2p1_co2_cut90p_tnt1,0.0,0.0
2035,Chile,prm15_fix_wcost_re7_c2p1_tnt1,0.0,0.0
2035,Chile,prm15_fix_wcost_re8_c2p1_tnt1,0.0,0.0
2035,Chile,prm15_fix_wcost_re9_c2p1_tnt1,0.0,0.0
2035,Paraguay,prm15_fix_wcost_re10_c2p1_co2_cut90p_tnt1,0.0,0.0
2035,Paraguay,prm15_fix_wcost_re10_c2p1_tnt1,0.0,0.0
2035,Paraguay,prm15_fix_wcost_re11_c2p1_tnt1,0.0,0.0
2030,Uruguay,prm15_fix_wcost_re8_c2p1_tnt1,0.0,0.0
2040,Paraguay,prm15_fix_wcost_re11_c2p1_tnt1,0.0,0.0
2040,Paraguay,prm15_fix_wcost_re12_c2p1_tnt1,0.0,0.0
2050,Argentina,prm15_fix_wcost_re15_c2p1_co2_cut90p_tnt1,0.0,0.0
2050,Argentina,prm15_fix_wcost_re15_c2p1_tnt1,0.0,0.0
2050,Argentina,prm15_fix_wcost_re16_c2p1_tnt1,0.0,0.0
2050,Argentina,prm15_fix_wcost_re17_c2p1_tnt1,0.0,0.0
2050,Argentina,prm15_fix_wcost_re18_c2p1_tnt1,0.0,0.0
2050,Argentina,prm15_fix_wcost_re19_c2p1_tnt1,0.0,0.0
2050,Argentina,prm15_fix_wcost_re1_c2p1_tnt1,0.0,0.0
2050,Argentina,prm15_fix_wcost_re20_c2p1_tnt1,0.0,0.0
2050,Argentina,prm15_fix_wcost_re2_c2p1_tnt1,0.0,0.0
2050,Argentina,prm15_fix_wcost_re14_c2p1_tnt1,0.0,0.0
2050,Argentina,prm15_fix_wcost_re3_c2p1_tnt1,0.0,0.0
2050,Argentina,prm15_fix_wcost_re5_c2p1_tnt1,0.0,0.0
2050,Argentina,prm15_fix_wcost_re6_c2p1_tnt1,0.0,0.0
2050,Argentina,prm15_fix_wcost_re7_c2p1_tnt1,0.0,0.0
2050,Argentina,prm15_fix_wcost_re8_c2p1_tnt1,0.0,0.0
2050,Argentina,prm15_fix_wcost_re9_c2p1_tnt1,0.0,0.0
2050,Brazil,prm15_fix_wcost_re10_c2p1_tnt1,0.0,0.0
2050,Brazil,prm15_fix_wcost_re11_c2p1_tnt1,0.0,0.0
2050,Brazil,prm15_fix_wcost_re12_c2p1_tnt1,0.0,0.0
2050,Brazil,prm15_fix_wcost_re13_c2p1_tnt1,0.0,0.0
2050,Argentina,prm15_fix_wcost_re4_c2p1_tnt1,0.0,0.0
2050,Argentina,prm15_fix_wcost_re14_c2p1_co2_cut90p_tnt1,0.0,0.0
2050,Argentina,prm15_fix_wcost_re13_c2p1_tnt1,0.0,0.0
2050,Argentina,prm15_fix_wcost_re12_c2p1_tnt1,0.0,0.0
2045,Chile,prm15_fix_wcost_re4_c2p1_tnt1,0.0,0.0
2045,Chile,prm15_fix_wcost_re5_c2p1_tnt1,0.0,0.0
2045,Chile,prm15_fix_wcost_re6_c2p1_tnt1,0.0,0.0
2045,Chile,prm15_fix_wcost_re7_c2p1_tnt1,0.0,0.0
2045,Chile,prm15_fix_wcost_re8_c2p1_tnt1,0.0,0.0
2045,Chile,prm15_fix_wcost_re9_c2p1_tnt1,0.0,0.0
2045,Uruguay,prm15_fix_wcost_re10_c2p1_tnt1,0.0,0.0
2045,Uruguay,prm15_fix_wcost_re11_c2p1_tnt1,0.0,0.0
2045,Uruguay,prm15_fix_wcost_re15_c2p1_tnt1,0.0,0.0
2045,Uruguay,prm15_fix_wcost_re16_c2p1_tnt1,0.0,0.0
2045,Uruguay,prm15_fix_wcost_re17_c2p1_tnt1,0.0,0.0
2045,Uruguay,prm15_fix_wcost_re1_c2p1_tnt1,0.0,0.0
2045,Uruguay,prm15_fix_wcost_re20_c2p1_tnt1,0.0,0.0
2045,Uruguay,prm15_fix_wcost_re2_c2p1_tnt1,0.0,0.0
2045,Uruguay,prm15_fix_wcost_re5_c2p1_tnt1,0.0,0.0
2045,Uruguay,prm15_fix_wcost_re6_c2p1_tnt1,0.0,0.0
2045,Uruguay,prm15_fix_wcost_re7_c2p1_tnt1,0.0,0.0
2050,Argentina,prm15_fix_wcost_re10_c2p1_co2_cut90p_tnt1,0.0,0.0
2050,Argentina,prm15_fix_wcost_re10_c2p1_tnt1,0.0,0.0
2050,Argentina,prm15_fix_wcost_re11_c2p1_tnt1,0.0,0.0
2050,Argentina,prm15_fix_wcost_re12_c2p1_co2_cut90p_tnt1,0.0,0.0
2050,Brazil,prm15_fix_wcost_re14_c2p1_tnt1,0.0,0.0
2050,Brazil,prm15_fix_wcost_re15_c2p1_tnt1,0.0,0.0
2050,Brazil,prm15_fix_wcost_re16_c2p1_tnt1,0.0,0.0
2050,Brazil,prm15_fix_wcost_re17_c2p1_tnt1,0.0,0.0
2050,Chile,prm15_fix_wcost_re3_c2p1_tnt1,0.0,0.0
2050,Chile,prm15_fix_wcost_re4_c2p1_tnt1,0.0,0.0
2050,Chile,prm15_fix_wcost_re5_c2p1_tnt1,0.0,0.0
2050,Chile,prm15_fix_wcost_re6_c2p1_tnt1,0.0,0.0
2050,Chile,prm15_fix_wcost_re7_c2p1_tnt1,0.0,0.0
2050,Chile,prm15_fix_wcost_re8_c2p1_tnt1,0.0,0.0
2050,Chile,prm15_fix_wcost_re9_c2p1_tnt1,0.0,0.0
2050,Uruguay,prm15_fix_wcost_re10_c2p1_tnt1,0.0,0.0
2050,Uruguay,prm15_fix_wcost_re11_c2p1_tnt1,0.0,0.0
2050,Uruguay,prm15_fix_wcost_re13_c2p1_tnt1,0.0,0.0
2050,Uruguay,prm15_fix_wcost_re14_c2p1_tnt1,0.0,0.0
2050,Uruguay,prm15_fix_wcost_re15_c2p1_tnt1,0.0,0.0
2050,Uruguay,prm15_fix_wcost_re16_c2p1_tnt1,0.0,0.0
2050,Uruguay,prm15_fix_wcost_re17_c2p1_tnt1,0.0,0.0
2050,Uruguay,prm15_fix_wcost_re18_c2p1_tnt1,0.0,0.0
2050,Uruguay,prm15_fix_wcost_re1_c2p1_tnt1,0.0,0.0
2050,Uruguay,prm15_fix_wcost_re20_c2p1_tnt1,0.0,0.0
2050,Uruguay,prm15_fix_wcost_re2_c2p1_tnt1,0.0,0.0
2050,Uruguay,prm15_fix_wcost_re5_c2p1_tnt1,0.0,0.0
2050,Uruguay,prm15_fix_wcost_re6_c2p1_tnt1,0.0,0.0
2050,Uruguay,prm15_fix_wcost_re7_c2p1_tnt1,0.0,0.0
2050,Chile,prm15_fix_wcost_re2_c2p1_tnt1,0.0,0.0
2045,Chile,prm15_fix_wcost_re3_c2p1_tnt1,0.0,0.0
2050,Chile,prm15_fix_wcost_re20_c2p1_tnt1,0.0,0.0
2050,Chile,prm15_fix_wcost_re19_c2p1_tnt1,0.0,0.0
2050,Brazil,prm15_fix_wcost_re18_c2p1_tnt1,0.0,0.0
2050,Brazil,prm15_fix_wcost_re19_c2p1_tnt1,0.0,0.0
2050,Brazil,prm15_fix_wcost_re1_c2p1_tnt1,0.0,0.0
2050,Brazil,prm15_fix_wcost_re20_c2p1_tnt1,0.0,0.0
2050,Brazil,prm15_fix_wcost_re2_c2p1_tnt1,0.0,0.0
2050,Brazil,prm15_fix_wcost_re3_c2p1_tnt1,0.0,0.0
2050,Brazil,prm15_fix_wcost_re4_c2p1_tnt1,0.0,0.0
2050,Brazil,prm15_fix_wcost_re5_c2p1_tnt1,0.0,0.0
2050,Brazil,prm15_fix_wcost_re6_c2p1_tnt1,0.0,0.0
2050,Brazil,prm15_fix_wcost_re7_c2p1_tnt1,0.0,0.0
2050,Brazil,prm15_fix_wcost_re8_c2p1_tnt1,0.0,0.0
2050,Brazil,prm15_fix_wcost_re9_c2p1_tnt1,0.0,0.0
2050,Chile,prm15_fix_wcost_re10_c2p1_tnt1,0.0,0.0
2050,Chile,prm15_fix_wcost_re11_c2p1_tnt1,0.0,0.0
2050,Chile,prm15_fix_wcost_re12_c2p1_tnt1,0.0,0.0
2050,Chile,prm15_fix_wcost_re13_c2p1_tnt1,0.0,0.0
2050,Chile,prm15_fix_wcost_re14_c2p1_tnt1,0.0,0.0
2050,Chile,prm15_fix_wcost_re15_c2p1_tnt1,0.0,0.0
2050,Chile,prm15_fix_wcost_re16_c2p1_tnt1,0.0,0.0
2050,Chile,prm15_fix_wcost_re17_c2p1_tnt1,0.0,0.0
2050,Chile,prm15_fix_wcost_re18_c2p1_tnt1,0.0,0.0
2050,Chile,prm15_fix_wcost_re1_c2p1_tnt1,0.0,0.0
2040,Paraguay,prm15_fix_wcost_re12_c2p1_co2_cut90p_tnt1,0.0,0.0
2045,Chile,prm15_fix_wcost_re2_c2p1_tnt1,0.0,0.0
2045,Chile,prm15_fix_wcost_re1_c2p1_tnt1,0.0,0.0
2040,Paraguay,prm15_fix_wcost_re5_c2p1_tnt1,0.0,0.0
2040,Paraguay,prm15_fix_wcost_re6_c2p1_co2_cut90p_tnt1,0.0,0.0
2040,Paraguay,prm15_fix_wcost_re6_c2p1_tnt1,0.0,0.0
2040,Paraguay,prm15_fix_wcost_re7_c2p1_co2_cut90p_tnt1,0.0,0.0
2040,Paraguay,prm15_fix_wcost_re7_c2p1_tnt1,0.0,0.0
2040,Paraguay,prm15_fix_wcost_re8_c2p1_co2_cut90p_tnt1,0.0,0.0
2040,Paraguay,prm15_fix_wcost_re8_c2p1_tnt1,0.0,0.0
2040,Paraguay,prm15_fix_wcost_re9_c2p1_co2_cut90p_tnt1,0.0,0.0
2040,Paraguay,prm15_fix_wcost_re9_c2p1_tnt1,0.0,0.0
2040,Paraguay,prm15_fix_wcost_re5_c2p1_co2_cut90p_tnt1,0.0,0.0
2040,Uruguay,prm15_fix_wcost_re10_c2p1_tnt1,0.0,0.0
2040,Uruguay,prm15_fix_wcost_re12_c2p1_tnt1,0.0,0.0
2040,Uruguay,prm15_fix_wcost_re15_c2p1_tnt1,0.0,0.0
2040,Uruguay,prm15_fix_wcost_re16_c2p1_tnt1,0.0,0.0
2040,Uruguay,prm15_fix_wcost_re17_c2p1_tnt1,0.0,0.0
2040,Uruguay,prm15_fix_wcost_re1_c2p1_tnt1,0.0,0.0
2040,Uruguay,prm15_fix_wcost_re20_c2p1_tnt1,0.0,0.0
2040,Uruguay,prm15_fix_wcost_re5_c2p1_tnt1,0.0,0.0
2040,Uruguay,prm15_fix_wcost_re6_c2p1_tnt1,0.0,0.0
2040,Uruguay,prm15_fix_wcost_re7_c2p1_tnt1,0.0,0.0
2040,Uruguay,prm15_fix_wcost_re11_c2p1_tnt1,0.0,0.0
2040,Paraguay,prm15_fix_wcost_re4_c2p1_tnt1,0.0,0.0
2040,Paraguay,prm15_fix_wcost_re4_c2p1_co2_cut90p_tnt1,0.0,0.0
2040,Paraguay,prm15_fix_wcost_re3_c2p1_tnt1,0.0,0.0
2040,Paraguay,prm15_fix_wcost_re13_c2p1_co2_cut90p_tnt1,0.0,0.0
2040,Paraguay,prm15_fix_wcost_re13_c2p1_tnt1,0.0,0.0
2040,Paraguay,prm15_fix_wcost_re14_c2p1_co2_cut90p_tnt1,0.0,0.0
2040,Paraguay,prm15_fix_wcost_re14_c2p1_tnt1,0.0,0.0
2040,Paraguay,prm15_fix_wcost_re15_c2p1_co2_cut90p_tnt1,0.0,0.0
2040,Paraguay,prm15_fix_wcost_re15_c2p1_tnt1,0.0,0.0
2040,Paraguay,prm15_fix_wcost_re16_c2p1_co2_cut90p_tnt1,0.0,0.0
2040,Paraguay,prm15_fix_wcost_re16_c2p1_tnt1,0.0,0.0
2040,Paraguay,prm15_fix_wcost_re17_c2p1_co2_cut90p_tnt1,0.0,0.0
2040,Paraguay,prm15_fix_wcost_re17_c2p1_tnt1,0.0,0.0
2040,Paraguay,prm15_fix_wcost_re18_c2p1_co2_cut90p_tnt1,0.0,0.0
2040,Paraguay,prm15_fix_wcost_re18_c2p1_tnt1,0.0,0.0
2040,Paraguay,prm15_fix_wcost_re19_c2p1_co2_cut90p_tnt1,0.0,0.0
2040,Paraguay,prm15_fix_wcost_re19_c2p1_tnt1,0.0,0.0
2040,Paraguay,prm15_fix_wcost_re1_c2p1_co2_cut90p_tnt1,0.0,0.0
2040,Paraguay,prm15_fix_wcost_re1_c2p1_tnt1,0.0,0.0
2040,Paraguay,prm15_fix_wcost_re20_c2p1_co2_cut90p_tnt1,0.0,0.0
2040,Paraguay,prm15_fix_wcost_re20_c2p1_tnt1,0.0,0.0
2040,Paraguay,prm15_fix_wcost_re2_c2p1_co2_cut90p_tnt1,0.0,0.0
2040,Paraguay,prm15_fix_wcost_re2_c2p1_tnt1,0.0,0.0
2040,Paraguay,prm15_fix_wcost_re3_c2p1_co2_cut90p_tnt1,0.0,0.0
2045,Argentina,prm15_fix_wcost_re10_c2p1_tnt1,0.0,0.0
2045,Argentina,prm15_fix_wcost_re11_c2p1_tnt1,0.0,0.0
2045,Argentina,prm15_fix_wcost_re12_c2p1_tnt1,0.0,0.0
2045,Argentina,prm15_fix_wcost_re13_c2p1_tnt1,0.0,0.0
2045,Brazil,prm15_fix_wcost_re19_c2p1_tnt1,0.0,0.0
2045,Brazil,prm15_fix_wcost_re1_c2p1_tnt1,0.0,0.0
2045,Brazil,prm15_fix_wcost_re20_c2p1_tnt1,0.0,0.0
2045,Brazil,prm15_fix_wcost_re2_c2p1_tnt1,0.0,0.0
2045,Brazil,prm15_fix_wcost_re3_c2p1_tnt1,0.0,0.0
2045,Brazil,prm15_fix_wcost_re4_c2p1_tnt1,0.0,0.0
2045,Brazil,prm15_fix_wcost_re5_c2p1_tnt1,0.0,0.0
2045,Brazil,prm15_fix_wcost_re6_c2p1_tnt1,0.0,0.0
2045,Brazil,prm15_fix_wcost_re7_c2p1_tnt1,0.0,0.0
2045,Brazil,prm15_fix_wcost_re8_c2p1_tnt1,0.0,0.0
2045,Brazil,prm15_fix_wcost_re9_c2p1_tnt1,0.0,0.0
2045,Chile,prm15_fix_wcost_re10_c2p1_tnt1,0.0,0.0
2045,Chile,prm15_fix_wcost_re11_c2p1_tnt1,0.0,0.0
2045,Chile,prm15_fix_wcost_re12_c2p1_tnt1,0.0,0.0
2045,Chile,prm15_fix_wcost_re13_c2p1_tnt1,0.0,0.0
2045,Chile,prm15_fix_wcost_re14_c2p1_tnt1,0.0,0.0
2045,Chile,prm15_fix_wcost_re15_c2p1_tnt1,0.0,0.0
2045,Chile,prm15_fix_wcost_re16_c2p1_tnt1,0.0,0.0
2045,Chile,prm15_fix_wcost_re17_c2p1_tnt1,0.0,0.0
2045,Chile,prm15_fix_wcost_re18_c2p1_tnt1,0.0,0.0
2045,Chile,prm15_fix_wcost_re19_c2p1_tnt1,0.0,0.0
2045,Brazil,prm15_fix_wcost_re18_c2p1_tnt1,0.0,0.0
2045,Chile,prm15_fix_wcost_re20_c2p1_tnt1,0.0,0.0
2045,Brazil,prm15_fix_wcost_re17_c2p1_tnt1,0.0,0.0
2045,Brazil,prm15_fix_wcost_re15_c2p1_tnt1,0.0,0.0
2045,Argentina,prm15_fix_wcost_re14_c2p1_tnt1,0.0,0.0
2045,Argentina,prm15_fix_wcost_re15_c2p1_tnt1,0.0,0.0
2045,Argentina,prm15_fix_wcost_re16_c2p1_tnt1,0.0,0.0
2045,Argentina,prm15_fix_wcost_re17_c2p1_tnt1,0.0,0.0
2045,Argentina,prm15_fix_wcost_re18_c2p1_tnt1,0.0,0.0
2045,Argentina,prm15_fix_wcost_re19_c2p1_tnt1,0.0,0.0
2045,Argentina,prm15_fix_wcost_re1_c2p1_tnt1,0.0,0.0
2045,Argentina,prm15_fix_wcost_re20_c2p1_tnt1,0.0,0.0
2045,Argentina,prm15_fix_wcost_re2_c2p1_tnt1,0.0,0.0
2045,Argentina,prm15_fix_wcost_re3_c2p1_tnt1,0.0,0.0
2045,Argentina,prm15_fix_wcost_re4_c2p1_tnt1,0.0,0.0
2045,Argentina,prm15_fix_wcost_re5_c2p1_tnt1,0.0,0.0
2045,Argentina,prm15_fix_wcost_re6_c2p1_tnt1,0.0,0.0
2045,Argentina,prm15_fix_wcost_re7_c2p1_tnt1,0.0,0.0
2045,Argentina,prm15_fix_wcost_re8_c2p1_tnt1,0.0,0.0
2045,Argentina,prm15_fix_wcost_re9_c2p1_tnt1,0.0,0.0
2045,Brazil,prm15_fix_wcost_re10_c2p1_tnt1,0.0,0.0
2045,Brazil,prm15_fix_wcost_re11_c2p1_tnt1,0.0,0.0
2045,Brazil,prm15_fix_wcost_re12_c2p1_tnt1,0.0,0.0
2045,Brazil,prm15_fix_wcost_re13_c2p1_tnt1,0.0,0.0
2045,Brazil,prm15_fix_wcost_re14_c2p1_tnt1,0.0,0.0
2045,Brazil,prm15_fix_wcost_re16_c2p1_tnt1,0.0,0.0
2030,Uruguay,prm15_fix_wcost_re8_c2p1_co2_cut90p_tnt1,0.0,0.0
2050,Uruguay,prm15_fix_wcost_re9_c2p1_tnt1,0.0,0.0
2030,Uruguay,prm15_fix_wcost_re7_c2p1_co2_cut90p_tnt1,0.0,0.0
2025,Paraguay,prm15_fix_wcost_re19_c2p1_tnt1,0.0,0.0
2025,Paraguay,prm15_fix_wcost_re1_c2p1_co2_cut90p_tnt1,0.0,0.0
2025,Paraguay,prm15_fix_wcost_re1_c2p1_tnt1,0.0,0.0
2025,Paraguay,prm15_fix_wcost_re20_c2p1_co2_cut90p_tnt1,0.0,0.0
2025,Paraguay,prm15_fix_wcost_re20_c2p1_tnt1,0.0,0.0
2025,Paraguay,prm15_fix_wcost_re2_c2p1_co2_cut90p_tnt1,0.0,0.0
2025,Paraguay,prm15_fix_wcost_re2_c2p1_tnt1,0.0,0.0
2025,Paraguay,prm15_fix_wcost_re3_c2p1_co2_cut90p_tnt1,0.0,0.0
2025,Paraguay,prm15_fix_wcost_re3_c2p1_tnt1,0.0,0.0
2025,Paraguay,prm15_fix_wcost_re4_c2p1_co2_cut90p_tnt1,0.0,0.0
2025,Paraguay,prm15_fix_wcost_re4_c2p1_tnt1,0.0,0.0
2030,Uruguay,prm15_fix_wcost_re7_c2p1_tnt1,0.0,0.0
2025,Paraguay,prm15_fix_wcost_re5_c2p1_co2_cut90p_tnt1,0.0,0.0
2025,Paraguay,prm15_fix_wcost_re5_c2p1_tnt1,0.0,0.0
2025,Paraguay,prm15_fix_wcost_re19_c2p1_co2_cut90p_tnt1,0.0,0.0
2025,Paraguay,prm15_fix_wcost_re6_c2p1_co2_cut90p_tnt1,0.0,0.0
2025,Paraguay,prm15_fix_wcost_re7_c2p1_co2_cut90p_tnt1,0.0,0.0
2025,Paraguay,prm15_fix_wcost_re7_c2p1_tnt1,0.0,0.0
2025,Paraguay,prm15_fix_wcost_re8_c2p1_co2_cut90p_tnt1,0.0,0.0
2025,Paraguay,prm15_fix_wcost_re8_c2p1_tnt1,0.0,0.0
2025,Paraguay,prm15_fix_wcost_re9_c2p1_co2_cut90p_tnt1,0.0,0.0
2025,Paraguay,prm15_fix_wcost_re9_c2p1_tnt1,0.0,0.0
2025,Uruguay,prm15_fix_wcost_re10_c2p1_co2_cut90p_tnt1,0.0,0.0
2025,Uruguay,prm15_fix_wcost_re10_c2p1_tnt1,0.0,0.0
2025,Uruguay,prm15_fix_wcost_re11_c2p1_co2_cut90p_tnt1,0.0,0.0
2025,Uruguay,prm15_fix_wcost_re11_c2p1_tnt1,0.0,0.0
2025,Uruguay,prm15_fix_wcost_re12_c2p1_co2_cut90p_tnt1,0.0,0.0
2025,Uruguay,prm15_fix_wcost_re12_c2p1_tnt1,0.0,0.0
2025,Uruguay,prm15_fix_wcost_re13_c2p1_co2_cut90p_tnt1,0.0,0.0
2025,Uruguay,prm15_fix_wcost_re13_c2p1_tnt1,0.0,0.0
2025,Paraguay,prm15_fix_wcost_re6_c2p1_tnt1,0.0,0.0
2025,Paraguay,prm15_fix_wcost_re18_c2p1_tnt1,0.0,0.0
2025,Paraguay,prm15_fix_wcost_re18_c2p1_co2_cut90p_tnt1,0.0,0.0
2025,Paraguay,prm15_fix_wcost_re17_c2p1_tnt1,0.0,0.0
2030,Chile,prm15_fix_wcost_re3_c2p1_tnt1,0.0,0.0
2025,Paraguay,prm15_fix_wcost_re11_c2p1_co2_cut90p_tnt1,0.0,0.0
2030,Chile,prm15_fix_wcost_re2_c2p1_tnt1,0.0,0.0
2025,Paraguay,prm15_fix_wcost_re11_c2p1_tnt1,0.0,0.0
2030,Chile,prm15_fix_wcost_re20_c2p1_tnt1,0.0,0.0
2030,Chile,prm15_fix_wcost_re20_c2p1_co2_cut90p_tnt1,0.0,0.0
2030,Chile,prm15_fix_wcost_re1_c2p1_tnt1,0.0,0.0
2030,Chile,prm15_fix_wcost_re1_c2p1_co2_cut90p_tnt1,0.0,0.0
2030,Chile,prm15_fix_wcost_re19_c2p1_tnt1,0.0,0.0
2025,Paraguay,prm15_fix_wcost_re12_c2p1_co2_cut90p_tnt1,0.0,0.0
2030,Chile,prm15_fix_wcost_re18_c2p1_tnt1,0.0,0.0
2025,Paraguay,prm15_fix_wcost_re12_c2p1_tnt1,0.0,0.0
2030,Chile,prm15_fix_wcost_re17_c2p1_tnt1,0.0,0.0
2025,Paraguay,prm15_fix_wcost_re13_c2p1_co2_cut90p_tnt1,0.0,0.0
2030,Chile,prm15_fix_wcost_re16_c2p1_tnt1,0.0,0.0
2025,Paraguay,prm15_fix_wcost_re13_c2p1_tnt1,0.0,0.0
2030,Chile,prm15_fix_wcost_re15_c2p1_tnt1,0.0,0.0
2030,Chile,prm15_fix_wcost_re10_c2p1_co2_cut90p_tnt1,0.0,0.0
2025,Paraguay,prm15_fix_wcost_re17_c2p1_co2_cut90p_tnt1,0.0,0.0
2030,Chile,prm15_fix_wcost_re10_c2p1_tnt1,0.0,0.0
2025,Paraguay,prm15_fix_wcost_re16_c2p1_tnt1,0.0,0.0
2030,Chile,prm15_fix_wcost_re11_c2p1_co2_cut90p_tnt1,0.0,0.0
2025,Paraguay,prm15_fix_wcost_re16_c2p1_co2_cut90p_tnt1,0.0,0.0
2025,Uruguay,prm15_fix_wcost_re14_c2p1_co2_cut90p_tnt1,0.0,0.0
2030,Chile,prm15_fix_wcost_re11_c2p1_tnt1,0.0,0.0
2030,Chile,prm15_fix_wcost_re12_c2p1_tnt1,0.0,0.0
2025,Paraguay,prm15_fix_wcost_re15_c2p1_co2_cut90p_tnt1,0.0,0.0
2030,Chile,prm15_fix_wcost_re13_c2p1_tnt1,0.0,0.0
2025,Paraguay,prm15_fix_wcost_re14_c2p1_tnt1,0.0,0.0
2030,Chile,prm15_fix_wcost_re14_c2p1_tnt1,0.0,0.0
2025,Paraguay,prm15_fix_wcost_re14_c2p1_co2_cut90p_tnt1,0.0,0.0
2025,Paraguay,prm15_fix_wcost_re15_c2p1_tnt1,0.0,0.0
2025,Uruguay,prm15_fix_wcost_re14_c2p1_tnt1,0.0,0.0
2025,Uruguay,prm15_fix_wcost_re15_c2p1_co2_cut90p_tnt1,0.0,0.0
2025,Uruguay,prm15_fix_wcost_re15_c2p1_tnt1,0.0,0.0
2030,Argentina,prm15_fix_wcost_re12_c2p1_tnt1,0.0,0.0
2030,Argentina,prm15_fix_wcost_re8_c2p1_tnt1,0.0,0.0
2030,Argentina,prm15_fix_wcost_re13_c2p1_co2_cut90p_tnt1,0.0,0.0
2030,Argentina,prm15_fix_wcost_re8_c2p1_co2_cut90p_tnt1,0.0,0.0
2030,Argentina,prm15_fix_wcost_re13_c2p1_tnt1,0.0,0.0
2030,Argentina,prm15_fix_wcost_re7_c2p1_tnt1,0.0,0.0
2030,Argentina,prm15_fix_wcost_re14_c2p1_co2_cut90p_tnt1,0.0,0.0
2030,Argentina,prm15_fix_wcost_re7_c2p1_co2_cut90p_tnt1,0.0,0.0
2030,Argentina,prm15_fix_wcost_re14_c2p1_tnt1,0.0,0.0
2030,Argentina,prm15_fix_wcost_re15_c2p1_co2_cut90p_tnt1,0.0,0.0
2030,Argentina,prm15_fix_wcost_re15_c2p1_tnt1,0.0,0.0
2030,Argentina,prm15_fix_wcost_re6_c2p1_tnt1,0.0,0.0
2030,Argentina,prm15_fix_wcost_re16_c2p1_co2_cut90p_tnt1,0.0,0.0
2030,Argentina,prm15_fix_wcost_re16_c2p1_tnt1,0.0,0.0
2030,Argentina,prm15_fix_wcost_re17_c2p1_co2_cut90p_tnt1,0.0,0.0
2030,Argentina,prm15_fix_wcost_re6_c2p1_co2_cut90p_tnt1,0.0,0.0
2030,Argentina,prm15_fix_wcost_re17_c2p1_tnt1,0.0,0.0
2030,Argentina,prm15_fix_wcost_re20_c2p1_co2_cut90p_tnt1,0.0,0.0
2030,Argentina,prm15_fix_wcost_re2_c2p1_tnt1,0.0,0.0
2030,Argentina,prm15_fix_wcost_re1_c2p1_tnt1,0.0,0.0
2030,Argentina,prm15_fix_wcost_re3_c2p1_co2_cut90p_tnt1,0.0,0.0
2030,Argentina,prm15_fix_wcost_re1_c2p1_co2_cut90p_tnt1,0.0,0.0
2030,Argentina,prm15_fix_wcost_re3_c2p1_tnt1,0.0,0.0
2030,Argentina,prm15_fix_wcost_re9_c2p1_co2_cut90p_tnt1,0.0,0.0
2030,Argentina,prm15_fix_wcost_re19_c2p1_tnt1,0.0,0.0
2030,Argentina,prm15_fix_wcost_re19_c2p1_co2_cut90p_tnt1,0.0,0.0
2030,Argentina,prm15_fix_wcost_re4_c2p1_tnt1,0.0,0.0
2030,Argentina,prm15_fix_wcost_re18_c2p1_tnt1,0.0,0.0
2030,Argentina,prm15_fix_wcost_re5_c2p1_co2_cut90p_tnt1,0.0,0.0
2030,Argentina,prm15_fix_wcost_re18_c2p1_co2_cut90p_tnt1,0.0,0.0
2030,Argentina,prm15_fix_wcost_re5_c2p1_tnt1,0.0,0.0
2030,Argentina,prm15_fix_wcost_re4_c2p1_co2_cut90p_tnt1,0.0,0.0
2025,Paraguay,prm15_fix_wcost_re10_c2p1_tnt1,0.0,0.0
2030,Argentina,prm15_fix_wcost_re12_c2p1_co2_cut90p_tnt1,0.0,0.0
2030,Argentina,prm15_fix_wcost_re11_c2p1_tnt1,0.0,0.0
2025,Uruguay,prm15_fix_wcost_re16_c2p1_co2_cut90p_tnt1,0.0,0.0
2025,Uruguay,prm15_fix_wcost_re16_c2p1_tnt1,0.0,0.0
2025,Uruguay,prm15_fix_wcost_re17_c2p1_co2_cut90p_tnt1,0.0,0.0
2025,Uruguay,prm15_fix_wcost_re17_c2p1_tnt1,0.0,0.0
2025,Uruguay,prm15_fix_wcost_re18_c2p1_co2_cut90p_tnt1,0.0,0.0
2025,Uruguay,prm15_fix_wcost_re18_c2p1_tnt1,0.0,0.0
2025,Uruguay,prm15_fix_wcost_re19_c2p1_co2_cut90p_tnt1,0.0,0.0
2025,Uruguay,prm15_fix_wcost_re19_c2p1_tnt1,0.0,0.0
2025,Uruguay,prm15_fix_wcost_re1_c2p1_co2_cut90p_tnt1,0.0,0.0
2025,Uruguay,prm15_fix_wcost_re1_c2p1_tnt1,0.0,0.0
2025,Uruguay,prm15_fix_wcost_re20_c2p1_co2_cut90p_tnt1,0.0,0.0
2025,Uruguay,prm15_fix_wcost_re20_c2p1_tnt1,0.0,0.0
2025,Uruguay,prm15_fix_wcost_re2_c2p1_co2_cut90p_tnt1,0.0,0.0
2025,Uruguay,prm15_fix_wcost_re2_c2p1_tnt1,0.0,0.0
2025,Uruguay,prm15_fix_wcost_re3_c2p1_co2_cut90p_tnt1,0.0,0.0
2025,Uruguay,prm15_fix_wcost_re3_c2p1_tnt1,0.0,0.0
2025,Uruguay,prm15_fix_wcost_re4_c2p1_co2_cut90p_tnt1,0.0,0.0
2030,Argentina,prm15_fix_wcost_re11_c2p1_co2_cut90p_tnt1,0.0,0.0
2030,Argentina,prm15_fix_wcost_re10_c2p1_tnt1,0.0,0.0
2030,Argentina,prm15_fix_wcost_re10_c2p1_co2_cut90p_tnt1,0.0,0.0
2025,Uruguay,prm15_fix_wcost_re9_c2p1_tnt1,0.0,0.0
2025,Uruguay,prm15_fix_wcost_re9_c2p1_co2_cut90p_tnt1,0.0,0.0
2025,Uruguay,prm15_fix_wcost_re8_c2p1_tnt1,0.0,0.0
2030,Argentina,prm15_fix_wcost_re9_c2p1_tnt1,0.0,0.0
2025,Uruguay,prm15_fix_wcost_re8_c2p1_co2_cut90p_tnt1,0.0,0.0
2025,Uruguay,prm15_fix_wcost_re7_c2p1_co2_cut90p_tnt1,0.0,0.0
2025,Uruguay,prm15_fix_wcost_re6_c2p1_tnt1,0.0,0.0
2025,Uruguay,prm15_fix_wcost_re6_c2p1_co2_cut90p_tnt1,0.0,0.0
2025,Uruguay,prm15_fix_wcost_re5_c2p1_tnt1,0.0,0.0
2025,Uruguay,prm15_fix_wcost_re5_c2p1_co2_cut90p_tnt1,0.0,0.0
2025,Uruguay,prm15_fix_wcost_re4_c2p1_tnt1,0.0,0.0
2025,Uruguay,prm15_fix_wcost_re7_c2p1_tnt1,0.0,0.0
2030,Argentina,prm15_fix_wcost_re2_c2p1_co2_cut90p_tnt1,0.0,0.0
2030,Chile,prm15_fix_wcost_re4_c2p1_tnt1,0.0,0.0
2030,Chile,prm15_fix_wcost_re5_c2p1_tnt1,0.0,0.0
2030,Paraguay,prm15_fix_wcost_re9_c2p1_tnt1,0.0,0.0
2030,Paraguay,prm15_fix_wcost_re9_c2p1_co2_cut90p_tnt1,0.0,0.0
2030,Paraguay,prm15_fix_wcost_re8_c2p1_tnt1,0.0,0.0
2030,Paraguay,prm15_fix_wcost_re8_c2p1_co2_cut90p_tnt1,0.0,0.0
2030,Paraguay,prm15_fix_wcost_re7_c2p1_tnt1,0.0,0.0
2030,Paraguay,prm15_fix_wcost_re7_c2p1_co2_cut90p_tnt1,0.0,0.0
2030,Paraguay,prm15_fix_wcost_re6_c2p1_tnt1,0.0,0.0
2030,Paraguay,prm15_fix_wcost_re6_c2p1_co2_cut90p_tnt1,0.0,0.0
2025,Argentina,prm15_fix_wcost_re11_c2p1_tnt1,0.0,0.0
2025,Argentina,prm15_fix_wcost_re12_c2p1_tnt1,0.0,0.0
2025,Argentina,prm15_fix_wcost_re13_c2p1_tnt1,0.0,0.0
2025,Argentina,prm15_fix_wcost_re14_c2p1_tnt1,0.0,0.0
2025,Argentina,prm15_fix_wcost_re15_c2p1_tnt1,0.0,0.0
2025,Argentina,prm15_fix_wcost_re16_c2p1_co2_cut90p_tnt1,0.0,0.0
2030,Uruguay,prm15_fix_wcost_re10_c2p1_co2_cut90p_tnt1,0.0,0.0
2025,Argentina,prm15_fix_wcost_re16_c2p1_tnt1,0.0,0.0
2025,Argentina,prm15_fix_wcost_re18_c2p1_tnt1,0.0,0.0
2025,Argentina,prm15_fix_wcost_re19_c2p1_tnt1,0.0,0.0
2025,Argentina,prm15_fix_wcost_re1_c2p1_tnt1,0.0,0.0
2025,Argentina,prm15_fix_wcost_re20_c2p1_tnt1,0.0,0.0
2025,Argentina,prm15_fix_wcost_re2_c2p1_co2_cut90p_tnt1,0.0,0.0
2025,Argentina,prm15_fix_wcost_re2_c2p1_tnt1,0.0,0.0
2025,Argentina,prm15_fix_wcost_re3_c2p1_tnt1,0.0,0.0
2025,Argentina,prm15_fix_wcost_re4_c2p1_co2_cut90p_tnt1,0.0,0.0
2025,Argentina,prm15_fix_wcost_re4_c2p1_tnt1,0.0,0.0
2025,Argentina,prm15_fix_wcost_re5_c2p1_co2_cut90p_tnt1,0.0,0.0
2025,Argentina,prm15_fix_wcost_re5_c2p1_tnt1,0.0,0.0
2025,Argentina,prm15_fix_wcost_re6_c2p1_tnt1,0.0,0.0
2025,Argentina,prm15_fix_wcost_re7_c2p1_co2_cut90p_tnt1,0.0,0.0
2025,Argentina,prm15_fix_wcost_re7_c2p1_tnt1,0.0,0.0
2025,Argentina,prm15_fix_wcost_re17_c2p1_tnt1,0.0,0.0
2030,Uruguay,prm15_fix_wcost_re10_c2p1_tnt1,0.0,0.0
2030,Uruguay,prm15_fix_wcost_re11_c2p1_co2_cut90p_tnt1,0.0,0.0
2030,Uruguay,prm15_fix_wcost_re11_c2p1_tnt1,0.0,0.0
2030,Uruguay,prm15_fix_wcost_re6_c2p1_tnt1,0.0,0.0
2030,Uruguay,prm15_fix_wcost_re6_c2p1_co2_cut90p_tnt1,0.0,0.0
2030,Uruguay,prm15_fix_wcost_re5_c2p1_tnt1,0.0,0.0
2030,Uruguay,prm15_fix_wcost_re5_c2p1_co2_cut90p_tnt1,0.0,0.0
2030,Uruguay,prm15_fix_wcost_re4_c2p1_tnt1,0.0,0.0
2030,Uruguay,prm15_fix_wcost_re4_c2p1_co2_cut90p_tnt1,0.0,0.0
2030,Uruguay,prm15_fix_wcost_re3_c2p1_tnt1,0.0,0.0
2030,Uruguay,prm15_fix_wcost_re3_c2p1_co2_cut90p_tnt1,0.0,0.0
2030,Uruguay,prm15_fix_wcost_re2_c2p1_tnt1,0.0,0.0
2030,Uruguay,prm15_fix_wcost_re2_c2p1_co2_cut90p_tnt1,0.0,0.0
2030,Uruguay,prm15_fix_wcost_re20_c2p1_tnt1,0.0,0.0
2030,Uruguay,prm15_fix_wcost_re20_c2p1_co2_cut90p_tnt1,0.0,0.0
2030,Uruguay,prm15_fix_wcost_re1_c2p1_tnt1,0.0,0.0
2030,Uruguay,prm15_fix_wcost_re1_c2p1_co2_cut90p_tnt1,0.0,0.0
2030,Uruguay,prm15_fix_wcost_re19_c2p1_tnt1,0.0,0.0
2025,Argentina,prm15_fix_wcost_re10_c2p1_tnt1,0.0,0.0
2030,Uruguay,prm15_fix_wcost_re19_c2p1_co2_cut90p_tnt1,0.0,0.0
2030,Uruguay,prm15_fix_wcost_re12_c2p1_co2_cut90p_tnt1,0.0,0.0
2030,Uruguay,prm15_fix_wcost_re12_c2p1_tnt1,0.0,0.0
2030,Uruguay,prm15_fix_wcost_re13_c2p1_co2_cut90p_tnt1,0.0,0.0
2030,Uruguay,prm15_fix_wcost_re13_c2p1_tnt1,0.0,0.0
2030,Uruguay,prm15_fix_wcost_re14_c2p1_co2_cut90p_tnt1,0.0,0.0
2030,Uruguay,prm15_fix_wcost_re14_c2p1_tnt1,0.0,0.0
2030,Chile,prm15_fix_wcost_re5_c2p1_co2_cut90p_tnt1,0.0,0.0
2030,Uruguay,prm15_fix_wcost_re15_c2p1_co2_cut90p_tnt1,0.0,0.0
2030,Uruguay,prm15_fix_wcost_re16_c2p1_co2_cut90p_tnt1,0.0,0.0
2030,Uruguay,prm15_fix_wcost_re16_c2p1_tnt1,0.0,0.0
2030,Uruguay,prm15_fix_wcost_re17_c2p1_co2_cut90p_tnt1,0.0,0.0
2030,Uruguay,prm15_fix_wcost_re17_c2p1_tnt1,0.0,0.0
2030,Uruguay,prm15_fix_wcost_re18_c2p1_co2_cut90p_tnt1,0.0,0.0
2030,Uruguay,prm15_fix_wcost_re18_c2p1_tnt1,0.0,0.0
2030,Uruguay,prm15_fix_wcost_re15_c2p1_tnt1,0.0,0.0
2025,Argentina,prm15_fix_wcost_re8_c2p1_tnt1,0.0,0.0
2025,Argentina,prm15_fix_wcost_re8_c2p1_co2_cut90p_tnt1,0.0,0.0
2025,Chile,prm15_fix_wcost_re10_c2p1_tnt1,0.0,0.0
2030,Paraguay,prm15_fix_wcost_re14_c2p1_co2_cut90p_tnt1,0.0,0.0
2030,Paraguay,prm15_fix_wcost_re14_c2p1_tnt1,0.0,0.0
2030,Paraguay,prm15_fix_wcost_re15_c2p1_co2_cut90p_tnt1,0.0,0.0
2030,Paraguay,prm15_fix_wcost_re15_c2p1_tnt1,0.0,0.0
2030,Paraguay,prm15_fix_wcost_re16_c2p1_co2_cut90p_tnt1,0.0,0.0
2030,Paraguay,prm15_fix_wcost_re16_c2p1_tnt1,0.0,0.0
2030,Paraguay,prm15_fix_wcost_re13_c2p1_tnt1,0.0,0.0
2025,Chile,prm15_fix_wcost_re6_c2p1_tnt1,0.0,0.0
2025,Chile,prm15_fix_wcost_re5_c2p1_tnt1,0.0,0.0
2030,Paraguay,prm15_fix_wcost_re17_c2p1_tnt1,0.0,0.0
2025,Chile,prm15_fix_wcost_re4_c2p1_tnt1,0.0,0.0
2030,Paraguay,prm15_fix_wcost_re18_c2p1_co2_cut90p_tnt1,0.0,0.0
2030,Paraguay,prm15_fix_wcost_re18_c2p1_tnt1,0.0,0.0
2030,Paraguay,prm15_fix_wcost_re19_c2p1_co2_cut90p_tnt1,0.0,0.0
2030,Paraguay,prm15_fix_wcost_re17_c2p1_co2_cut90p_tnt1,0.0,0.0
2030,Paraguay,prm15_fix_wcost_re19_c2p1_tnt1,0.0,0.0
2025,Chile,prm15_fix_wcost_re7_c2p1_tnt1,0.0,0.0
2025,Chile,prm15_fix_wcost_re8_c2p1_tnt1,0.0,0.0
2030,Chile,prm15_fix_wcost_re6_c2p1_co2_cut90p_tnt1,0.0,0.0
2030,Chile,prm15_fix_wcost_re6_c2p1_tnt1,0.0,0.0
2030,Chile,prm15_fix_wcost_re7_c2p1_co2_cut90p_tnt1,0.0,0.0
2030,Chile,prm15_fix_wcost_re7_c2p1_tnt1,0.0,0.0
2025,Paraguay,prm15_fix_wcost_re10_c2p1_co2_cut90p_tnt1,0.0,0.0
2030,Chile,prm15_fix_wcost_re8_c2p1_tnt1,0.0,0.0
2030,Paraguay,prm15_fix_wcost_re13_c2p1_co2_cut90p_tnt1,0.0,0.0
2025,Chile,prm15_fix_wcost_re9_c2p1_tnt1,0.0,0.0
2030,Paraguay,prm15_fix_wcost_re10_c2p1_co2_cut90p_tnt1,0.0,0.0
2030,Paraguay,prm15_fix_wcost_re10_c2p1_tnt1,0.0,0.0
2030,Paraguay,prm15_fix_wcost_re11_c2p1_co2_cut90p_tnt1,0.0,0.0
2030,Paraguay,prm15_fix_wcost_re11_c2p1_tnt1,0.0,0.0
2030,Paraguay,prm15_fix_wcost_re12_c2p1_co2_cut90p_tnt1,0.0,0.0
2030,Paraguay,prm15_fix_wcost_re12_c2p1_tnt1,0.0,0.0
2030,Chile,prm15_fix_wcost_re9_c2p1_tnt1,0.0,0.0
2025,Argentina,prm15_fix_wcost_re9_c2p1_tnt1,0.0,0.0
2030,Paraguay,prm15_fix_wcost_re1_c2p1_co2_cut90p_tnt1,0.0,0.0
2030,Paraguay,prm15_fix_wcost_re1_c2p1_tnt1,0.0,0.0
2025,Chile,prm15_fix_wcost_re11_c2p1_tnt1,0.0,0.0
2025,Chile,prm15_fix_wcost_re12_c2p1_co2_cut90p_tnt1,0.0,0.0
2025,Chile,prm15_fix_wcost_re12_c2p1_tnt1,0.0,0.0
2025,Chile,prm15_fix_wcost_re13_c2p1_co2_cut90p_tnt1,0.0,0.0
2025,Chile,prm15_fix_wcost_re13_c2p1_tnt1,0.0,0.0
2025,Chile,prm15_fix_wcost_re14_c2p1_tnt1,0.0,0.0
2025,Chile,prm15_fix_wcost_re15_c2p1_co2_cut90p_tnt1,0.0,0.0
2025,Chile,prm15_fix_wcost_re15_c2p1_tnt1,0.0,0.0
2025,Chile,prm15_fix_wcost_re16_c2p1_tnt1,0.0,0.0
2025,Chile,prm15_fix_wcost_re17_c2p1_co2_cut90p_tnt1,0.0,0.0
2025,Chile,prm15_fix_wcost_re17_c2p1_tnt1,0.0,0.0
2030,Paraguay,prm15_fix_wcost_re5_c2p1_tnt1,0.0,0.0
2030,Paraguay,prm15_fix_wcost_re5_c2p1_co2_cut90p_tnt1,0.0,0.0
2030,Paraguay,prm15_fix_wcost_re4_c2p1_tnt1,0.0,0.0
2025,Chile,prm15_fix_wcost_re3_c2p1_tnt1,0.0,0.0
2030,Argentina,prm15_fix_wcost_re20_c2p1_tnt1,0.0,0.0
2025,Chile,prm15_fix_wcost_re18_c2p1_co2_cut90p_tnt1,0.0,0.0
2025,Chile,prm15_fix_wcost_re2_c2p1_tnt1,0.0,0.0
2030,Paraguay,prm15_fix_wcost_re20_c2p1_co2_cut90p_tnt1,0.0,0.0
2025,Chile,prm15_fix_wcost_re20_c2p1_tnt1,0.0,0.0
2030,Paraguay,prm15_fix_wcost_re20_c2p1_tnt1,0.0,0.0
2025,Chile,prm15_fix_wcost_re1_c2p1_tnt1,0.0,0.0
2030,Paraguay,prm15_fix_wcost_re2_c2p1_co2_cut90p_tnt1,0.0,0.0
2025,Chile,prm15_fix_wcost_re19_c2p1_tnt1,0.0,0.0
2030,Paraguay,prm15_fix_wcost_re2_c2p1_tnt1,0.0,0.0
2025,Chile,prm15_fix_wcost_re19_c2p1_co2_cut90p_tnt1,0.0,0.0
2030,Paraguay,prm15_fix_wcost_re3_c2p1_co2_cut90p_tnt1,0.0,0.0
2025,Chile,prm15_fix_wcost_re18_c2p1_tnt1,0.0,0.0
2030,Paraguay,prm15_fix_wcost_re3_c2p1_tnt1,0.0,0.0
2030,Paraguay,prm15_fix_wcost_re4_c2p1_co2_cut90p_tnt1,0.0,0.0
2050,Uruguay,prm15_fix_wcost_re20_c2p1_co2_cut90p_tnt1,0.000688483658987,0.009723227763742369
2040,Uruguay,prm15_fix_wcost_re2_c2p1_tnt1,0.0008322557308268,0.05821602856977749
2050,Uruguay,prm15_fix_wcost_re11_c2p1_co2_cut90p_tnt1,0.0075801587123184,0.092948393219055
2025,Argentina,prm15_fix_wcost_re14_c2p1_co2_cut90p_tnt1,0.0004292329425684,0.10210633840933278
2040,Uruguay,prm15_fix_wcost_re8_c2p1_tnt1,0.0016941583580943002,0.11850584829084261
2040,Uruguay,prm15_fix_wcost_re9_c2p1_tnt1,0.00170306033896,0.11912853907350669
2040,Uruguay,prm15_fix_wcost_re3_c2p1_tnt1,0.0017256277391864,0.12070712167457875
2040,Uruguay,prm15_fix_wcost_re4_c2p1_tnt1,0.001705478332901,0.14608570644088634
2050,Uruguay,prm15_fix_wcost_re16_c2p1_co2_cut90p_tnt1,0.0103894937210651,0.1473192448687881
2045,Paraguay,prm15_fix_wcost_re19_c2p1_co2_cut90p_tnt1,0.005601788947312,0.21855457794043837
2045,Paraguay,prm15_fix_wcost_re13_c2p1_co2_cut90p_tnt1,0.0073615804660546,0.22945744752602387
2045,Paraguay,prm15_fix_wcost_re18_c2p1_co2_cut90p_tnt1,0.006837436300581,0.23940236628373013
2045,Paraguay,prm15_fix_wcost_re14_c2p1_co2_cut90p_tnt1,0.0082047119203215,0.3265572038466169
2050,Paraguay,prm15_fix_wcost_re12_c2p1_co2_cut90p_tnt1,0.022211268652314,0.34678367725276416
2045,Paraguay,prm15_fix_wcost_re15_c2p1_co2_cut90p_tnt1,0.0149496222010759,0.4549063167505958
2045,Paraguay,prm15_fix_wcost_re12_c2p1_co2_cut90p_tnt1,0.0154061896411163,0.46881500668484727
2050,Uruguay,prm15_fix_wcost_re17_c2p1_co2_cut90p_tnt1,0.0180929188460419,0.4810694550340657
2040,Uruguay,prm15_fix_wcost_re13_c2p1_tnt1,0.0070436183205295,0.49269890274614275
2050,Paraguay,prm15_fix_wcost_re17_c2p1_co2_cut90p_tnt1,0.0206109237886285,0.5480202480935402
2025,Chile,prm15_fix_wcost_re14_c2p1_co2_cut90p_tnt1,0.0030114259561974,0.7163608551064117
2040,Uruguay,prm15_fix_wcost_re19_c2p1_tnt1,0.0106426901987126,0.744452857118845
2045,Paraguay,prm15_fix_wcost_re17_c2p1_co2_cut90p_tnt1,0.0244906688005548,0.7498460721065748
2040,Uruguay,prm15_fix_wcost_re18_c2p1_tnt1,0.0114730061826855,0.8025332010017142
2050,Paraguay,prm15_fix_wcost_re4_c2p1_co2_cut90p_tnt1,0.0256578304715853,1.0354805429054097
2045,Paraguay,prm15_fix_wcost_re5_c2p1_co2_cut90p_tnt1,0.0247628108999991,1.119747853467459
2045,Paraguay,prm15_fix_wcost_re2_c2p1_co2_cut90p_tnt1,0.0245027944,1.1462883952421932
2050,Uruguay,prm15_fix_wcost_re12_c2p1_co2_cut90p_tnt1,0.0744167901519704,1.1618664625696211
2050,Paraguay,prm15_fix_wcost_re2_c2p1_co2_cut90p_tnt1,0.0227110353734919,1.1746434271259985
2045,Paraguay,prm15_fix_wcost_re9_c2p1_co2_cut90p_tnt1,0.0289458009266611,1.2399629859367958
2050,Paraguay,prm15_fix_wcost_re15_c2p1_co2_cut90p_tnt1,0.0171326053767589,1.2664590789281045
2050,Uruguay,prm15_fix_wcost_re10_c2p1_co2_cut90p_tnt1,0.029938498082658898,1.3441260780505857
2045,Paraguay,prm15_fix_wcost_re3_c2p1_co2_cut90p_tnt1,0.035325652049052,1.5815605965087407
2050,Uruguay,prm15_fix_wcost_re1_c2p1_co2_cut90p_tnt1,0.0383097397227346,1.740203777864866
2050,Paraguay,prm15_fix_wcost_re14_c2p1_co2_cut90p_tnt1,0.1147107697351802,1.785682668134302
2050,Uruguay,prm15_fix_wcost_re6_c2p1_co2_cut90p_tnt1,0.0349480492628874,1.7914393974923404
2050,Uruguay,prm15_fix_wcost_re14_c2p1_co2_cut90p_tnt1,0.11694601745355199,1.820478381901177
2050,Paraguay,prm15_fix_wcost_re16_c2p1_co2_cut90p_tnt1,0.1302862230945232,1.847411290520896
2050,Paraguay,prm15_fix_wcost_re11_c2p1_co2_cut90p_tnt1,0.1506767823760231,1.8476083877385039
2050,Paraguay,prm15_fix_wcost_re20_c2p1_co2_cut90p_tnt1,0.1465397638550452,2.069532779476658
2045,Paraguay,prm15_fix_wcost_re11_c2p1_co2_cut90p_tnt1,0.0644385369999999,2.1405023285943825
2050,Uruguay,prm15_fix_wcost_re2_c2p1_co2_cut90p_tnt1,0.043418511183407574,2.2456602236952414
2045,Paraguay,prm15_fix_wcost_re16_c2p1_co2_cut90p_tnt1,0.0687122195914832,2.28692037894769
2030,Chile,prm15_fix_wcost_re8_c2p1_co2_cut90p_tnt1,0.0145139571250705,2.334747788943085
2040,Brazil,prm15_fix_wcost_re15_c2p1_tnt1,0.035765761352674,2.5018003328323304
2050,Paraguay,prm15_fix_wcost_re7_c2p1_co2_cut90p_tnt1,0.0577924965428919,2.51463354771358
2045,Paraguay,prm15_fix_wcost_re4_c2p1_co2_cut90p_tnt1,0.0594751208686551,2.635267254621428
2050,Uruguay,prm15_fix_wcost_re7_c2p1_co2_cut90p_tnt1,0.0621296910594875,2.7033510367788987
2040,Brazil,prm15_fix_wcost_re17_c2p1_tnt1,0.0389638321092557,2.725507892876861
2040,Uruguay,prm15_fix_wcost_re14_c2p1_tnt1,0.0434655219879309,2.813033252716947
2045,Paraguay,prm15_fix_wcost_re7_c2p1_co2_cut90p_tnt1,0.0656370794480537,2.8423176748083185
2050,Uruguay,prm15_fix_wcost_re9_c2p1_co2_cut90p_tnt1,0.07432558301288061,2.9618733916445685
2050,Paraguay,prm15_fix_wcost_re18_c2p1_co2_cut90p_tnt1,0.2138605365471999,3.1371165174820987
2045,Paraguay,prm15_fix_wcost_re20_c2p1_co2_cut90p_tnt1,0.0736037760902308,3.273514273882917
2045,Paraguay,prm15_fix_wcost_re8_c2p1_co2_cut90p_tnt1,0.08080967474537129,3.457579502341402
2050,Uruguay,prm15_fix_wcost_re5_c2p1_co2_cut90p_tnt1,0.0470128259461664,3.5284396704493477
2030,Chile,prm15_fix_wcost_re3_c2p1_co2_cut90p_tnt1,0.022697973715853,3.6513127464805244
2050,Paraguay,prm15_fix_wcost_re9_c2p1_co2_cut90p_tnt1,0.0930912377961372,3.709684459196949
2045,Paraguay,prm15_fix_wcost_re6_c2p1_co2_cut90p_tnt1,0.08684047978793101,3.7598358959233673
2050,Paraguay,prm15_fix_wcost_re19_c2p1_co2_cut90p_tnt1,0.1694812621922241,3.7651820326889966
2025,Argentina,prm15_fix_wcost_re19_c2p1_co2_cut90p_tnt1,0.0162041690000016,3.85466304998835
2045,Uruguay,prm15_fix_wcost_re10_c2p1_co2_cut90p_tnt1,0.10116758015564228,4.40243422524741
2050,Paraguay,prm15_fix_wcost_re8_c2p1_co2_cut90p_tnt1,0.1110679123038681,4.426538843839489
2045,Paraguay,prm15_fix_wcost_re10_c2p1_co2_cut90p_tnt1,0.1030880897288817,4.48600760974605
2050,Paraguay,prm15_fix_wcost_re5_c2p1_co2_cut90p_tnt1,0.0605980452219234,4.548047100115951
2050,Paraguay,prm15_fix_wcost_re6_c2p1_co2_cut90p_tnt1,0.089895531389124,4.6080510925685
2045,Uruguay,prm15_fix_wcost_re6_c2p1_co2_cut90p_tnt1,0.1070704932857265,4.635712343287223
2045,Uruguay,prm15_fix_wcost_re1_c2p1_co2_cut90p_tnt1,0.1077432781992138,4.827020388649911
2050,Paraguay,prm15_fix_wcost_re10_c2p1_co2_cut90p_tnt1,0.1092195917347987,4.903549305628464
2030,Chile,prm15_fix_wcost_re9_c2p1_co2_cut90p_tnt1,0.0312527679381562,5.027480926884981
2045,Uruguay,prm15_fix_wcost_re16_c2p1_co2_cut90p_tnt1,0.15382048958859598,5.11954372062627
2050,Uruguay,prm15_fix_wcost_re19_c2p1_co2_cut90p_tnt1,0.2331021068136721,5.17857757845432
2050,Paraguay,prm15_fix_wcost_re1_c2p1_co2_cut90p_tnt1,0.1167965632639106,5.3054346519841555
2050,Uruguay,prm15_fix_wcost_re18_c2p1_co2_cut90p_tnt1,0.399543356980301,5.860894603883663
2045,Uruguay,prm15_fix_wcost_re11_c2p1_co2_cut90p_tnt1,0.17684685588170088,5.874452221337312
2050,Uruguay,prm15_fix_wcost_re15_c2p1_co2_cut90p_tnt1,0.08073055728913339,5.96768237972982
2050,Uruguay,prm15_fix_wcost_re4_c2p1_tnt1,0.2122546960732243,6.183504068710445
2030,Chile,prm15_fix_wcost_re16_c2p1_co2_cut90p_tnt1,0.0449628399599862,7.232823569517721
2045,Uruguay,prm15_fix_wcost_re20_c2p1_co2_cut90p_tnt1,0.1679713149954296,7.470493043269326
2030,Chile,prm15_fix_wcost_re2_c2p1_co2_cut90p_tnt1,0.0452568353295177,7.645096011070356
2030,Chile,prm15_fix_wcost_re4_c2p1_co2_cut90p_tnt1,0.0538784908678298,8.667015228257043
2050,Paraguay,prm15_fix_wcost_re13_c2p1_co2_cut90p_tnt1,0.2204326971780009,8.952295989301687
2045,Uruguay,prm15_fix_wcost_re17_c2p1_co2_cut90p_tnt1,0.3023915419762533,9.258510326349576
2045,Uruguay,prm15_fix_wcost_re15_c2p1_co2_cut90p_tnt1,0.3072717519264393,9.350059756045177
2050,Argentina,prm15_fix_wcost_re17_c2p1_co2_cut90p_tnt1,0.3543638958484013,9.42211965411167
2050,Paraguay,prm15_fix_wcost_re3_c2p1_co2_cut90p_tnt1,0.1312636065953798,10.344911332391597
2050,Uruguay,prm15_fix_wcost_re4_c2p1_co2_cut90p_tnt1,0.2740589366598719,11.060276387550298
2045,Uruguay,prm15_fix_wcost_re12_c2p1_co2_cut90p_tnt1,0.39877355489996713,12.134799788990675
2045,Paraguay,prm15_fix_wcost_re1_c2p1_co2_cut90p_tnt1,0.27173498051206824,12.174033621066403
2045,Uruguay,prm15_fix_wcost_re7_c2p1_co2_cut90p_tnt1,0.28312239764309755,12.260201119886162
2050,Argentina,prm15_fix_wcost_re16_c2p1_co2_cut90p_tnt1,0.9045916062118997,12.826780199268402
2045,Uruguay,prm15_fix_wcost_re5_c2p1_co2_cut90p_tnt1,0.28919541565673623,13.07710773312378
2050,Uruguay,prm15_fix_wcost_re8_c2p1_co2_cut90p_tnt1,0.3613344287260522,14.400746815124188
2025,Argentina,prm15_fix_wcost_re20_c2p1_co2_cut90p_tnt1,0.0606330088701746,14.423437505586051
2045,Uruguay,prm15_fix_wcost_re14_c2p1_co2_cut90p_tnt1,0.3754100001883968,14.941760435724966
2025,Argentina,prm15_fix_wcost_re11_c2p1_co2_cut90p_tnt1,0.0631482681126754,15.021769753491425
2025,Argentina,prm15_fix_wcost_re18_c2p1_co2_cut90p_tnt1,0.0636369161404952,15.138009808583819
2045,Uruguay,prm15_fix_wcost_re3_c2p1_tnt1,0.39446628100414827,15.456797162148197
2025,Argentina,prm15_fix_wcost_re13_c2p1_co2_cut90p_tnt1,0.0665717262935964,15.83608504683046
2045,Uruguay,prm15_fix_wcost_re2_c2p1_co2_cut90p_tnt1,0.3410835479511759,15.956551993288857
2045,Uruguay,prm15_fix_wcost_re4_c2p1_co2_cut90p_tnt1,0.3635331579843668,16.107693657672147
2050,Argentina,prm15_fix_wcost_re8_c2p1_co2_cut90p_tnt1,0.4111542807692834,16.38628436318179
2025,Argentina,prm15_fix_wcost_re9_c2p1_co2_cut90p_tnt1,0.0694200791566301,16.513563492867107
2045,Uruguay,prm15_fix_wcost_re8_c2p1_co2_cut90p_tnt1,0.3990203412257703,17.07276458155179
2050,Argentina,prm15_fix_wcost_re11_c2p1_co2_cut90p_tnt1,1.4457176536719594,17.727482768778525
2050,Uruguay,prm15_fix_wcost_re12_c2p1_tnt1,0.6553718199195779,18.182054412564373
2045,Uruguay,prm15_fix_wcost_re18_c2p1_co2_cut90p_tnt1,0.5229100723119741,18.30889578517105
2025,Argentina,prm15_fix_wcost_re6_c2p1_co2_cut90p_tnt1,0.0813499239999974,19.35159687375017
2025,Argentina,prm15_fix_wcost_re1_c2p1_co2_cut90p_tnt1,0.0820676740000094,19.522335922705732
2045,Uruguay,prm15_fix_wcost_re13_c2p1_co2_cut90p_tnt1,0.639816576516299,19.9428205952833
2050,Uruguay,prm15_fix_wcost_re13_c2p1_co2_cut90p_tnt1,0.49491140558050334,20.09952900798681
2045,Uruguay,prm15_fix_wcost_re9_c2p1_co2_cut90p_tnt1,0.4772694985875875,20.444986617044563
2045,Uruguay,prm15_fix_wcost_re19_c2p1_co2_cut90p_tnt1,0.5479722814234095,21.37921507146743
2045,Uruguay,prm15_fix_wcost_re4_c2p1_tnt1,0.6664496537840686,21.476039334617763
2045,Uruguay,prm15_fix_wcost_re3_c2p1_co2_cut90p_tnt1,0.48661473133840455,21.786170675543445
2040,Uruguay,prm15_fix_wcost_re16_c2p1_co2_cut90p_tnt1,0.3228761363046503,22.58505326659846
2045,Uruguay,prm15_fix_wcost_re12_c2p1_tnt1,0.7228871689632012,23.911748299006863
2040,Uruguay,prm15_fix_wcost_re11_c2p1_co2_cut90p_tnt1,0.35078386324742233,24.538125910408173
2050,Argentina,prm15_fix_wcost_re3_c2p1_co2_cut90p_tnt1,0.3149516841343043,24.82140580214305
2045,Argentina,prm15_fix_wcost_re8_c2p1_co2_cut90p_tnt1,0.6045171212611095,25.865294147920906
2050,Argentina,prm15_fix_wcost_re18_c2p1_co2_cut90p_tnt1,1.764099655040042,25.87754737578324
2040,Uruguay,prm15_fix_wcost_re20_c2p1_co2_cut90p_tnt1,0.36064967866456255,26.744050749233057
2040,Uruguay,prm15_fix_wcost_re17_c2p1_co2_cut90p_tnt1,0.38439287427974006,26.890211748413446
2045,Uruguay,prm15_fix_wcost_re8_c2p1_tnt1,0.84389915044027,27.224266377566494
2045,Argentina,prm15_fix_wcost_re13_c2p1_co2_cut90p_tnt1,0.8735908670553048,27.229469467986057
2050,Paraguay,prm15_fix_wcost_re20_c2p1_tnt1,1.224235329501288,28.729231446694946
2050,Argentina,prm15_fix_wcost_re4_c2p1_co2_cut90p_tnt1,0.7477462446172554,30.17701314182536
2040,Uruguay,prm15_fix_wcost_re15_c2p1_co2_cut90p_tnt1,0.4370096225306011,30.577951498940664
2050,Paraguay,prm15_fix_wcost_re11_c2p1_tnt1,1.318537052397139,30.942217755463407
2050,Paraguay,prm15_fix_wcost_re16_c2p1_tnt1,1.3362448210094475,31.35776742194795
2025,Argentina,prm15_fix_wcost_re3_c2p1_co2_cut90p_tnt1,0.1354040339069849,32.20986831386889
2050,Uruguay,prm15_fix_wcost_re3_c2p1_co2_cut90p_tnt1,0.4194772042020175,33.05908313799245
2035,Brazil,prm15_fix_wcost_re13_c2p1_tnt1,0.3100940515125701,33.91671436679068
2045,Uruguay,prm15_fix_wcost_re9_c2p1_tnt1,1.0113737588629466,33.99375348962025
2025,Argentina,prm15_fix_wcost_re10_c2p1_co2_cut90p_tnt1,0.1433190944510645,34.09288176013556
2050,Paraguay,prm15_fix_wcost_re10_c2p1_tnt1,1.5031926187084959,34.19168509797228
2040,Uruguay,prm15_fix_wcost_re14_c2p1_co2_cut90p_tnt1,0.49333963306995765,34.50978494922184
2045,Argentina,prm15_fix_wcost_re3_c2p1_co2_cut90p_tnt1,0.7834672161549849,35.07651821986321
2045,Argentina,prm15_fix_wcost_re18_c2p1_co2_cut90p_tnt1,1.055091866234946,36.94242671071018
2050,Argentina,prm15_fix_wcost_re9_c2p1_co2_cut90p_tnt1,0.9284449345841288,36.998517009619015
2045,Argentina,prm15_fix_wcost_re9_c2p1_co2_cut90p_tnt1,0.8811747391294061,37.747238828571945
2040,Uruguay,prm15_fix_wcost_re18_c2p1_co2_cut90p_tnt1,0.6303197534935703,38.96260556039052
2025,Argentina,prm15_fix_wcost_re12_c2p1_co2_cut90p_tnt1,0.1675352366867364,39.85344058231876
2040,Uruguay,prm15_fix_wcost_re12_c2p1_co2_cut90p_tnt1,0.47031428213862075,40.41332391791797
2050,Argentina,prm15_fix_wcost_re20_c2p1_co2_cut90p_tnt1,2.947600732103063,41.627993490769256
2040,Uruguay,prm15_fix_wcost_re19_c2p1_co2_cut90p_tnt1,0.6138588134502998,42.93977987689973
2035,Chile,prm15_fix_wcost_re2_c2p1_co2_cut90p_tnt1,0.4055546379486034,44.07986649896489
2035,Uruguay,prm15_fix_wcost_re14_c2p1_co2_cut90p_tnt1,0.4220989138408907,46.168101324398066
2045,Paraguay,prm15_fix_wcost_re20_c2p1_tnt1,1.4803350476068504,47.09418569851665
2050,Paraguay,prm15_fix_wcost_re1_c2p1_tnt1,2.1030991729238147,47.835338031826055
2045,Argentina,prm15_fix_wcost_re19_c2p1_co2_cut90p_tnt1,1.22887416285963,47.944697047997735
2035,Chile,prm15_fix_wcost_re8_c2p1_co2_cut90p_tnt1,0.44120514411883993,48.2570651621507
2035,Brazil,prm15_fix_wcost_re18_c2p1_tnt1,0.446345342138244,48.81927726251988
2035,Brazil,prm15_fix_wcost_re19_c2p1_tnt1,0.4475639786931809,48.95256633320381
2035,Brazil,prm15_fix_wcost_re3_c2p1_tnt1,0.472166163564882,49.47739627952798
2050,Paraguay,prm15_fix_wcost_re6_c2p1_tnt1,2.2337646337952943,50.8093081293365
2040,Uruguay,prm15_fix_wcost_re13_c2p1_co2_cut90p_tnt1,0.7184446605628131,51.142552409327244
2025,Chile,prm15_fix_wcost_re16_c2p1_co2_cut90p_tnt1,0.21535383313071918,51.22857353822083
2040,Uruguay,prm15_fix_wcost_re10_c2p1_co2_cut90p_tnt1,0.7613813017156559,53.26095128963804
2025,Chile,prm15_fix_wcost_re11_c2p1_co2_cut90p_tnt1,0.22425393313071929,53.34573774523436
2025,Chile,prm15_fix_wcost_re20_c2p1_co2_cut90p_tnt1,0.2242539331307196,53.34573774523443
2030,Chile,prm15_fix_wcost_re17_c2p1_co2_cut90p_tnt1,0.33418801247497976,53.75920181009996
2040,Uruguay,prm15_fix_wcost_re1_c2p1_co2_cut90p_tnt1,0.7781611229241656,54.433439374918215
2050,Argentina,prm15_fix_wcost_re7_c2p1_co2_cut90p_tnt1,1.2521227482120036,54.48163787443251
2045,Paraguay,prm15_fix_wcost_re9_c2p1_tnt1,1.639935101849919,55.120620940310424
2045,Paraguay,prm15_fix_wcost_re8_c2p1_tnt1,1.7396027801791807,56.11975015503384
2045,Argentina,prm15_fix_wcost_re4_c2p1_co2_cut90p_tnt1,1.282216728276107,56.81339874560316
2045,Paraguay,prm15_fix_wcost_re11_c2p1_tnt1,1.8030325457639815,56.95588589395141
2045,Paraguay,prm15_fix_wcost_re16_c2p1_tnt1,1.8512319504659576,57.37934218757534
2045,Uruguay,prm15_fix_wcost_re13_c2p1_tnt1,1.7498421656799743,57.88148859903001
2040,Uruguay,prm15_fix_wcost_re6_c2p1_co2_cut90p_tnt1,0.834847706738064,58.398743773331056
2045,Uruguay,prm15_fix_wcost_re19_c2p1_tnt1,1.8080350415741515,59.806399513097894
2045,Uruguay,prm15_fix_wcost_re18_c2p1_tnt1,1.8215572904750104,60.253690080749834
2050,Argentina,prm15_fix_wcost_re2_c2p1_co2_cut90p_tnt1,1.1893330182263109,61.5138054936093
2035,Brazil,prm15_fix_wcost_re8_c2p1_tnt1,0.5666525636614097,61.97794847456027
2035,Brazil,prm15_fix_wcost_re2_c2p1_tnt1,0.5712515090073433,62.480960753982174
2035,Brazil,prm15_fix_wcost_re9_c2p1_tnt1,0.5712515090510878,62.48096075876675
2045,Paraguay,prm15_fix_wcost_re3_c2p1_tnt1,1.6256824365838287,63.700865910206524
2040,Argentina,prm15_fix_wcost_re15_c2p1_co2_cut90p_tnt1,0.9127649133294664,63.86697182570346
2040,Uruguay,prm15_fix_wcost_re7_c2p1_co2_cut90p_tnt1,0.921550838712742,64.46374694417065
2045,Argentina,prm15_fix_wcost_re12_c2p1_co2_cut90p_tnt1,2.1449380073253,65.27111178477818
2035,Brazil,prm15_fix_wcost_re4_c2p1_tnt1,0.4877132072210395,65.28055129623867
2040,Argentina,prm15_fix_wcost_re18_c2p1_co2_cut90p_tnt1,1.0564192354633193,65.30153267390264
2050,Paraguay,prm15_fix_wcost_re17_c2p1_tnt1,2.795458480442782,65.60125471707458
2050,Argentina,prm15_fix_wcost_re5_c2p1_co2_cut90p_tnt1,0.8858335956942174,66.48420590677422
2050,Argentina,prm15_fix_wcost_re19_c2p1_co2_cut90p_tnt1,3.001831434224366,66.68844469947067
2045,Uruguay,prm15_fix_wcost_re14_c2p1_tnt1,2.0395038727706893,67.46295321645832
2050,Paraguay,prm15_fix_wcost_re7_c2p1_tnt1,2.801140170465244,68.24364826582588
2035,Uruguay,prm15_fix_wcost_re11_c2p1_co2_cut90p_tnt1,0.6239659929016068,68.2466376010985
2045,Paraguay,prm15_fix_wcost_re4_c2p1_tnt1,2.1247210866775856,68.46817816393384
2050,Paraguay,prm15_fix_wcost_re15_c2p1_tnt1,2.9421619214569232,69.24891797253585
2030,Chile,prm15_fix_wcost_re13_c2p1_co2_cut90p_tnt1,0.4338760202599996,69.79552725718023
2035,Brazil,prm15_fix_wcost_re7_c2p1_tnt1,0.6464586646757381,70.7067864500946
2035,Uruguay,prm15_fix_wcost_re15_c2p1_co2_cut90p_tnt1,0.6499140979447974,71.08628596049678
2035,Brazil,prm15_fix_wcost_re5_c2p1_tnt1,0.6521348355119283,71.32762088406427
2040,Uruguay,prm15_fix_wcost_re5_c2p1_co2_cut90p_tnt1,0.9617503481733372,71.33866736168581
2045,Argentina,prm15_fix_wcost_re17_c2p1_co2_cut90p_tnt1,2.3336898453522035,71.45203662272826
2045,Argentina,prm15_fix_wcost_re15_c2p1_co2_cut90p_tnt1,2.3522286017961256,71.57663484776691
2040,Uruguay,prm15_fix_wcost_re2_c2p1_co2_cut90p_tnt1,1.0082439344867418,72.0855499276554
2040,Uruguay,prm15_fix_wcost_re4_c2p1_co2_cut90p_tnt1,1.0466411826718434,73.21222400258857
2045,Argentina,prm15_fix_wcost_re14_c2p1_co2_cut90p_tnt1,1.8701829016056122,74.43548353202272
2045,Paraguay,prm15_fix_wcost_re2_c2p1_tnt1,2.334431440365166,75.96955212906653
2050,Paraguay,prm15_fix_wcost_re12_c2p1_tnt1,2.739230673857262,75.99478593197641
2050,Paraguay,prm15_fix_wcost_re2_c2p1_tnt1,2.9583951477165087,76.04434575134923
2040,Uruguay,prm15_fix_wcost_re9_c2p1_co2_cut90p_tnt1,1.0947983229242297,76.59793766817367
2045,Paraguay,prm15_fix_wcost_re5_c2p1_tnt1,2.5465299022882366,77.48874332807814
2040,Argentina,prm15_fix_wcost_re13_c2p1_co2_cut90p_tnt1,1.0910501419250325,77.6665095136112
2040,Argentina,prm15_fix_wcost_re17_c2p1_co2_cut90p_tnt1,1.1112607059787738,77.73826647398812
2040,Argentina,prm15_fix_wcost_re19_c2p1_co2_cut90p_tnt1,1.118388611734724,78.23193176098084
2040,Uruguay,prm15_fix_wcost_re8_c2p1_co2_cut90p_tnt1,1.1260724076042445,78.77220981769462
2025,Argentina,prm15_fix_wcost_re15_c2p1_co2_cut90p_tnt1,0.3319490195509104,78.96380666232587
2050,Paraguay,prm15_fix_wcost_re5_c2p1_tnt1,3.355954599278089,79.64894491961084
2025,Argentina,prm15_fix_wcost_re17_c2p1_co2_cut90p_tnt1,0.3385895058111025,80.543502223929
2035,Chile,prm15_fix_wcost_re3_c2p1_co2_cut90p_tnt1,0.7375893180347216,80.67602372225744
2040,Argentina,prm15_fix_wcost_re14_c2p1_co2_cut90p_tnt1,1.1589426421023614,81.06962965564948
2035,Uruguay,prm15_fix_wcost_re12_c2p1_co2_cut90p_tnt1,0.7587210544350259,82.98546682851511
2035,Brazil,prm15_fix_wcost_re1_c2p1_tnt1,0.7977423674403579,84.01709057929901
2045,Paraguay,prm15_fix_wcost_re7_c2p1_tnt1,2.783434752130049,84.69755681425539
2040,Uruguay,prm15_fix_wcost_re3_c2p1_co2_cut90p_tnt1,1.2437127920279198,87.02356687083503
2045,Paraguay,prm15_fix_wcost_re10_c2p1_tnt1,2.8791494240992312,88.06975723070191
2035,Uruguay,prm15_fix_wcost_re17_c2p1_co2_cut90p_tnt1,0.8099420880416367,88.5892045767704
2045,Argentina,prm15_fix_wcost_re16_c2p1_co2_cut90p_tnt1,2.662149549308386,88.603222138881
2040,Argentina,prm15_fix_wcost_re12_c2p1_co2_cut90p_tnt1,1.044058231992045,89.71418713205698
2035,Uruguay,prm15_fix_wcost_re20_c2p1_co2_cut90p_tnt1,0.6257439928028892,90.29692308355021
2045,Paraguay,prm15_fix_wcost_re6_c2p1_tnt1,2.9679540337077226,90.31232192516413
2035,Brazil,prm15_fix_wcost_re14_c2p1_tnt1,0.877193578880218,90.33666713447589
2050,Argentina,prm15_fix_wcost_re6_c2p1_co2_cut90p_tnt1,1.774012687103471,90.93601177629336
2035,Brazil,prm15_fix_wcost_re20_c2p1_tnt1,0.8393533421046119,91.80475219731608
2035,Brazil,prm15_fix_wcost_re11_c2p1_tnt1,0.8396535879755679,91.83759176129789
2030,Chile,prm15_fix_wcost_re19_c2p1_co2_cut90p_tnt1,0.572316849835,92.06417575941734
2035,Brazil,prm15_fix_wcost_re16_c2p1_tnt1,0.8462148909182372,92.55523802601985
2045,Paraguay,prm15_fix_wcost_re1_c2p1_tnt1,2.770164940165442,92.78506405346207
2050,Paraguay,prm15_fix_wcost_re19_c2p1_tnt1,2.7126047745098756,93.36258768608604
2035,Uruguay,prm15_fix_wcost_re3_c2p1_co2_cut90p_tnt1,0.8557005948293394,93.59479563985744
2035,Uruguay,prm15_fix_wcost_re9_c2p1_co2_cut90p_tnt1,0.8576296027291233,93.80513181006452
2035,Uruguay,prm15_fix_wcost_re8_c2p1_co2_cut90p_tnt1,0.8604650063137845,94.11385255347393
2035,Brazil,prm15_fix_wcost_re15_c2p1_tnt1,0.8864314941542154,96.95395202296324
2045,Paraguay,prm15_fix_wcost_re13_c2p1_tnt1,2.9493296021991373,97.55827759364452
2045,Argentina,prm15_fix_wcost_re20_c2p1_co2_cut90p_tnt1,2.198987010236613,97.79953894305832
2035,Uruguay,prm15_fix_wcost_re16_c2p1_co2_cut90p_tnt1,0.8969858839840817,98.10824661566292
2035,Brazil,prm15_fix_wcost_re17_c2p1_tnt1,0.8980722203109424,98.2271631089351
2030,Chile,prm15_fix_wcost_re15_c2p1_co2_cut90p_tnt1,0.6120726376873323,98.46115127883894
2035,Brazil,prm15_fix_wcost_re10_c2p1_tnt1,0.9019843873662082,98.65505861973706
2040,Argentina,prm15_fix_wcost_re20_c2p1_co2_cut90p_tnt1,1.3418321547774055,99.50383812125062
2050,Uruguay,prm15_fix_wcost_re8_c2p1_tnt1,2.7776510194532666,99.96637287047152
2035,Brazil,prm15_fix_wcost_re6_c2p1_tnt1,0.9143206235664932,100.00434151479888
2035,Brazil,prm15_fix_wcost_re12_c2p1_tnt1,0.92635090078122,101.32015997069938
2050,Paraguay,prm15_fix_wcost_re14_c2p1_tnt1,2.9951456812693587,101.78348091836548
2040,Argentina,prm15_fix_wcost_re11_c2p1_co2_cut90p_tnt1,1.4594282956214752,102.09031551121478
2045,Paraguay,prm15_fix_wcost_re19_c2p1_tnt1,3.1080601125867737,102.80878441506974
2035,Uruguay,prm15_fix_wcost_re18_c2p1_co2_cut90p_tnt1,0.9705688156255203,106.1583386092077
2045,Paraguay,prm15_fix_wcost_re18_c2p1_tnt1,3.210000776102503,106.18078988435751
2045,Paraguay,prm15_fix_wcost_re15_c2p1_tnt1,3.48816908029895,109.61182536849836
2045,Argentina,prm15_fix_wcost_re11_c2p1_co2_cut90p_tnt1,3.3323631671363634,110.69356088853395
2030,Chile,prm15_fix_wcost_re18_c2p1_co2_cut90p_tnt1,0.6905176996567777,111.07813523587828
2045,Argentina,prm15_fix_wcost_re2_c2p1_co2_cut90p_tnt1,2.383539015280005,111.50659260408577
2050,Argentina,prm15_fix_wcost_re13_c2p1_co2_cut90p_tnt1,2.7503499020662696,111.69824945507864
2040,Argentina,prm15_fix_wcost_re16_c2p1_co2_cut90p_tnt1,1.6143722645564513,112.9246775696179
2045,Paraguay,prm15_fix_wcost_re12_c2p1_tnt1,3.4631797356509257,114.55547381187718
2045,Paraguay,prm15_fix_wcost_re17_c2p1_tnt1,3.8185417678379663,116.1949846611502
2045,Argentina,prm15_fix_wcost_re7_c2p1_co2_cut90p_tnt1,2.723268822978852,117.92717125589229
2045,Paraguay,prm15_fix_wcost_re14_c2p1_tnt1,3.6239629868686896,119.87388144017868
2035,Uruguay,prm15_fix_wcost_re19_c2p1_co2_cut90p_tnt1,1.1521737195119788,126.02181925014118
2045,Argentina,prm15_fix_wcost_re5_c2p1_co2_cut90p_tnt1,2.8332643821196704,128.1171884321268
2035,Chile,prm15_fix_wcost_re9_c2p1_co2_cut90p_tnt1,1.1781205124118979,128.85953283709574
2040,Argentina,prm15_fix_wcost_re9_c2p1_co2_cut90p_tnt1,1.905384149662214,133.31085120766426
2050,Paraguay,prm15_fix_wcost_re4_c2p1_tnt1,4.5794209629896425,133.4098546739127
2035,Chile,prm15_fix_wcost_re4_c2p1_co2_cut90p_tnt1,1.2301627406953695,134.55205923446542
2050,Argentina,prm15_fix_wcost_re1_c2p1_co2_cut90p_tnt1,2.998339253966117,136.19829669518603
2035,Uruguay,prm15_fix_wcost_re13_c2p1_co2_cut90p_tnt1,1.2762941397331211,139.59749013455178
2040,Argentina,prm15_fix_wcost_re4_c2p1_co2_cut90p_tnt1,2.0867906221732744,145.9703525969053
2040,Argentina,prm15_fix_wcost_re7_c2p1_co2_cut90p_tnt1,2.0893013881232054,146.14950181393235
2040,Argentina,prm15_fix_wcost_re8_c2p1_co2_cut90p_tnt1,2.163251865071381,151.32608583000655
2040,Argentina,prm15_fix_wcost_re6_c2p1_co2_cut90p_tnt1,2.165713153950187,151.4946097872573
2045,Argentina,prm15_fix_wcost_re6_c2p1_co2_cut90p_tnt1,3.6030581718931005,155.99761174588122
2040,Argentina,prm15_fix_wcost_re3_c2p1_co2_cut90p_tnt1,2.237067952575029,156.5294124281587
2040,Argentina,prm15_fix_wcost_re2_c2p1_co2_cut90p_tnt1,2.208999041985433,157.93490571529728
2050,Paraguay,prm15_fix_wcost_re18_c2p1_tnt1,2.7092151809873686,158.22399957127945
2030,Chile,prm15_fix_wcost_re12_c2p1_co2_cut90p_tnt1,0.784221415547323,158.9662070541453
2035,Argentina,prm15_fix_wcost_re16_c2p1_co2_cut90p_tnt1,1.4979772456674558,163.84195522658004
2045,Argentina,prm15_fix_wcost_re1_c2p1_co2_cut90p_tnt1,3.6698244626225867,164.41227517778174
2040,Argentina,prm15_fix_wcost_re5_c2p1_co2_cut90p_tnt1,2.2289025807941005,165.3307847456223
2045,Argentina,prm15_fix_wcost_re10_c2p1_co2_cut90p_tnt1,3.8056637263873627,165.60823351764148
2030,Chile,prm15_fix_wcost_re14_c2p1_co2_cut90p_tnt1,1.0613412460957004,170.72959393196146
2040,Argentina,prm15_fix_wcost_re10_c2p1_co2_cut90p_tnt1,2.4568105741310844,171.8614155900707
2040,Argentina,prm15_fix_wcost_re1_c2p1_co2_cut90p_tnt1,2.490922927246229,174.24348011416276
2050,Paraguay,prm15_fix_wcost_re13_c2p1_tnt1,3.0559154499804055,182.68924098531753
2040,Chile,prm15_fix_wcost_re6_c2p1_co2_cut90p_tnt1,2.928913034470548,204.88148970633864
2040,Chile,prm15_fix_wcost_re7_c2p1_co2_cut90p_tnt1,2.945691990109016,206.05520069962088
2030,Brazil,prm15_fix_wcost_re13_c2p1_tnt1,1.2977448376872103,208.75815356852928
2040,Chile,prm15_fix_wcost_re1_c2p1_co2_cut90p_tnt1,3.202159775024187,223.9954745202137
2030,Brazil,prm15_fix_wcost_re19_c2p1_tnt1,1.4165616346932042,227.87129078593694
2040,Chile,prm15_fix_wcost_re10_c2p1_co2_cut90p_tnt1,3.272672070938075,228.93342319337327
2050,Paraguay,prm15_fix_wcost_re8_c2p1_tnt1,6.550658899054253,235.75517783332802
2050,Paraguay,prm15_fix_wcost_re9_c2p1_tnt1,4.989723156665781,239.44557424489656
2040,Chile,prm15_fix_wcost_re20_c2p1_co2_cut90p_tnt1,3.2610966777229384,241.8272917090148
2035,Chile,prm15_fix_wcost_re16_c2p1_co2_cut90p_tnt1,2.2332080494208126,244.25816500424304
2040,Chile,prm15_fix_wcost_re11_c2p1_co2_cut90p_tnt1,3.503480733755355,245.07641421618285
2040,Chile,prm15_fix_wcost_re16_c2p1_co2_cut90p_tnt1,3.5555809339570246,248.7114275653723
2030,Brazil,prm15_fix_wcost_re20_c2p1_tnt1,1.5678146334017955,252.20197246262467
2045,Chile,prm15_fix_wcost_re11_c2p1_co2_cut90p_tnt1,7.637017888634519,253.68444622104266
2050,Paraguay,prm15_fix_wcost_re3_c2p1_tnt1,7.077004241198004,257.47276221757664
2025,Chile,prm15_fix_wcost_re3_c2p1_co2_cut90p_tnt1,1.082862607000792,257.5910108960869
2030,Brazil,prm15_fix_wcost_re11_c2p1_tnt1,1.6434932948632008,264.37602807139376
2025,Chile,prm15_fix_wcost_re8_c2p1_co2_cut90p_tnt1,1.1500782017807918,273.58169055142696
2025,Chile,prm15_fix_wcost_re9_c2p1_co2_cut90p_tnt1,1.1502791717807912,273.627001992701
2025,Chile,prm15_fix_wcost_re5_c2p1_co2_cut90p_tnt1,1.164062044962155,276.9067072489174
2025,Chile,prm15_fix_wcost_re4_c2p1_co2_cut90p_tnt1,1.1670795215397343,277.6259805780137
2050,Uruguay,prm15_fix_wcost_re3_c2p1_tnt1,7.631515473684413,277.64677001000103
2025,Chile,prm15_fix_wcost_re7_c2p1_co2_cut90p_tnt1,1.1731711228601744,279.07505646244556
2040,Chile,prm15_fix_wcost_re5_c2p1_co2_cut90p_tnt1,3.7727207465231922,279.84483800388637
2045,Chile,prm15_fix_wcost_re6_c2p1_co2_cut90p_tnt1,6.489202711493381,280.95580943562356
2030,Brazil,prm15_fix_wcost_re18_c2p1_tnt1,1.7610663371412043,283.28909210571703
2030,Brazil,prm15_fix_wcost_re16_c2p1_tnt1,1.7654710528990383,283.99740146620724
2040,Chile,prm15_fix_wcost_re2_c2p1_co2_cut90p_tnt1,3.9856657321684543,284.959716893742
2040,Chile,prm15_fix_wcost_re14_c2p1_co2_cut90p_tnt1,4.147685033474054,290.13626505454175
2030,Brazil,prm15_fix_wcost_re10_c2p1_tnt1,1.8085048542234101,290.9201586655806
2040,Chile,prm15_fix_wcost_re15_c2p1_co2_cut90p_tnt1,4.274526386704624,299.0924084845375
2045,Chile,prm15_fix_wcost_re7_c2p1_co2_cut90p_tnt1,7.069756585353238,306.1454633283178
2045,Chile,prm15_fix_wcost_re10_c2p1_co2_cut90p_tnt1,7.071941565062503,307.74441315175125
2025,Chile,prm15_fix_wcost_re6_c2p1_co2_cut90p_tnt1,1.2964296396602564,308.3959090347433
2025,Chile,prm15_fix_wcost_re1_c2p1_co2_cut90p_tnt1,1.3067196352071215,310.8437029092112
2045,Chile,prm15_fix_wcost_re1_c2p1_co2_cut90p_tnt1,6.945915211810869,311.1848358953058
2025,Chile,prm15_fix_wcost_re10_c2p1_co2_cut90p_tnt1,1.3250734044999992,315.20971491027456
2040,Chile,prm15_fix_wcost_re17_c2p1_co2_cut90p_tnt1,4.5138311177190955,315.7651524614685
2045,Chile,prm15_fix_wcost_re16_c2p1_co2_cut90p_tnt1,9.543090246907319,317.61872478493456
2030,Brazil,prm15_fix_wcost_re6_c2p1_tnt1,2.0535646163701515,330.34102321000734
2030,Brazil,prm15_fix_wcost_re14_c2p1_tnt1,2.0741654911979692,333.654926271734
2030,Brazil,prm15_fix_wcost_re17_c2p1_tnt1,2.0921506715840055,336.5480628421534
2040,Chile,prm15_fix_wcost_re3_c2p1_co2_cut90p_tnt1,4.966397986869624,347.5027917119204
2030,Brazil,prm15_fix_wcost_re12_c2p1_tnt1,2.1665140236429377,348.51002056609616
2030,Brazil,prm15_fix_wcost_re15_c2p1_tnt1,2.1673529524160022,348.6452708870014
2045,Chile,prm15_fix_wcost_re15_c2p1_co2_cut90p_tnt1,11.524209864834466,350.67346803556273
2040,Chile,prm15_fix_wcost_re4_c2p1_co2_cut90p_tnt1,5.071248975081805,354.7322827378125
2025,Chile,prm15_fix_wcost_re2_c2p1_co2_cut90p_tnt1,1.1670795215397338,359.25008046847705
2030,Brazil,prm15_fix_wcost_re7_c2p1_tnt1,2.239063037400988,360.1807164530088
2045,Chile,prm15_fix_wcost_re17_c2p1_co2_cut90p_tnt1,11.95370829277782,365.9941377445839
2030,Brazil,prm15_fix_wcost_re5_c2p1_tnt1,2.2871210233948203,367.9114321753493
2045,Chile,prm15_fix_wcost_re20_c2p1_co2_cut90p_tnt1,8.464853051267504,376.47276758839234
2030,Brazil,prm15_fix_wcost_re2_c2p1_tnt1,2.3153319505440964,380.06777595892765
2030,Brazil,prm15_fix_wcost_re9_c2p1_tnt1,2.3701459718978555,381.26701213705
2030,Brazil,prm15_fix_wcost_re3_c2p1_tnt1,2.3848627845150205,383.63439171672815
2045,Chile,prm15_fix_wcost_re12_c2p1_co2_cut90p_tnt1,12.637650338346326,384.56751902109534
2030,Brazil,prm15_fix_wcost_re8_c2p1_tnt1,2.408092949145342,387.37124825006754
2040,Chile,prm15_fix_wcost_re8_c2p1_co2_cut90p_tnt1,5.594804429487162,391.373685592888
2045,Chile,prm15_fix_wcost_re5_c2p1_co2_cut90p_tnt1,8.73930545735325,395.1820561157743
2030,Brazil,prm15_fix_wcost_re4_c2p1_tnt1,2.3204700214733998,409.3576800348577
2040,Chile,prm15_fix_wcost_re9_c2p1_co2_cut90p_tnt1,5.990910070832697,419.1560642471283
2045,Chile,prm15_fix_wcost_re2_c2p1_co2_cut90p_tnt1,9.067350354670408,424.18829124052365
2050,Brazil,prm15_fix_wcost_re20_c2p1_co2_cut90p_tnt1,30.567277717096335,431.69158698435643
2040,Chile,prm15_fix_wcost_re12_c2p1_co2_cut90p_tnt1,5.039508614837017,433.03659228132614
2050,Uruguay,prm15_fix_wcost_re19_c2p1_tnt1,12.725175464186274,437.9758235552705
2030,Brazil,prm15_fix_wcost_re1_c2p1_tnt1,2.051700282156218,445.46941212194247
2045,Chile,prm15_fix_wcost_re3_c2p1_co2_cut90p_tnt1,10.325210229207329,462.2687679340806
2045,Chile,prm15_fix_wcost_re4_c2p1_co2_cut90p_tnt1,10.69585879757173,473.9199523703747
2035,Chile,prm15_fix_wcost_re18_c2p1_co2_cut90p_tnt1,4.34667896342133,475.4286453423821
2045,Chile,prm15_fix_wcost_re8_c2p1_co2_cut90p_tnt1,11.239757048497736,480.9121396000801
2045,Chile,prm15_fix_wcost_re14_c2p1_co2_cut90p_tnt1,12.426804782985268,494.6014756018906
2040,Brazil,prm15_fix_wcost_re10_c2p1_co2_cut90p_tnt1,7.11293191149278,497.5713472485701
2045,Chile,prm15_fix_wcost_re9_c2p1_co2_cut90p_tnt1,11.616153909266423,497.6058849754839
2035,Chile,prm15_fix_wcost_re13_c2p1_co2_cut90p_tnt1,4.5835789668054465,501.33907198959565
2050,Brazil,prm15_fix_wcost_re11_c2p1_co2_cut90p_tnt1,41.73037829498502,511.70058017899464
2040,Brazil,prm15_fix_wcost_re1_c2p1_co2_cut90p_tnt1,7.39058358600179,516.9814730169951
2035,Chile,prm15_fix_wcost_re19_c2p1_co2_cut90p_tnt1,4.7738194163783385,522.1481773412303
2045,Chile,prm15_fix_wcost_re13_c2p1_co2_cut90p_tnt1,18.25190194400075,568.9043068777648
2025,Brazil,prm15_fix_wcost_re13_c2p1_tnt1,2.4410063865880067,580.6689083016498
2025,Brazil,prm15_fix_wcost_re19_c2p1_tnt1,2.441006386588008,580.6689083016502
2040,Chile,prm15_fix_wcost_re18_c2p1_co2_cut90p_tnt1,10.05169110565574,621.3355580145965
2045,Chile,prm15_fix_wcost_re18_c2p1_co2_cut90p_tnt1,18.04657091787637,631.8730575493088
2035,Chile,prm15_fix_wcost_re17_c2p1_co2_cut90p_tnt1,5.806195498578864,635.0654552105266
2035,Chile,prm15_fix_wcost_re15_c2p1_co2_cut90p_tnt1,5.8617267308441106,641.1437818147856
2050,Brazil,prm15_fix_wcost_re16_c2p1_co2_cut90p_tnt1,46.57528110972665,660.420558195693
2025,Brazil,prm15_fix_wcost_re18_c2p1_tnt1,2.80780274717201,667.9227735269028
2035,Chile,prm15_fix_wcost_re12_c2p1_co2_cut90p_tnt1,6.194055138998078,677.4776504048328
2040,Brazil,prm15_fix_wcost_re6_c2p1_co2_cut90p_tnt1,9.867127499171875,690.219121346548
2040,Brazil,prm15_fix_wcost_re7_c2p1_co2_cut90p_tnt1,10.028844296391739,701.5314334346851
2045,Chile,prm15_fix_wcost_re19_c2p1_co2_cut90p_tnt1,18.147943351903205,708.0445438176342
2050,Brazil,prm15_fix_wcost_re18_c2p1_co2_cut90p_tnt1,48.93035477571276,717.7585292332299
2040,Brazil,prm15_fix_wcost_re4_c2p1_co2_cut90p_tnt1,10.761414826276571,752.7576077552076
2035,Chile,prm15_fix_wcost_re14_c2p1_co2_cut90p_tnt1,6.900714760910637,754.7825588875705
2025,Brazil,prm15_fix_wcost_re3_c2p1_tnt1,3.3319754789662355,765.5570211434331
2050,Chile,prm15_fix_wcost_re11_c2p1_co2_cut90p_tnt1,62.53468029655956,766.8042681727371
2040,Chile,prm15_fix_wcost_re19_c2p1_co2_cut90p_tnt1,11.151802314390695,780.0750369928625
2040,Brazil,prm15_fix_wcost_re5_c2p1_co2_cut90p_tnt1,10.562480592689987,783.4811715403366
2025,Brazil,prm15_fix_wcost_re8_c2p1_tnt1,3.331975478966233,792.6134788051829
2025,Brazil,prm15_fix_wcost_re9_c2p1_tnt1,3.331975478966234,792.6134788051834
2025,Brazil,prm15_fix_wcost_re14_c2p1_tnt1,3.335802166984001,793.5237749706898
2025,Brazil,prm15_fix_wcost_re2_c2p1_tnt1,3.617913282076011,808.2048553871371
2040,Chile,prm15_fix_wcost_re13_c2p1_co2_cut90p_tnt1,11.442684955290279,814.5486314435336
2025,Brazil,prm15_fix_wcost_re17_c2p1_tnt1,3.598763158786708,856.0771844476017
2040,Brazil,prm15_fix_wcost_re2_c2p1_co2_cut90p_tnt1,11.996448359760851,857.6997565894629
2025,Brazil,prm15_fix_wcost_re15_c2p1_tnt1,3.620498094729889,861.2475115698401
2025,Brazil,prm15_fix_wcost_re5_c2p1_tnt1,3.6245510576440694,862.2116342217493
2050,Chile,prm15_fix_wcost_re18_c2p1_co2_cut90p_tnt1,58.90771272516187,864.1162206960495
2025,Brazil,prm15_fix_wcost_re7_c2p1_tnt1,3.651330089538175,868.5818556602356
2050,Chile,prm15_fix_wcost_re20_c2p1_co2_cut90p_tnt1,62.13050862991138,877.4486926452905
2050,Chile,prm15_fix_wcost_re16_c2p1_co2_cut90p_tnt1,61.97373936048514,878.7650995707797
2050,Chile,prm15_fix_wcost_re14_c2p1_co2_cut90p_tnt1,58.22513609866912,906.3806007158862
2025,Brazil,prm15_fix_wcost_re20_c2p1_tnt1,3.825576442004815,910.0317428126307
2050,Chile,prm15_fix_wcost_re12_c2p1_co2_cut90p_tnt1,59.478372756638706,928.6335303233094
2035,Brazil,prm15_fix_wcost_re7_c2p1_co2_cut90p_tnt1,8.537880248770737,933.8346076316423
2025,Brazil,prm15_fix_wcost_re11_c2p1_tnt1,3.951445905305519,939.9736898083107
2025,Brazil,prm15_fix_wcost_re16_c2p1_tnt1,3.9631172066368086,942.7500700094181
2035,Brazil,prm15_fix_wcost_re1_c2p1_co2_cut90p_tnt1,8.733832014160775,955.2678753652756
2025,Brazil,prm15_fix_wcost_re10_c2p1_tnt1,4.023897462022662,957.208534655441
2025,Brazil,prm15_fix_wcost_re6_c2p1_tnt1,4.039050446004409,960.8131408189226
2035,Brazil,prm15_fix_wcost_re10_c2p1_co2_cut90p_tnt1,8.873513010623185,970.5621937047706
2025,Brazil,prm15_fix_wcost_re1_c2p1_tnt1,4.0925735999985715,973.5452793210646
2035,Brazil,prm15_fix_wcost_re6_c2p1_co2_cut90p_tnt1,8.92913617526245,976.6461134137353
2040,Brazil,prm15_fix_wcost_re9_c2p1_co2_cut90p_tnt1,14.052088729056418,983.1591755647979
2025,Brazil,prm15_fix_wcost_re12_c2p1_tnt1,3.6354710129319447,991.3450283018763
2040,Brazil,prm15_fix_wcost_re8_c2p1_co2_cut90p_tnt1,14.177880826050227,991.7861370708611
2045,Brazil,prm15_fix_wcost_re1_c2p1_co2_cut90p_tnt1,22.252445881065885,996.9346743527758
2045,Brazil,prm15_fix_wcost_re10_c2p1_co2_cut90p_tnt1,23.049497967789637,1003.0278333439841
2050,Brazil,prm15_fix_wcost_re12_c2p1_co2_cut90p_tnt1,64.62295110043075,1008.9556327615809
2035,Brazil,prm15_fix_wcost_re5_c2p1_co2_cut90p_tnt1,8.8926499960149,1011.9368692995523
2025,Brazil,prm15_fix_wcost_re4_c2p1_tnt1,3.5298555245065684,1038.6721249401303
2050,Brazil,prm15_fix_wcost_re19_c2p1_co2_cut90p_tnt1,47.303018367462585,1050.88003561788
2050,Brazil,prm15_fix_wcost_re14_c2p1_co2_cut90p_tnt1,68.57150420126484,1067.4407194963171
2035,Brazil,prm15_fix_wcost_re4_c2p1_co2_cut90p_tnt1,9.868581930260213,1079.4002911273067
2040,Brazil,prm15_fix_wcost_re19_c2p1_co2_cut90p_tnt1,15.54570209632004,1087.4308740406914
2040,Brazil,prm15_fix_wcost_re18_c2p1_co2_cut90p_tnt1,17.624584655612388,1089.446644018815
2040,Brazil,prm15_fix_wcost_re3_c2p1_co2_cut90p_tnt1,15.676603527891938,1096.9043368868452
2035,Brazil,prm15_fix_wcost_re9_c2p1_co2_cut90p_tnt1,10.083518215146597,1102.9070734860873
2035,Brazil,prm15_fix_wcost_re2_c2p1_co2_cut90p_tnt1,10.220137393579481,1110.8300824491012
2045,Brazil,prm15_fix_wcost_re6_c2p1_co2_cut90p_tnt1,25.678728423865778,1111.7834116703757
2035,Brazil,prm15_fix_wcost_re8_c2p1_co2_cut90p_tnt1,10.201453344014404,1115.7897983123762
2035,Brazil,prm15_fix_wcost_re3_c2p1_co2_cut90p_tnt1,10.513399776346148,1149.9343456030776
2035,Brazil,prm15_fix_wcost_re15_c2p1_co2_cut90p_tnt1,10.86071138263945,1187.9225847264306
2035,Brazil,prm15_fix_wcost_re17_c2p1_co2_cut90p_tnt1,10.943249678297246,1196.9421009215596
2040,Brazil,prm15_fix_wcost_re13_c2p1_co2_cut90p_tnt1,16.945250091393056,1206.2492610207914
2050,Chile,prm15_fix_wcost_re19_c2p1_co2_cut90p_tnt1,55.07158523018002,1223.4658896108228
2035,Brazil,prm15_fix_wcost_re12_c2p1_co2_cut90p_tnt1,11.604759657308652,1269.2759637619201
2045,Brazil,prm15_fix_wcost_re7_c2p1_co2_cut90p_tnt1,29.66650843422168,1284.6647349562818
2035,Brazil,prm15_fix_wcost_re14_c2p1_co2_cut90p_tnt1,12.043333940875069,1317.269112603005
2035,Brazil,prm15_fix_wcost_re16_c2p1_co2_cut90p_tnt1,12.0463863918471,1317.5790924485436
2050,Brazil,prm15_fix_wcost_re17_c2p1_co2_cut90p_tnt1,49.92979034899281,1327.5744636642637
2050,Brazil,prm15_fix_wcost_re1_c2p1_co2_cut90p_tnt1,31.08944705619406,1412.225027120512
2050,Brazil,prm15_fix_wcost_re10_c2p1_co2_cut90p_tnt1,31.524003057039803,1415.3092942914395
2050,Chile,prm15_fix_wcost_re4_c2p1_co2_cut90p_tnt1,35.73807044298558,1442.2917255485324
2045,Brazil,prm15_fix_wcost_re17_c2p1_co2_cut90p_tnt1,47.5325785592806,1455.3345855939358
2045,Brazil,prm15_fix_wcost_re15_c2p1_co2_cut90p_tnt1,48.79348829220829,1484.7509684107163
2050,Chile,prm15_fix_wcost_re9_c2p1_co2_cut90p_tnt1,37.31693016263303,1487.079119008147
2050,Chile,prm15_fix_wcost_re8_c2p1_co2_cut90p_tnt1,37.31533955880362,1487.1783992499873
2045,Brazil,prm15_fix_wcost_re5_c2p1_co2_cut90p_tnt1,33.520676810624295,1515.769193451069
2045,Brazil,prm15_fix_wcost_re12_c2p1_co2_cut90p_tnt1,50.456482273587625,1535.4060040424042
2045,Brazil,prm15_fix_wcost_re16_c2p1_co2_cut90p_tnt1,46.6305123011163,1551.9840502345196
2035,Brazil,prm15_fix_wcost_re19_c2p1_co2_cut90p_tnt1,14.309575143258073,1565.144788247562
2050,Chile,prm15_fix_wcost_re7_c2p1_co2_cut90p_tnt1,36.316208735116255,1580.1697845552633
2045,Brazil,prm15_fix_wcost_re4_c2p1_co2_cut90p_tnt1,36.070530865110335,1598.2395236414466
2050,Chile,prm15_fix_wcost_re1_c2p1_co2_cut90p_tnt1,35.38836342527894,1607.5014910262978
2035,Brazil,prm15_fix_wcost_re18_c2p1_co2_cut90p_tnt1,14.709738244960452,1608.9136064555255
2040,Brazil,prm15_fix_wcost_re17_c2p1_co2_cut90p_tnt1,23.155487627938427,1619.8426326703893
2045,Brazil,prm15_fix_wcost_re11_c2p1_co2_cut90p_tnt1,48.919065439110184,1624.9806150173224
2035,Brazil,prm15_fix_wcost_re11_c2p1_co2_cut90p_tnt1,15.07424140378659,1648.7537812944943
2045,Brazil,prm15_fix_wcost_re2_c2p1_co2_cut90p_tnt1,35.43026863260219,1657.4969005929129
2050,Chile,prm15_fix_wcost_re17_c2p1_co2_cut90p_tnt1,63.23307229547232,1681.2931008070746
2035,Brazil,prm15_fix_wcost_re13_c2p1_co2_cut90p_tnt1,15.55701825222484,1701.5832278616554
2045,Brazil,prm15_fix_wcost_re8_c2p1_co2_cut90p_tnt1,40.17178657798542,1718.8182761796322
2040,Brazil,prm15_fix_wcost_re11_c2p1_co2_cut90p_tnt1,24.645320436652945,1723.9959967895977
2040,Brazil,prm15_fix_wcost_re15_c2p1_co2_cut90p_tnt1,24.689728153241738,1727.5622116055133
2045,Brazil,prm15_fix_wcost_re13_c2p1_co2_cut90p_tnt1,55.4934460117486,1729.707979827793
2050,Brazil,prm15_fix_wcost_re7_c2p1_co2_cut90p_tnt1,39.81321780278091,1732.329612287947
2040,Brazil,prm15_fix_wcost_re14_c2p1_co2_cut90p_tnt1,24.829346195237974,1736.846870168115
2040,Brazil,prm15_fix_wcost_re16_c2p1_co2_cut90p_tnt1,25.38834294910997,1775.9041730953088
2050,Chile,prm15_fix_wcost_re6_c2p1_co2_cut90p_tnt1,34.97066102459597,1792.5984779453502
2050,Chile,prm15_fix_wcost_re10_c2p1_co2_cut90p_tnt1,40.71778668796512,1828.0756361487533
2045,Brazil,prm15_fix_wcost_re9_c2p1_co2_cut90p_tnt1,42.708600545696015,1829.5256017271204
2040,Brazil,prm15_fix_wcost_re20_c2p1_co2_cut90p_tnt1,25.10106889622296,1861.3749023881905
2050,Chile,prm15_fix_wcost_re2_c2p1_co2_cut90p_tnt1,36.0684341738431,1865.5049596938468
2045,Brazil,prm15_fix_wcost_re18_c2p1_co2_cut90p_tnt1,53.819964865965034,1884.4236897862434
2030,Brazil,prm15_fix_wcost_re10_c2p1_co2_cut90p_tnt1,12.144712026422214,1953.6256933032678
2030,Brazil,prm15_fix_wcost_re20_c2p1_co2_cut90p_tnt1,12.48486054016338,1964.5467480036643
2030,Brazil,prm15_fix_wcost_re16_c2p1_co2_cut90p_tnt1,12.369568827267033,1989.7966640507584
2030,Brazil,prm15_fix_wcost_re1_c2p1_co2_cut90p_tnt1,12.406165334344367,1995.6836604946334
2045,Brazil,prm15_fix_wcost_re3_c2p1_co2_cut90p_tnt1,44.6591164585575,1999.4280294578448
2030,Brazil,prm15_fix_wcost_re6_c2p1_co2_cut90p_tnt1,12.445967906788084,2002.086391824651
2030,Brazil,prm15_fix_wcost_re11_c2p1_co2_cut90p_tnt1,12.463518687903864,2004.9096499513755
2030,Brazil,prm15_fix_wcost_re5_c2p1_co2_cut90p_tnt1,12.810926826785797,2015.8917919779951
2040,Brazil,prm15_fix_wcost_re12_c2p1_co2_cut90p_tnt1,23.77162744643845,2042.6564034596586
2030,Brazil,prm15_fix_wcost_re7_c2p1_co2_cut90p_tnt1,12.698803476424924,2042.758090251823
2045,Brazil,prm15_fix_wcost_re19_c2p1_co2_cut90p_tnt1,53.222627830029275,2076.4882561051645
2050,Brazil,prm15_fix_wcost_re6_c2p1_co2_cut90p_tnt1,40.5355759368562,2077.8563972794136
2045,Brazil,prm15_fix_wcost_re14_c2p1_co2_cut90p_tnt1,52.530997337841086,2090.795602881725
2035,Brazil,prm15_fix_wcost_re20_c2p1_co2_cut90p_tnt1,14.819881855751607,2138.5578566115573
2030,Brazil,prm15_fix_wcost_re4_c2p1_co2_cut90p_tnt1,13.347544065056475,2147.115960531655
2050,Brazil,prm15_fix_wcost_re13_c2p1_co2_cut90p_tnt1,52.90450044241045,2148.577562176049
2030,Brazil,prm15_fix_wcost_re17_c2p1_co2_cut90p_tnt1,13.397456755693288,2155.1837725637324
2030,Brazil,prm15_fix_wcost_re15_c2p1_co2_cut90p_tnt1,13.420951117973217,2158.9631964690134
2030,Brazil,prm15_fix_wcost_re3_c2p1_co2_cut90p_tnt1,13.446777724128866,2163.117797114647
2030,Brazil,prm15_fix_wcost_re9_c2p1_co2_cut90p_tnt1,13.598217428042144,2187.4791664661143
2030,Brazil,prm15_fix_wcost_re8_c2p1_co2_cut90p_tnt1,13.663296343688847,2197.908582284497
2045,Brazil,prm15_fix_wcost_re20_c2p1_co2_cut90p_tnt1,49.530822823090205,2202.874147513633
2050,Brazil,prm15_fix_wcost_re9_c2p1_co2_cut90p_tnt1,55.40151512424242,2207.7495641689165
2050,Chile,prm15_fix_wcost_re13_c2p1_co2_cut90p_tnt1,54.52706055548644,2214.4735865800944
2030,Brazil,prm15_fix_wcost_re14_c2p1_co2_cut90p_tnt1,13.780631070985189,2216.7814126987446
2030,Brazil,prm15_fix_wcost_re2_c2p1_co2_cut90p_tnt1,13.245745325418817,2237.5624370041955
2050,Brazil,prm15_fix_wcost_re8_c2p1_co2_cut90p_tnt1,56.70879147525716,2260.0917136683884
2050,Brazil,prm15_fix_wcost_re4_c2p1_co2_cut90p_tnt1,56.89783191010138,2296.2423865751057
2030,Brazil,prm15_fix_wcost_re18_c2p1_co2_cut90p_tnt1,14.622683805629634,2352.2357936379553
2030,Brazil,prm15_fix_wcost_re19_c2p1_co2_cut90p_tnt1,14.993585513248785,2411.901890279053
2030,Brazil,prm15_fix_wcost_re13_c2p1_co2_cut90p_tnt1,15.13643654977757,2434.925002662051
2050,Brazil,prm15_fix_wcost_re2_c2p1_co2_cut90p_tnt1,52.0288869310206,2690.9997298290677
2050,Chile,prm15_fix_wcost_re5_c2p1_co2_cut90p_tnt1,36.25497598554246,2721.033950715055
2030,Brazil,prm15_fix_wcost_re12_c2p1_co2_cut90p_tnt1,13.454549482852325,2727.3148329144055
2025,Brazil,prm15_fix_wcost_re10_c2p1_co2_cut90p_tnt1,11.735915187851724,2791.7506064275594
2025,Brazil,prm15_fix_wcost_re1_c2p1_co2_cut90p_tnt1,12.066394879906689,2870.365428189519
2025,Brazil,prm15_fix_wcost_re6_c2p1_co2_cut90p_tnt1,12.165478262858596,2893.9354770536434
2050,Chile,prm15_fix_wcost_re3_c2p1_co2_cut90p_tnt1,38.038109477332355,2997.791086205443
2025,Brazil,prm15_fix_wcost_re7_c2p1_co2_cut90p_tnt1,13.127817098952729,3122.8575497042357
2025,Brazil,prm15_fix_wcost_re20_c2p1_co2_cut90p_tnt1,13.293561823959038,3162.2850616742876
2025,Brazil,prm15_fix_wcost_re11_c2p1_co2_cut90p_tnt1,13.316288095899367,3167.6912087412775
2025,Brazil,prm15_fix_wcost_re5_c2p1_co2_cut90p_tnt1,13.80901670606969,3284.884481004933
2025,Brazil,prm15_fix_wcost_re16_c2p1_co2_cut90p_tnt1,13.97033658923054,3323.2768830294176
2025,Brazil,prm15_fix_wcost_re9_c2p1_co2_cut90p_tnt1,14.087376419041412,3351.0878663632466
2025,Brazil,prm15_fix_wcost_re3_c2p1_co2_cut90p_tnt1,14.101983410205307,3354.575306959487
2025,Brazil,prm15_fix_wcost_re4_c2p1_co2_cut90p_tnt1,14.161592854125303,3368.773104240672
2050,Brazil,prm15_fix_wcost_re5_c2p1_co2_cut90p_tnt1,45.05782700329031,3381.711715111597
2025,Brazil,prm15_fix_wcost_re8_c2p1_co2_cut90p_tnt1,14.365087955955005,3417.1807115592887
2025,Brazil,prm15_fix_wcost_re17_c2p1_co2_cut90p_tnt1,14.56762752153251,3465.3399456878533
2025,Brazil,prm15_fix_wcost_re15_c2p1_co2_cut90p_tnt1,14.658029370368423,3486.8420422460376
2025,Brazil,prm15_fix_wcost_re12_c2p1_co2_cut90p_tnt1,15.187599058090992,3612.8404305864387
2025,Brazil,prm15_fix_wcost_re14_c2p1_co2_cut90p_tnt1,15.812489458745112,3761.4899502065828
2025,Brazil,prm15_fix_wcost_re18_c2p1_co2_cut90p_tnt1,16.60039757090701,3948.918277246139
2025,Brazil,prm15_fix_wcost_re13_c2p1_co2_cut90p_tnt1,16.642055282404122,3958.8128095689244
2025,Brazil,prm15_fix_wcost_re19_c2p1_co2_cut90p_tnt1,16.7598626177823,3986.851973442147
2025,Brazil,prm15_fix_wcost_re2_c2p1_co2_cut90p_tnt1,13.899065016993983,4278.406169961818
2050,Brazil,prm15_fix_wcost_re3_c2p1_co2_cut90p_tnt1,55.62724432164319,4383.994353793244
2050,Brazil,prm15_fix_wcost_re15_c2p1_co2_cut90p_tnt1,61.863921239120124,4573.042044011554
2050,Chile,prm15_fix_wcost_re15_c2p1_co2_cut90p_tnt1,62.67773533399079,4633.199984169725
