,Latitude,Longitude,project,load_zone,biome
0,-50.75,-71.75,p_wind_Argentina_AR30,Argentina,Patagonia
1,-51.25,-71.75,p_wind_Argentina_AR31,Argentina,Patagonia
2,-51.75,-71.75,p_wind_Argentina_AR32,Argentina,Patagonia
3,-50.25,-71.25,p_wind_Argentina_AR54,Argentina,Patagonia
4,-50.75,-71.25,p_wind_Argentina_AR55,Argentina,Patagonia
5,-51.25,-71.25,p_wind_Argentina_AR56,Argentina,Patagonia
6,-51.75,-71.25,p_wind_Argentina_AR57,Argentina,Patagonia
7,-44.75,-70.75,p_wind_Argentina_AR74,Argentina,Patagonia
8,-45.25,-70.75,p_wind_Argentina_AR75,Argentina,Patagonia
9,-45.75,-70.75,p_wind_Argentina_AR76,Argentina,Patagonia
10,-46.25,-70.75,p_wind_Argentina_AR77,Argentina,Patagonia
11,-46.75,-70.75,p_wind_Argentina_AR78,Argentina,Patagonia
12,-47.25,-70.75,p_wind_Argentina_AR79,Argentina,Patagonia
13,-47.75,-70.75,p_wind_Argentina_AR80,Argentina,Patagonia
14,-48.25,-70.75,p_wind_Argentina_AR81,Argentina,Patagonia
15,-48.75,-70.75,p_wind_Argentina_AR82,Argentina,Patagonia
16,-49.25,-70.75,p_wind_Argentina_AR83,Argentina,Patagonia
17,-49.75,-70.75,p_wind_Argentina_AR84,Argentina,Patagonia
18,-50.25,-70.75,p_wind_Argentina_AR85,Argentina,Patagonia
19,-50.75,-70.75,p_wind_Argentina_AR86,Argentina,Patagonia
20,-51.25,-70.75,p_wind_Argentina_AR87,Argentina,Patagonia
21,-51.75,-70.75,p_wind_Argentina_AR88,Argentina,Patagonia
22,-44.25,-70.25,p_wind_Argentina_AR112,Argentina,Patagonia
23,-44.75,-70.25,p_wind_Argentina_AR113,Argentina,Patagonia
24,-45.25,-70.25,p_wind_Argentina_AR114,Argentina,Patagonia
25,-45.75,-70.25,p_wind_Argentina_AR115,Argentina,Patagonia
26,-46.25,-70.25,p_wind_Argentina_AR116,Argentina,Patagonia
27,-46.75,-70.25,p_wind_Argentina_AR117,Argentina,Patagonia
28,-47.25,-70.25,p_wind_Argentina_AR118,Argentina,Patagonia
29,-47.75,-70.25,p_wind_Argentina_AR119,Argentina,Patagonia
30,-48.25,-70.25,p_wind_Argentina_AR120,Argentina,Patagonia
31,-48.75,-70.25,p_wind_Argentina_AR121,Argentina,Patagonia
32,-49.25,-70.25,p_wind_Argentina_AR122,Argentina,Patagonia
33,-49.75,-70.25,p_wind_Argentina_AR123,Argentina,Patagonia
34,-50.25,-70.25,p_wind_Argentina_AR124,Argentina,Patagonia
35,-50.75,-70.25,p_wind_Argentina_AR125,Argentina,Patagonia
36,-51.25,-70.25,p_wind_Argentina_AR126,Argentina,Patagonia
37,-51.75,-70.25,p_wind_Argentina_AR127,Argentina,Patagonia
38,-40.75,-69.75,p_wind_Argentina_AR151,Argentina,Patagonia
39,-41.25,-69.75,p_wind_Argentina_AR152,Argentina,Patagonia
40,-43.75,-69.75,p_wind_Argentina_AR157,Argentina,Patagonia
41,-44.25,-69.75,p_wind_Argentina_AR158,Argentina,Patagonia
42,-44.75,-69.75,p_wind_Argentina_AR159,Argentina,Patagonia
43,-45.25,-69.75,p_wind_Argentina_AR160,Argentina,Patagonia
44,-45.75,-69.75,p_wind_Argentina_AR161,Argentina,Patagonia
45,-46.25,-69.75,p_wind_Argentina_AR162,Argentina,Patagonia
46,-46.75,-69.75,p_wind_Argentina_AR163,Argentina,Patagonia
47,-47.25,-69.75,p_wind_Argentina_AR164,Argentina,Patagonia
48,-47.75,-69.75,p_wind_Argentina_AR165,Argentina,Patagonia
49,-48.25,-69.75,p_wind_Argentina_AR166,Argentina,Patagonia
50,-48.75,-69.75,p_wind_Argentina_AR167,Argentina,Patagonia
51,-49.25,-69.75,p_wind_Argentina_AR168,Argentina,Patagonia
52,-49.75,-69.75,p_wind_Argentina_AR169,Argentina,Patagonia
53,-50.25,-69.75,p_wind_Argentina_AR170,Argentina,Patagonia
54,-50.75,-69.75,p_wind_Argentina_AR171,Argentina,Patagonia
55,-51.25,-69.75,p_wind_Argentina_AR172,Argentina,Patagonia
56,-51.75,-69.75,p_wind_Argentina_AR173,Argentina,Patagonia
57,-39.75,-69.25,p_wind_Argentina_AR197,Argentina,Patagonia
58,-40.25,-69.25,p_wind_Argentina_AR198,Argentina,Patagonia
59,-40.75,-69.25,p_wind_Argentina_AR199,Argentina,Patagonia
60,-41.25,-69.25,p_wind_Argentina_AR200,Argentina,Patagonia
61,-43.25,-69.25,p_wind_Argentina_AR204,Argentina,Patagonia
62,-43.75,-69.25,p_wind_Argentina_AR205,Argentina,Patagonia
63,-44.25,-69.25,p_wind_Argentina_AR206,Argentina,Patagonia
64,-44.75,-69.25,p_wind_Argentina_AR207,Argentina,Patagonia
65,-45.25,-69.25,p_wind_Argentina_AR208,Argentina,Patagonia
66,-45.75,-69.25,p_wind_Argentina_AR209,Argentina,Patagonia
67,-46.25,-69.25,p_wind_Argentina_AR210,Argentina,Patagonia
68,-46.75,-69.25,p_wind_Argentina_AR211,Argentina,Patagonia
69,-47.25,-69.25,p_wind_Argentina_AR212,Argentina,Patagonia
70,-47.75,-69.25,p_wind_Argentina_AR213,Argentina,Patagonia
71,-48.25,-69.25,p_wind_Argentina_AR214,Argentina,Patagonia
72,-48.75,-69.25,p_wind_Argentina_AR215,Argentina,Patagonia
73,-49.25,-69.25,p_wind_Argentina_AR216,Argentina,Patagonia
74,-49.75,-69.25,p_wind_Argentina_AR217,Argentina,Patagonia
75,-50.25,-69.25,p_wind_Argentina_AR218,Argentina,Patagonia
76,-50.75,-69.25,p_wind_Argentina_AR219,Argentina,Patagonia
77,-51.25,-69.25,p_wind_Argentina_AR220,Argentina,Patagonia
78,-51.75,-69.25,p_wind_Argentina_AR221,Argentina,Patagonia
79,-39.25,-68.75,p_wind_Argentina_AR246,Argentina,Patagonia
80,-39.75,-68.75,p_wind_Argentina_AR247,Argentina,Patagonia
81,-40.25,-68.75,p_wind_Argentina_AR248,Argentina,Patagonia
82,-40.75,-68.75,p_wind_Argentina_AR249,Argentina,Patagonia
83,-41.25,-68.75,p_wind_Argentina_AR250,Argentina,Patagonia
84,-41.75,-68.75,p_wind_Argentina_AR251,Argentina,Patagonia
85,-42.75,-68.75,p_wind_Argentina_AR253,Argentina,Patagonia
86,-43.25,-68.75,p_wind_Argentina_AR254,Argentina,Patagonia
87,-43.75,-68.75,p_wind_Argentina_AR255,Argentina,Patagonia
88,-44.25,-68.75,p_wind_Argentina_AR256,Argentina,Patagonia
89,-44.75,-68.75,p_wind_Argentina_AR257,Argentina,Patagonia
90,-45.25,-68.75,p_wind_Argentina_AR258,Argentina,Patagonia
91,-45.75,-68.75,p_wind_Argentina_AR259,Argentina,Patagonia
92,-46.25,-68.75,p_wind_Argentina_AR260,Argentina,Patagonia
93,-46.75,-68.75,p_wind_Argentina_AR261,Argentina,Patagonia
94,-47.25,-68.75,p_wind_Argentina_AR262,Argentina,Patagonia
95,-47.75,-68.75,p_wind_Argentina_AR263,Argentina,Patagonia
96,-48.25,-68.75,p_wind_Argentina_AR264,Argentina,Patagonia
97,-48.75,-68.75,p_wind_Argentina_AR265,Argentina,Patagonia
98,-49.25,-68.75,p_wind_Argentina_AR266,Argentina,Patagonia
99,-49.75,-68.75,p_wind_Argentina_AR267,Argentina,Patagonia
100,-50.25,-68.75,p_wind_Argentina_AR268,Argentina,Patagonia
101,-52.25,-68.75,p_wind_Argentina_AR269,Argentina,Patagonia
102,-38.25,-68.25,p_wind_Argentina_AR297,Argentina,Patagonia
103,-38.75,-68.25,p_wind_Argentina_AR298,Argentina,Patagonia
104,-39.25,-68.25,p_wind_Argentina_AR299,Argentina,Patagonia
105,-39.75,-68.25,p_wind_Argentina_AR300,Argentina,Patagonia
106,-40.25,-68.25,p_wind_Argentina_AR301,Argentina,Patagonia
107,-40.75,-68.25,p_wind_Argentina_AR302,Argentina,Patagonia
108,-41.25,-68.25,p_wind_Argentina_AR303,Argentina,Patagonia
109,-42.75,-68.25,p_wind_Argentina_AR306,Argentina,Patagonia
110,-43.25,-68.25,p_wind_Argentina_AR307,Argentina,Patagonia
111,-43.75,-68.25,p_wind_Argentina_AR308,Argentina,Patagonia
112,-44.25,-68.25,p_wind_Argentina_AR309,Argentina,Patagonia
113,-44.75,-68.25,p_wind_Argentina_AR310,Argentina,Patagonia
114,-45.75,-68.25,p_wind_Argentina_AR312,Argentina,Patagonia
115,-46.25,-68.25,p_wind_Argentina_AR313,Argentina,Patagonia
116,-46.75,-68.25,p_wind_Argentina_AR314,Argentina,Patagonia
117,-47.25,-68.25,p_wind_Argentina_AR315,Argentina,Patagonia
118,-47.75,-68.25,p_wind_Argentina_AR316,Argentina,Patagonia
119,-48.25,-68.25,p_wind_Argentina_AR317,Argentina,Patagonia
120,-48.75,-68.25,p_wind_Argentina_AR318,Argentina,Patagonia
121,-49.25,-68.25,p_wind_Argentina_AR319,Argentina,Patagonia
122,-49.75,-68.25,p_wind_Argentina_AR320,Argentina,Patagonia
123,-53.75,-68.25,p_wind_Argentina_AR321,Argentina,Patagonia
124,-54.75,-68.25,p_wind_Argentina_AR323,Argentina,Patagonia
125,-37.75,-67.75,p_wind_Argentina_AR351,Argentina,Patagonia
126,-38.25,-67.75,p_wind_Argentina_AR352,Argentina,Patagonia
127,-38.75,-67.75,p_wind_Argentina_AR353,Argentina,Patagonia
128,-39.25,-67.75,p_wind_Argentina_AR354,Argentina,Patagonia
129,-39.75,-67.75,p_wind_Argentina_AR355,Argentina,Patagonia
130,-40.25,-67.75,p_wind_Argentina_AR356,Argentina,Patagonia
131,-40.75,-67.75,p_wind_Argentina_AR357,Argentina,Patagonia
132,-41.25,-67.75,p_wind_Argentina_AR358,Argentina,Patagonia
133,-42.25,-67.75,p_wind_Argentina_AR360,Argentina,Patagonia
134,-42.75,-67.75,p_wind_Argentina_AR361,Argentina,Patagonia
135,-43.25,-67.75,p_wind_Argentina_AR362,Argentina,Patagonia
136,-43.75,-67.75,p_wind_Argentina_AR363,Argentina,Patagonia
137,-44.25,-67.75,p_wind_Argentina_AR364,Argentina,Patagonia
138,-44.75,-67.75,p_wind_Argentina_AR365,Argentina,Patagonia
139,-45.25,-67.75,p_wind_Argentina_AR366,Argentina,Patagonia
140,-45.75,-67.75,p_wind_Argentina_AR367,Argentina,Patagonia
141,-46.25,-67.75,p_wind_Argentina_AR368,Argentina,Patagonia
142,-46.75,-67.75,p_wind_Argentina_AR369,Argentina,Patagonia
143,-47.25,-67.75,p_wind_Argentina_AR370,Argentina,Patagonia
144,-47.75,-67.75,p_wind_Argentina_AR371,Argentina,Patagonia
145,-48.25,-67.75,p_wind_Argentina_AR372,Argentina,Patagonia
146,-48.75,-67.75,p_wind_Argentina_AR373,Argentina,Patagonia
147,-49.25,-67.75,p_wind_Argentina_AR374,Argentina,Patagonia
148,-49.75,-67.75,p_wind_Argentina_AR375,Argentina,Patagonia
149,-53.75,-67.75,p_wind_Argentina_AR376,Argentina,Patagonia
150,-54.75,-67.75,p_wind_Argentina_AR378,Argentina,Patagonia
151,-35.25,-67.25,p_wind_Argentina_AR402,Argentina,Pampas
152,-35.75,-67.25,p_wind_Argentina_AR403,Argentina,Pampas
153,-36.25,-67.25,p_wind_Argentina_AR404,Argentina,Pampas
154,-36.75,-67.25,p_wind_Argentina_AR405,Argentina,Patagonia
155,-37.25,-67.25,p_wind_Argentina_AR406,Argentina,Patagonia
156,-37.75,-67.25,p_wind_Argentina_AR407,Argentina,Patagonia
157,-38.25,-67.25,p_wind_Argentina_AR408,Argentina,Patagonia
158,-38.75,-67.25,p_wind_Argentina_AR409,Argentina,Patagonia
159,-39.25,-67.25,p_wind_Argentina_AR410,Argentina,Patagonia
160,-39.75,-67.25,p_wind_Argentina_AR411,Argentina,Patagonia
161,-40.25,-67.25,p_wind_Argentina_AR412,Argentina,Patagonia
162,-40.75,-67.25,p_wind_Argentina_AR413,Argentina,Patagonia
163,-41.25,-67.25,p_wind_Argentina_AR414,Argentina,Patagonia
164,-41.75,-67.25,p_wind_Argentina_AR415,Argentina,Patagonia
165,-42.25,-67.25,p_wind_Argentina_AR416,Argentina,Patagonia
166,-43.25,-67.25,p_wind_Argentina_AR418,Argentina,Patagonia
167,-43.75,-67.25,p_wind_Argentina_AR419,Argentina,Patagonia
168,-44.25,-67.25,p_wind_Argentina_AR420,Argentina,Patagonia
169,-44.75,-67.25,p_wind_Argentina_AR421,Argentina,Patagonia
170,-45.25,-67.25,p_wind_Argentina_AR422,Argentina,Patagonia
171,-46.75,-67.25,p_wind_Argentina_AR423,Argentina,Patagonia
172,-47.25,-67.25,p_wind_Argentina_AR424,Argentina,Patagonia
173,-47.75,-67.25,p_wind_Argentina_AR425,Argentina,Patagonia
174,-48.25,-67.25,p_wind_Argentina_AR426,Argentina,Patagonia
175,-48.75,-67.25,p_wind_Argentina_AR427,Argentina,Patagonia
176,-54.25,-67.25,p_wind_Argentina_AR428,Argentina,Patagonia
177,-54.75,-67.25,p_wind_Argentina_AR429,Argentina,Patagonia
178,-34.75,-66.75,p_wind_Argentina_AR454,Argentina,Pampas
179,-35.25,-66.75,p_wind_Argentina_AR455,Argentina,Pampas
180,-35.75,-66.75,p_wind_Argentina_AR456,Argentina,Pampas
181,-36.25,-66.75,p_wind_Argentina_AR457,Argentina,Pampas
182,-36.75,-66.75,p_wind_Argentina_AR458,Argentina,Patagonia
183,-37.25,-66.75,p_wind_Argentina_AR459,Argentina,Patagonia
184,-37.75,-66.75,p_wind_Argentina_AR460,Argentina,Patagonia
185,-38.25,-66.75,p_wind_Argentina_AR461,Argentina,Patagonia
186,-38.75,-66.75,p_wind_Argentina_AR462,Argentina,Patagonia
187,-39.25,-66.75,p_wind_Argentina_AR463,Argentina,Patagonia
188,-39.75,-66.75,p_wind_Argentina_AR464,Argentina,Patagonia
189,-40.25,-66.75,p_wind_Argentina_AR465,Argentina,Patagonia
190,-40.75,-66.75,p_wind_Argentina_AR466,Argentina,Patagonia
191,-41.25,-66.75,p_wind_Argentina_AR467,Argentina,Patagonia
192,-41.75,-66.75,p_wind_Argentina_AR468,Argentina,Patagonia
193,-42.25,-66.75,p_wind_Argentina_AR469,Argentina,Patagonia
194,-42.75,-66.75,p_wind_Argentina_AR470,Argentina,Patagonia
195,-43.25,-66.75,p_wind_Argentina_AR471,Argentina,Patagonia
196,-43.75,-66.75,p_wind_Argentina_AR472,Argentina,Patagonia
197,-44.25,-66.75,p_wind_Argentina_AR473,Argentina,Patagonia
198,-44.75,-66.75,p_wind_Argentina_AR474,Argentina,Patagonia
199,-47.25,-66.75,p_wind_Argentina_AR475,Argentina,Patagonia
200,-47.75,-66.75,p_wind_Argentina_AR476,Argentina,Patagonia
201,-48.25,-66.75,p_wind_Argentina_AR477,Argentina,Patagonia
202,-54.75,-66.75,p_wind_Argentina_AR478,Argentina,Patagonia
203,-34.75,-66.25,p_wind_Argentina_AR504,Argentina,Pampas
204,-35.25,-66.25,p_wind_Argentina_AR505,Argentina,Pampas
205,-35.75,-66.25,p_wind_Argentina_AR506,Argentina,Pampas
206,-36.25,-66.25,p_wind_Argentina_AR507,Argentina,Pampas
207,-36.75,-66.25,p_wind_Argentina_AR508,Argentina,Patagonia
208,-37.25,-66.25,p_wind_Argentina_AR509,Argentina,Patagonia
209,-37.75,-66.25,p_wind_Argentina_AR510,Argentina,Patagonia
210,-38.25,-66.25,p_wind_Argentina_AR511,Argentina,Patagonia
211,-38.75,-66.25,p_wind_Argentina_AR512,Argentina,Patagonia
212,-39.25,-66.25,p_wind_Argentina_AR513,Argentina,Patagonia
213,-39.75,-66.25,p_wind_Argentina_AR514,Argentina,Patagonia
214,-40.25,-66.25,p_wind_Argentina_AR515,Argentina,Patagonia
215,-40.75,-66.25,p_wind_Argentina_AR516,Argentina,Patagonia
216,-41.25,-66.25,p_wind_Argentina_AR517,Argentina,Patagonia
217,-41.75,-66.25,p_wind_Argentina_AR518,Argentina,Patagonia
218,-42.25,-66.25,p_wind_Argentina_AR519,Argentina,Patagonia
219,-42.75,-66.25,p_wind_Argentina_AR520,Argentina,Patagonia
220,-43.25,-66.25,p_wind_Argentina_AR521,Argentina,Patagonia
221,-43.75,-66.25,p_wind_Argentina_AR522,Argentina,Patagonia
222,-44.25,-66.25,p_wind_Argentina_AR523,Argentina,Patagonia
223,-44.75,-66.25,p_wind_Argentina_AR524,Argentina,Patagonia
224,-47.25,-66.25,p_wind_Argentina_AR525,Argentina,Patagonia
225,-47.75,-66.25,p_wind_Argentina_AR526,Argentina,Patagonia
226,-54.75,-66.25,p_wind_Argentina_AR527,Argentina,Patagonia
227,-34.75,-65.75,p_wind_Argentina_AR553,Argentina,Pampas
228,-35.25,-65.75,p_wind_Argentina_AR554,Argentina,Pampas
229,-35.75,-65.75,p_wind_Argentina_AR555,Argentina,Pampas
230,-36.25,-65.75,p_wind_Argentina_AR556,Argentina,Pampas
231,-36.75,-65.75,p_wind_Argentina_AR557,Argentina,Pampas
232,-37.25,-65.75,p_wind_Argentina_AR558,Argentina,Pampas
233,-37.75,-65.75,p_wind_Argentina_AR559,Argentina,Patagonia
234,-38.25,-65.75,p_wind_Argentina_AR560,Argentina,Patagonia
235,-38.75,-65.75,p_wind_Argentina_AR561,Argentina,Patagonia
236,-39.25,-65.75,p_wind_Argentina_AR562,Argentina,Patagonia
237,-39.75,-65.75,p_wind_Argentina_AR563,Argentina,Patagonia
238,-40.25,-65.75,p_wind_Argentina_AR564,Argentina,Patagonia
239,-40.75,-65.75,p_wind_Argentina_AR565,Argentina,Patagonia
240,-41.25,-65.75,p_wind_Argentina_AR566,Argentina,Patagonia
241,-41.75,-65.75,p_wind_Argentina_AR567,Argentina,Patagonia
242,-42.25,-65.75,p_wind_Argentina_AR568,Argentina,Patagonia
243,-42.75,-65.75,p_wind_Argentina_AR569,Argentina,Patagonia
244,-43.25,-65.75,p_wind_Argentina_AR570,Argentina,Patagonia
245,-43.75,-65.75,p_wind_Argentina_AR571,Argentina,Patagonia
246,-44.25,-65.75,p_wind_Argentina_AR572,Argentina,Patagonia
247,-44.75,-65.75,p_wind_Argentina_AR573,Argentina,Patagonia
248,-47.25,-65.75,p_wind_Argentina_AR574,Argentina,Patagonia
249,-54.75,-65.75,p_wind_Argentina_AR575,Argentina,Patagonia
250,-34.25,-65.25,p_wind_Argentina_AR600,Argentina,Pampas
251,-34.75,-65.25,p_wind_Argentina_AR601,Argentina,Pampas
252,-35.25,-65.25,p_wind_Argentina_AR602,Argentina,Pampas
253,-35.75,-65.25,p_wind_Argentina_AR603,Argentina,Pampas
254,-36.25,-65.25,p_wind_Argentina_AR604,Argentina,Pampas
255,-36.75,-65.25,p_wind_Argentina_AR605,Argentina,Pampas
256,-37.25,-65.25,p_wind_Argentina_AR606,Argentina,Pampas
257,-37.75,-65.25,p_wind_Argentina_AR607,Argentina,Patagonia
258,-38.25,-65.25,p_wind_Argentina_AR608,Argentina,Patagonia
259,-38.75,-65.25,p_wind_Argentina_AR609,Argentina,Patagonia
260,-39.25,-65.25,p_wind_Argentina_AR610,Argentina,Patagonia
261,-39.75,-65.25,p_wind_Argentina_AR611,Argentina,Patagonia
262,-41.25,-65.25,p_wind_Argentina_AR614,Argentina,Patagonia
263,-41.75,-65.25,p_wind_Argentina_AR615,Argentina,Patagonia
264,-42.25,-65.25,p_wind_Argentina_AR616,Argentina,Patagonia
265,-42.75,-65.25,p_wind_Argentina_AR617,Argentina,Patagonia
266,-43.25,-65.25,p_wind_Argentina_AR618,Argentina,Patagonia
267,-54.75,-65.25,p_wind_Argentina_AR619,Argentina,Patagonia
268,-33.75,-64.75,p_wind_Argentina_AR643,Argentina,Pampas
269,-34.25,-64.75,p_wind_Argentina_AR644,Argentina,Pampas
270,-34.75,-64.75,p_wind_Argentina_AR645,Argentina,Pampas
271,-35.25,-64.75,p_wind_Argentina_AR646,Argentina,Pampas
272,-35.75,-64.75,p_wind_Argentina_AR647,Argentina,Pampas
273,-36.25,-64.75,p_wind_Argentina_AR648,Argentina,Pampas
274,-36.75,-64.75,p_wind_Argentina_AR649,Argentina,Pampas
275,-37.25,-64.75,p_wind_Argentina_AR650,Argentina,Pampas
276,-37.75,-64.75,p_wind_Argentina_AR651,Argentina,Patagonia
277,-38.25,-64.75,p_wind_Argentina_AR652,Argentina,Patagonia
278,-38.75,-64.75,p_wind_Argentina_AR653,Argentina,Patagonia
279,-39.25,-64.75,p_wind_Argentina_AR654,Argentina,Patagonia
280,-39.75,-64.75,p_wind_Argentina_AR655,Argentina,Patagonia
281,-42.25,-64.75,p_wind_Argentina_AR658,Argentina,Patagonia
282,-33.25,-64.25,p_wind_Argentina_AR680,Argentina,Pampas
283,-33.75,-64.25,p_wind_Argentina_AR681,Argentina,Pampas
284,-34.25,-64.25,p_wind_Argentina_AR682,Argentina,Pampas
285,-34.75,-64.25,p_wind_Argentina_AR683,Argentina,Pampas
286,-35.25,-64.25,p_wind_Argentina_AR684,Argentina,Pampas
287,-35.75,-64.25,p_wind_Argentina_AR685,Argentina,Pampas
288,-36.25,-64.25,p_wind_Argentina_AR686,Argentina,Pampas
289,-36.75,-64.25,p_wind_Argentina_AR687,Argentina,Pampas
290,-37.25,-64.25,p_wind_Argentina_AR688,Argentina,Pampas
291,-37.75,-64.25,p_wind_Argentina_AR689,Argentina,Patagonia
292,-38.25,-64.25,p_wind_Argentina_AR690,Argentina,Patagonia
293,-38.75,-64.25,p_wind_Argentina_AR691,Argentina,Patagonia
294,-39.25,-64.25,p_wind_Argentina_AR692,Argentina,Patagonia
295,-39.75,-64.25,p_wind_Argentina_AR693,Argentina,Patagonia
296,-40.25,-64.25,p_wind_Argentina_AR694,Argentina,Patagonia
297,-40.75,-64.25,p_wind_Argentina_AR695,Argentina,Patagonia
298,-42.75,-64.25,p_wind_Argentina_AR696,Argentina,Patagonia
299,-54.75,-64.25,p_wind_Argentina_AR697,Argentina,Patagonia
300,-32.75,-63.75,p_wind_Argentina_AR719,Argentina,Pampas
301,-33.25,-63.75,p_wind_Argentina_AR720,Argentina,Pampas
302,-33.75,-63.75,p_wind_Argentina_AR721,Argentina,Pampas
303,-34.25,-63.75,p_wind_Argentina_AR722,Argentina,Pampas
304,-34.75,-63.75,p_wind_Argentina_AR723,Argentina,Pampas
305,-35.25,-63.75,p_wind_Argentina_AR724,Argentina,Pampas
306,-35.75,-63.75,p_wind_Argentina_AR725,Argentina,Pampas
307,-36.25,-63.75,p_wind_Argentina_AR726,Argentina,Pampas
308,-36.75,-63.75,p_wind_Argentina_AR727,Argentina,Pampas
309,-37.25,-63.75,p_wind_Argentina_AR728,Argentina,Pampas
310,-37.75,-63.75,p_wind_Argentina_AR729,Argentina,Pampas
311,-38.25,-63.75,p_wind_Argentina_AR730,Argentina,Pampas
312,-38.75,-63.75,p_wind_Argentina_AR731,Argentina,Patagonia
313,-39.25,-63.75,p_wind_Argentina_AR732,Argentina,Patagonia
314,-39.75,-63.75,p_wind_Argentina_AR733,Argentina,Patagonia
315,-40.25,-63.75,p_wind_Argentina_AR734,Argentina,Patagonia
316,-40.75,-63.75,p_wind_Argentina_AR735,Argentina,Patagonia
317,-42.25,-63.75,p_wind_Argentina_AR736,Argentina,Patagonia
318,-42.75,-63.75,p_wind_Argentina_AR737,Argentina,Patagonia
319,-31.75,-63.25,p_wind_Argentina_AR757,Argentina,Pampas
320,-32.25,-63.25,p_wind_Argentina_AR758,Argentina,Pampas
321,-32.75,-63.25,p_wind_Argentina_AR759,Argentina,Pampas
322,-33.25,-63.25,p_wind_Argentina_AR760,Argentina,Pampas
323,-33.75,-63.25,p_wind_Argentina_AR761,Argentina,Pampas
324,-34.25,-63.25,p_wind_Argentina_AR762,Argentina,Pampas
325,-34.75,-63.25,p_wind_Argentina_AR763,Argentina,Pampas
326,-35.25,-63.25,p_wind_Argentina_AR764,Argentina,Pampas
327,-35.75,-63.25,p_wind_Argentina_AR765,Argentina,Pampas
328,-36.25,-63.25,p_wind_Argentina_AR766,Argentina,Pampas
329,-36.75,-63.25,p_wind_Argentina_AR767,Argentina,Pampas
330,-37.25,-63.25,p_wind_Argentina_AR768,Argentina,Pampas
331,-37.75,-63.25,p_wind_Argentina_AR769,Argentina,Pampas
332,-38.25,-63.25,p_wind_Argentina_AR770,Argentina,Pampas
333,-38.75,-63.25,p_wind_Argentina_AR771,Argentina,Patagonia
334,-39.25,-63.25,p_wind_Argentina_AR772,Argentina,Patagonia
335,-39.75,-63.25,p_wind_Argentina_AR773,Argentina,Patagonia
336,-40.25,-63.25,p_wind_Argentina_AR774,Argentina,Patagonia
337,-40.75,-63.25,p_wind_Argentina_AR775,Argentina,Patagonia
338,-22.75,-62.75,p_wind_Argentina_AR777,Argentina,Gran Chaco
339,-23.25,-62.75,p_wind_Argentina_AR778,Argentina,Gran Chaco
340,-24.75,-62.75,p_wind_Argentina_AR781,Argentina,Gran Chaco
341,-25.25,-62.75,p_wind_Argentina_AR782,Argentina,Gran Chaco
342,-25.75,-62.75,p_wind_Argentina_AR783,Argentina,Gran Chaco
343,-26.25,-62.75,p_wind_Argentina_AR784,Argentina,Gran Chaco
344,-28.75,-62.75,p_wind_Argentina_AR789,Argentina,Gran Chaco
345,-29.25,-62.75,p_wind_Argentina_AR790,Argentina,Gran Chaco
346,-29.75,-62.75,p_wind_Argentina_AR791,Argentina,Gran Chaco
347,-30.25,-62.75,p_wind_Argentina_AR792,Argentina,Pampas
348,-30.75,-62.75,p_wind_Argentina_AR793,Argentina,Pampas
349,-31.25,-62.75,p_wind_Argentina_AR794,Argentina,Pampas
350,-31.75,-62.75,p_wind_Argentina_AR795,Argentina,Pampas
351,-32.25,-62.75,p_wind_Argentina_AR796,Argentina,Pampas
352,-32.75,-62.75,p_wind_Argentina_AR797,Argentina,Pampas
353,-33.25,-62.75,p_wind_Argentina_AR798,Argentina,Pampas
354,-33.75,-62.75,p_wind_Argentina_AR799,Argentina,Pampas
355,-34.25,-62.75,p_wind_Argentina_AR800,Argentina,Pampas
356,-34.75,-62.75,p_wind_Argentina_AR801,Argentina,Pampas
357,-35.25,-62.75,p_wind_Argentina_AR802,Argentina,Pampas
358,-35.75,-62.75,p_wind_Argentina_AR803,Argentina,Pampas
359,-36.25,-62.75,p_wind_Argentina_AR804,Argentina,Pampas
360,-36.75,-62.75,p_wind_Argentina_AR805,Argentina,Pampas
361,-37.25,-62.75,p_wind_Argentina_AR806,Argentina,Pampas
362,-37.75,-62.75,p_wind_Argentina_AR807,Argentina,Pampas
363,-38.25,-62.75,p_wind_Argentina_AR808,Argentina,Pampas
364,-38.75,-62.75,p_wind_Argentina_AR809,Argentina,Patagonia
365,-39.25,-62.75,p_wind_Argentina_AR810,Argentina,Patagonia
366,-39.75,-62.75,p_wind_Argentina_AR811,Argentina,Patagonia
367,-40.25,-62.75,p_wind_Argentina_AR812,Argentina,Patagonia
368,-40.75,-62.75,p_wind_Argentina_AR813,Argentina,Patagonia
369,-22.75,-62.25,p_wind_Argentina_AR814,Argentina,Gran Chaco
370,-23.25,-62.25,p_wind_Argentina_AR815,Argentina,Gran Chaco
371,-23.75,-62.25,p_wind_Argentina_AR816,Argentina,Gran Chaco
372,-24.25,-62.25,p_wind_Argentina_AR817,Argentina,Gran Chaco
373,-24.75,-62.25,p_wind_Argentina_AR818,Argentina,Gran Chaco
374,-25.25,-62.25,p_wind_Argentina_AR819,Argentina,Gran Chaco
375,-25.75,-62.25,p_wind_Argentina_AR820,Argentina,Gran Chaco
376,-27.75,-62.25,p_wind_Argentina_AR824,Argentina,Gran Chaco
377,-28.25,-62.25,p_wind_Argentina_AR825,Argentina,Gran Chaco
378,-28.75,-62.25,p_wind_Argentina_AR826,Argentina,Gran Chaco
379,-29.25,-62.25,p_wind_Argentina_AR827,Argentina,Gran Chaco
380,-29.75,-62.25,p_wind_Argentina_AR828,Argentina,Gran Chaco
381,-30.25,-62.25,p_wind_Argentina_AR829,Argentina,Pampas
382,-30.75,-62.25,p_wind_Argentina_AR830,Argentina,Pampas
383,-31.25,-62.25,p_wind_Argentina_AR831,Argentina,Pampas
384,-31.75,-62.25,p_wind_Argentina_AR832,Argentina,Pampas
385,-32.25,-62.25,p_wind_Argentina_AR833,Argentina,Pampas
386,-32.75,-62.25,p_wind_Argentina_AR834,Argentina,Pampas
387,-33.25,-62.25,p_wind_Argentina_AR835,Argentina,Pampas
388,-33.75,-62.25,p_wind_Argentina_AR836,Argentina,Pampas
389,-34.25,-62.25,p_wind_Argentina_AR837,Argentina,Pampas
390,-34.75,-62.25,p_wind_Argentina_AR838,Argentina,Pampas
391,-35.25,-62.25,p_wind_Argentina_AR839,Argentina,Pampas
392,-35.75,-62.25,p_wind_Argentina_AR840,Argentina,Pampas
393,-36.25,-62.25,p_wind_Argentina_AR841,Argentina,Pampas
394,-36.75,-62.25,p_wind_Argentina_AR842,Argentina,Pampas
395,-37.25,-62.25,p_wind_Argentina_AR843,Argentina,Pampas
396,-37.75,-62.25,p_wind_Argentina_AR844,Argentina,Pampas
397,-38.25,-62.25,p_wind_Argentina_AR845,Argentina,Pampas
398,-38.75,-62.25,p_wind_Argentina_AR846,Argentina,Patagonia
399,-39.25,-62.25,p_wind_Argentina_AR847,Argentina,Patagonia
400,-39.75,-62.25,p_wind_Argentina_AR848,Argentina,Patagonia
401,-23.25,-61.75,p_wind_Argentina_AR849,Argentina,Gran Chaco
402,-23.75,-61.75,p_wind_Argentina_AR850,Argentina,Gran Chaco
403,-24.25,-61.75,p_wind_Argentina_AR851,Argentina,Gran Chaco
404,-24.75,-61.75,p_wind_Argentina_AR852,Argentina,Gran Chaco
405,-25.25,-61.75,p_wind_Argentina_AR853,Argentina,Gran Chaco
406,-27.75,-61.75,p_wind_Argentina_AR858,Argentina,Gran Chaco
407,-28.25,-61.75,p_wind_Argentina_AR859,Argentina,Gran Chaco
408,-28.75,-61.75,p_wind_Argentina_AR860,Argentina,Gran Chaco
409,-29.25,-61.75,p_wind_Argentina_AR861,Argentina,Gran Chaco
410,-29.75,-61.75,p_wind_Argentina_AR862,Argentina,Gran Chaco
411,-30.25,-61.75,p_wind_Argentina_AR863,Argentina,Pampas
412,-30.75,-61.75,p_wind_Argentina_AR864,Argentina,Pampas
413,-31.25,-61.75,p_wind_Argentina_AR865,Argentina,Pampas
414,-31.75,-61.75,p_wind_Argentina_AR866,Argentina,Pampas
415,-32.25,-61.75,p_wind_Argentina_AR867,Argentina,Pampas
416,-32.75,-61.75,p_wind_Argentina_AR868,Argentina,Pampas
417,-33.25,-61.75,p_wind_Argentina_AR869,Argentina,Pampas
418,-33.75,-61.75,p_wind_Argentina_AR870,Argentina,Pampas
419,-34.25,-61.75,p_wind_Argentina_AR871,Argentina,Pampas
420,-34.75,-61.75,p_wind_Argentina_AR872,Argentina,Pampas
421,-35.25,-61.75,p_wind_Argentina_AR873,Argentina,Pampas
422,-35.75,-61.75,p_wind_Argentina_AR874,Argentina,Pampas
423,-36.25,-61.75,p_wind_Argentina_AR875,Argentina,Pampas
424,-36.75,-61.75,p_wind_Argentina_AR876,Argentina,Pampas
425,-37.25,-61.75,p_wind_Argentina_AR877,Argentina,Pampas
426,-37.75,-61.75,p_wind_Argentina_AR878,Argentina,Pampas
427,-38.25,-61.75,p_wind_Argentina_AR879,Argentina,Pampas
428,-38.75,-61.75,p_wind_Argentina_AR880,Argentina,Pampas
429,-23.75,-61.25,p_wind_Argentina_AR881,Argentina,Gran Chaco
430,-24.25,-61.25,p_wind_Argentina_AR882,Argentina,Gran Chaco
431,-24.75,-61.25,p_wind_Argentina_AR883,Argentina,Gran Chaco
432,-28.25,-61.25,p_wind_Argentina_AR890,Argentina,Gran Chaco
433,-28.75,-61.25,p_wind_Argentina_AR891,Argentina,Gran Chaco
434,-29.25,-61.25,p_wind_Argentina_AR892,Argentina,Gran Chaco
435,-29.75,-61.25,p_wind_Argentina_AR893,Argentina,Gran Chaco
436,-30.25,-61.25,p_wind_Argentina_AR894,Argentina,Pampas
437,-30.75,-61.25,p_wind_Argentina_AR895,Argentina,Pampas
438,-31.25,-61.25,p_wind_Argentina_AR896,Argentina,Pampas
439,-31.75,-61.25,p_wind_Argentina_AR897,Argentina,Pampas
440,-32.25,-61.25,p_wind_Argentina_AR898,Argentina,Pampas
441,-32.75,-61.25,p_wind_Argentina_AR899,Argentina,Pampas
442,-33.25,-61.25,p_wind_Argentina_AR900,Argentina,Pampas
443,-33.75,-61.25,p_wind_Argentina_AR901,Argentina,Pampas
444,-34.25,-61.25,p_wind_Argentina_AR902,Argentina,Pampas
445,-34.75,-61.25,p_wind_Argentina_AR903,Argentina,Pampas
446,-35.25,-61.25,p_wind_Argentina_AR904,Argentina,Pampas
447,-35.75,-61.25,p_wind_Argentina_AR905,Argentina,Pampas
448,-36.25,-61.25,p_wind_Argentina_AR906,Argentina,Pampas
449,-36.75,-61.25,p_wind_Argentina_AR907,Argentina,Pampas
450,-37.25,-61.25,p_wind_Argentina_AR908,Argentina,Pampas
451,-37.75,-61.25,p_wind_Argentina_AR909,Argentina,Pampas
452,-38.25,-61.25,p_wind_Argentina_AR910,Argentina,Pampas
453,-38.75,-61.25,p_wind_Argentina_AR911,Argentina,Pampas
454,-24.25,-60.75,p_wind_Argentina_AR912,Argentina,Gran Chaco
455,-24.75,-60.75,p_wind_Argentina_AR913,Argentina,Gran Chaco
456,-28.75,-60.75,p_wind_Argentina_AR921,Argentina,Gran Chaco
457,-29.25,-60.75,p_wind_Argentina_AR922,Argentina,Gran Chaco
458,-29.75,-60.75,p_wind_Argentina_AR923,Argentina,Gran Chaco
459,-30.25,-60.75,p_wind_Argentina_AR924,Argentina,Pampas
460,-30.75,-60.75,p_wind_Argentina_AR925,Argentina,Pampas
461,-31.25,-60.75,p_wind_Argentina_AR926,Argentina,Pampas
462,-31.75,-60.75,p_wind_Argentina_AR927,Argentina,Pampas
463,-32.25,-60.75,p_wind_Argentina_AR928,Argentina,Pampas
464,-32.75,-60.75,p_wind_Argentina_AR929,Argentina,Pampas
465,-33.25,-60.75,p_wind_Argentina_AR930,Argentina,Pampas
466,-33.75,-60.75,p_wind_Argentina_AR931,Argentina,Pampas
467,-34.25,-60.75,p_wind_Argentina_AR932,Argentina,Pampas
468,-34.75,-60.75,p_wind_Argentina_AR933,Argentina,Pampas
469,-35.25,-60.75,p_wind_Argentina_AR934,Argentina,Pampas
470,-35.75,-60.75,p_wind_Argentina_AR935,Argentina,Pampas
471,-36.25,-60.75,p_wind_Argentina_AR936,Argentina,Pampas
472,-36.75,-60.75,p_wind_Argentina_AR937,Argentina,Pampas
473,-37.25,-60.75,p_wind_Argentina_AR938,Argentina,Pampas
474,-37.75,-60.75,p_wind_Argentina_AR939,Argentina,Pampas
475,-38.25,-60.75,p_wind_Argentina_AR940,Argentina,Pampas
476,-38.75,-60.75,p_wind_Argentina_AR941,Argentina,Pampas
477,-24.25,-60.25,p_wind_Argentina_AR942,Argentina,Gran Chaco
478,-29.25,-60.25,p_wind_Argentina_AR952,Argentina,Gran Chaco
479,-29.75,-60.25,p_wind_Argentina_AR953,Argentina,Gran Chaco
480,-30.25,-60.25,p_wind_Argentina_AR954,Argentina,Pampas
481,-30.75,-60.25,p_wind_Argentina_AR955,Argentina,Pampas
482,-31.25,-60.25,p_wind_Argentina_AR956,Argentina,Pampas
483,-31.75,-60.25,p_wind_Argentina_AR957,Argentina,Pampas
484,-32.25,-60.25,p_wind_Argentina_AR958,Argentina,Pampas
485,-32.75,-60.25,p_wind_Argentina_AR959,Argentina,Pampas
486,-33.25,-60.25,p_wind_Argentina_AR960,Argentina,Pampas
487,-33.75,-60.25,p_wind_Argentina_AR961,Argentina,Pampas
488,-34.25,-60.25,p_wind_Argentina_AR962,Argentina,Pampas
489,-34.75,-60.25,p_wind_Argentina_AR963,Argentina,Pampas
490,-35.25,-60.25,p_wind_Argentina_AR964,Argentina,Pampas
491,-35.75,-60.25,p_wind_Argentina_AR965,Argentina,Pampas
492,-36.25,-60.25,p_wind_Argentina_AR966,Argentina,Pampas
493,-36.75,-60.25,p_wind_Argentina_AR967,Argentina,Pampas
494,-37.25,-60.25,p_wind_Argentina_AR968,Argentina,Pampas
495,-37.75,-60.25,p_wind_Argentina_AR969,Argentina,Pampas
496,-38.25,-60.25,p_wind_Argentina_AR970,Argentina,Pampas
497,-38.75,-60.25,p_wind_Argentina_AR971,Argentina,Pampas
498,-29.75,-59.75,p_wind_Argentina_AR983,Argentina,Pampas
499,-30.25,-59.75,p_wind_Argentina_AR984,Argentina,Pampas
500,-30.75,-59.75,p_wind_Argentina_AR985,Argentina,Pampas
501,-31.25,-59.75,p_wind_Argentina_AR986,Argentina,Pampas
502,-31.75,-59.75,p_wind_Argentina_AR987,Argentina,Pampas
503,-32.25,-59.75,p_wind_Argentina_AR988,Argentina,Pampas
504,-32.75,-59.75,p_wind_Argentina_AR989,Argentina,Pampas
505,-33.25,-59.75,p_wind_Argentina_AR990,Argentina,Pampas
506,-33.75,-59.75,p_wind_Argentina_AR991,Argentina,Pampas
507,-34.25,-59.75,p_wind_Argentina_AR992,Argentina,Pampas
508,-34.75,-59.75,p_wind_Argentina_AR993,Argentina,Pampas
509,-35.25,-59.75,p_wind_Argentina_AR994,Argentina,Pampas
510,-35.75,-59.75,p_wind_Argentina_AR995,Argentina,Pampas
511,-36.25,-59.75,p_wind_Argentina_AR996,Argentina,Pampas
512,-36.75,-59.75,p_wind_Argentina_AR997,Argentina,Pampas
513,-37.25,-59.75,p_wind_Argentina_AR998,Argentina,Pampas
514,-37.75,-59.75,p_wind_Argentina_AR999,Argentina,Pampas
515,-38.25,-59.75,p_wind_Argentina_AR1000,Argentina,Pampas
516,-38.75,-59.75,p_wind_Argentina_AR1001,Argentina,Pampas
517,-29.75,-59.25,p_wind_Argentina_AR1012,Argentina,Pampas
518,-30.25,-59.25,p_wind_Argentina_AR1013,Argentina,Pampas
519,-30.75,-59.25,p_wind_Argentina_AR1014,Argentina,Pampas
520,-31.25,-59.25,p_wind_Argentina_AR1015,Argentina,Pampas
521,-31.75,-59.25,p_wind_Argentina_AR1016,Argentina,Pampas
522,-32.25,-59.25,p_wind_Argentina_AR1017,Argentina,Pampas
523,-32.75,-59.25,p_wind_Argentina_AR1018,Argentina,Pampas
524,-33.25,-59.25,p_wind_Argentina_AR1019,Argentina,Pampas
525,-33.75,-59.25,p_wind_Argentina_AR1020,Argentina,Pampas
526,-34.25,-59.25,p_wind_Argentina_AR1021,Argentina,Pampas
527,-34.75,-59.25,p_wind_Argentina_AR1022,Argentina,Pampas
528,-35.25,-59.25,p_wind_Argentina_AR1023,Argentina,Pampas
529,-35.75,-59.25,p_wind_Argentina_AR1024,Argentina,Pampas
530,-36.25,-59.25,p_wind_Argentina_AR1025,Argentina,Pampas
531,-36.75,-59.25,p_wind_Argentina_AR1026,Argentina,Pampas
532,-37.25,-59.25,p_wind_Argentina_AR1027,Argentina,Pampas
533,-37.75,-59.25,p_wind_Argentina_AR1028,Argentina,Pampas
534,-38.25,-59.25,p_wind_Argentina_AR1029,Argentina,Pampas
535,-29.75,-58.75,p_wind_Argentina_AR1039,Argentina,Pampas
536,-30.25,-58.75,p_wind_Argentina_AR1040,Argentina,Pampas
537,-30.75,-58.75,p_wind_Argentina_AR1041,Argentina,Pampas
538,-31.25,-58.75,p_wind_Argentina_AR1042,Argentina,Pampas
539,-31.75,-58.75,p_wind_Argentina_AR1043,Argentina,Pampas
540,-32.25,-58.75,p_wind_Argentina_AR1044,Argentina,Pampas
541,-32.75,-58.75,p_wind_Argentina_AR1045,Argentina,Pampas
542,-33.25,-58.75,p_wind_Argentina_AR1046,Argentina,Pampas
543,-33.75,-58.75,p_wind_Argentina_AR1047,Argentina,Pampas
544,-34.25,-58.75,p_wind_Argentina_AR1048,Argentina,Pampas
545,-34.75,-58.75,p_wind_Argentina_AR1049,Argentina,Pampas
546,-35.25,-58.75,p_wind_Argentina_AR1050,Argentina,Pampas
547,-35.75,-58.75,p_wind_Argentina_AR1051,Argentina,Pampas
548,-36.25,-58.75,p_wind_Argentina_AR1052,Argentina,Pampas
549,-36.75,-58.75,p_wind_Argentina_AR1053,Argentina,Pampas
550,-37.25,-58.75,p_wind_Argentina_AR1054,Argentina,Pampas
551,-37.75,-58.75,p_wind_Argentina_AR1055,Argentina,Pampas
552,-38.25,-58.75,p_wind_Argentina_AR1056,Argentina,Pampas
553,-29.25,-58.25,p_wind_Argentina_AR1065,Argentina,Pampas
554,-29.75,-58.25,p_wind_Argentina_AR1066,Argentina,Pampas
555,-30.25,-58.25,p_wind_Argentina_AR1067,Argentina,Pampas
556,-30.75,-58.25,p_wind_Argentina_AR1068,Argentina,Pampas
557,-31.25,-58.25,p_wind_Argentina_AR1069,Argentina,Pampas
558,-31.75,-58.25,p_wind_Argentina_AR1070,Argentina,Pampas
559,-32.25,-58.25,p_wind_Argentina_AR1071,Argentina,Pampas
560,-32.75,-58.25,p_wind_Argentina_AR1072,Argentina,Pampas
561,-34.25,-58.25,p_wind_Argentina_AR1073,Argentina,Pampas
562,-34.75,-58.25,p_wind_Argentina_AR1074,Argentina,Pampas
563,-35.25,-58.25,p_wind_Argentina_AR1075,Argentina,Pampas
564,-35.75,-58.25,p_wind_Argentina_AR1076,Argentina,Pampas
565,-36.25,-58.25,p_wind_Argentina_AR1077,Argentina,Pampas
566,-36.75,-58.25,p_wind_Argentina_AR1078,Argentina,Pampas
567,-37.25,-58.25,p_wind_Argentina_AR1079,Argentina,Pampas
568,-37.75,-58.25,p_wind_Argentina_AR1080,Argentina,Pampas
569,-38.25,-58.25,p_wind_Argentina_AR1081,Argentina,Pampas
570,-29.25,-57.75,p_wind_Argentina_AR1086,Argentina,Pampas
571,-29.75,-57.75,p_wind_Argentina_AR1087,Argentina,Pampas
572,-30.25,-57.75,p_wind_Argentina_AR1088,Argentina,Pampas
573,-34.75,-57.75,p_wind_Argentina_AR1089,Argentina,Pampas
574,-35.25,-57.75,p_wind_Argentina_AR1090,Argentina,Pampas
575,-35.75,-57.75,p_wind_Argentina_AR1091,Argentina,Pampas
576,-36.25,-57.75,p_wind_Argentina_AR1092,Argentina,Pampas
577,-36.75,-57.75,p_wind_Argentina_AR1093,Argentina,Pampas
578,-37.25,-57.75,p_wind_Argentina_AR1094,Argentina,Pampas
579,-37.75,-57.75,p_wind_Argentina_AR1095,Argentina,Pampas
580,-28.25,-57.25,p_wind_Argentina_AR1097,Argentina,Pampas
581,-28.75,-57.25,p_wind_Argentina_AR1098,Argentina,Pampas
582,-29.25,-57.25,p_wind_Argentina_AR1099,Argentina,Pampas
583,-29.75,-57.25,p_wind_Argentina_AR1100,Argentina,Pampas
584,-35.25,-57.25,p_wind_Argentina_AR1102,Argentina,Pampas
585,-35.75,-57.25,p_wind_Argentina_AR1103,Argentina,Pampas
586,-36.25,-57.25,p_wind_Argentina_AR1104,Argentina,Pampas
587,-36.75,-57.25,p_wind_Argentina_AR1105,Argentina,Pampas
588,-37.25,-57.25,p_wind_Argentina_AR1106,Argentina,Pampas
589,-28.25,-56.75,p_wind_Argentina_AR1108,Argentina,Pampas
590,-28.75,-56.75,p_wind_Argentina_AR1109,Argentina,Pampas
591,-29.25,-56.75,p_wind_Argentina_AR1110,Argentina,Pampas
592,-36.25,-56.75,p_wind_Argentina_AR1111,Argentina,Pampas
593,-36.75,-56.75,p_wind_Argentina_AR1112,Argentina,Pampas
594,-28.25,-56.25,p_wind_Argentina_AR1114,Argentina,Pampas
595,-28.75,-56.25,p_wind_Argentina_AR1115,Argentina,Pampas
596,-30.25,-57.25,p_wind_Brazil_BR883,Brazil,Pampas
597,-29.75,-56.75,p_wind_Brazil_BR932,Brazil,Pampas
598,-29.25,-56.25,p_wind_Brazil_BR981,Brazil,Pampas
599,-29.75,-56.25,p_wind_Brazil_BR982,Brazil,Pampas
600,-30.25,-56.25,p_wind_Brazil_BR983,Brazil,Pampas
601,-28.25,-55.75,p_wind_Brazil_BR1034,Brazil,Pampas
602,-28.75,-55.75,p_wind_Brazil_BR1035,Brazil,Pampas
603,-29.25,-55.75,p_wind_Brazil_BR1036,Brazil,Pampas
604,-29.75,-55.75,p_wind_Brazil_BR1037,Brazil,Pampas
605,-30.25,-55.75,p_wind_Brazil_BR1038,Brazil,Pampas
606,-30.75,-55.75,p_wind_Brazil_BR1039,Brazil,Pampas
607,-28.75,-55.25,p_wind_Brazil_BR1094,Brazil,Pampas
608,-29.25,-55.25,p_wind_Brazil_BR1095,Brazil,Pampas
609,-29.75,-55.25,p_wind_Brazil_BR1096,Brazil,Pampas
610,-30.25,-55.25,p_wind_Brazil_BR1097,Brazil,Pampas
611,-30.75,-55.25,p_wind_Brazil_BR1098,Brazil,Pampas
612,-29.25,-54.75,p_wind_Brazil_BR1155,Brazil,Pampas
613,-29.75,-54.75,p_wind_Brazil_BR1156,Brazil,Pampas
614,-30.25,-54.75,p_wind_Brazil_BR1157,Brazil,Pampas
615,-30.75,-54.75,p_wind_Brazil_BR1158,Brazil,Pampas
616,-31.25,-54.75,p_wind_Brazil_BR1159,Brazil,Pampas
617,-29.75,-54.25,p_wind_Brazil_BR1219,Brazil,Pampas
618,-30.25,-54.25,p_wind_Brazil_BR1220,Brazil,Pampas
619,-30.75,-54.25,p_wind_Brazil_BR1221,Brazil,Pampas
620,-31.25,-54.25,p_wind_Brazil_BR1222,Brazil,Pampas
621,-31.75,-54.25,p_wind_Brazil_BR1223,Brazil,Pampas
622,-30.25,-53.75,p_wind_Brazil_BR1287,Brazil,Pampas
623,-30.75,-53.75,p_wind_Brazil_BR1288,Brazil,Pampas
624,-31.25,-53.75,p_wind_Brazil_BR1289,Brazil,Pampas
625,-31.75,-53.75,p_wind_Brazil_BR1290,Brazil,Pampas
626,-31.25,-53.25,p_wind_Brazil_BR1358,Brazil,Pampas
627,-31.75,-53.25,p_wind_Brazil_BR1359,Brazil,Pampas
628,-32.25,-53.25,p_wind_Brazil_BR1360,Brazil,Pampas
629,-33.25,-53.25,p_wind_Brazil_BR1361,Brazil,Pampas
630,-31.25,-52.75,p_wind_Brazil_BR1429,Brazil,Pampas
631,-31.75,-52.75,p_wind_Brazil_BR1430,Brazil,Pampas
632,-32.25,-52.75,p_wind_Brazil_BR1431,Brazil,Pampas
633,-32.75,-52.75,p_wind_Brazil_BR1432,Brazil,Pampas
634,-33.25,-52.75,p_wind_Brazil_BR1433,Brazil,Pampas
635,-30.75,-52.25,p_wind_Brazil_BR1501,Brazil,Pampas
636,-31.25,-52.25,p_wind_Brazil_BR1502,Brazil,Pampas
637,-31.75,-52.25,p_wind_Brazil_BR1503,Brazil,Pampas
638,-32.25,-52.25,p_wind_Brazil_BR1504,Brazil,Pampas
639,-30.75,-51.75,p_wind_Brazil_BR1574,Brazil,Pampas
640,-31.25,-51.75,p_wind_Brazil_BR1575,Brazil,Pampas
641,-31.75,-51.75,p_wind_Brazil_BR1576,Brazil,Pampas
642,3.75,-51.25,p_wind_Brazil_BR1577,Brazil,Coastal
643,3.25,-51.25,p_wind_Brazil_BR1578,Brazil,Coastal
644,2.75,-51.25,p_wind_Brazil_BR1579,Brazil,Coastal
645,-30.75,-51.25,p_wind_Brazil_BR1646,Brazil,Pampas
646,-31.25,-51.25,p_wind_Brazil_BR1647,Brazil,Pampas
647,2.25,-50.75,p_wind_Brazil_BR1648,Brazil,Coastal
648,-30.25,-50.75,p_wind_Brazil_BR1712,Brazil,Pampas
649,-30.75,-50.75,p_wind_Brazil_BR1713,Brazil,Pampas
650,1.75,-50.25,p_wind_Brazil_BR1714,Brazil,Coastal
651,1.25,-50.25,p_wind_Brazil_BR1715,Brazil,Coastal
652,0.75,-50.25,p_wind_Brazil_BR1716,Brazil,Coastal
653,-30.25,-50.25,p_wind_Brazil_BR1777,Brazil,Pampas
654,0.25,-49.75,p_wind_Brazil_BR1778,Brazil,Coastal
655,-0.25,-49.25,p_wind_Brazil_BR1838,Brazil,Coastal
656,-0.25,-48.75,p_wind_Brazil_BR1896,Brazil,Coastal
657,-0.75,-48.75,p_wind_Brazil_BR1897,Brazil,Coastal
658,-0.75,-47.75,p_wind_Brazil_BR2001,Brazil,Coastal
659,-1.25,-47.75,p_wind_Brazil_BR2002,Brazil,Coastal
660,-0.75,-47.25,p_wind_Brazil_BR2050,Brazil,Coastal
661,-1.25,-47.25,p_wind_Brazil_BR2051,Brazil,Coastal
662,-1.25,-46.75,p_wind_Brazil_BR2098,Brazil,Coastal
663,-1.25,-46.25,p_wind_Brazil_BR2144,Brazil,Coastal
664,-1.75,-44.75,p_wind_Brazil_BR2278,Brazil,Coastal
665,-2.75,-43.25,p_wind_Brazil_BR2403,Brazil,Coastal
666,-2.75,-42.75,p_wind_Brazil_BR2444,Brazil,Coastal
667,-22.75,-42.75,p_wind_Brazil_BR2484,Brazil,Coastal
668,-3.25,-42.25,p_wind_Brazil_BR2485,Brazil,Coastal
669,-22.75,-42.25,p_wind_Brazil_BR2524,Brazil,Coastal
670,-3.25,-41.75,p_wind_Brazil_BR2525,Brazil,Coastal
671,-3.25,-41.25,p_wind_Brazil_BR2564,Brazil,Caatinga
672,-3.25,-40.75,p_wind_Brazil_BR2602,Brazil,Caatinga
673,-8.25,-40.75,p_wind_Brazil_BR2612,Brazil,Caatinga
674,-8.75,-40.75,p_wind_Brazil_BR2613,Brazil,Caatinga
675,-3.25,-40.25,p_wind_Brazil_BR2638,Brazil,Caatinga
676,-7.75,-40.25,p_wind_Brazil_BR2647,Brazil,Caatinga
677,-8.25,-40.25,p_wind_Brazil_BR2648,Brazil,Caatinga
678,-8.75,-40.25,p_wind_Brazil_BR2649,Brazil,Caatinga
679,-9.25,-40.25,p_wind_Brazil_BR2650,Brazil,Caatinga
680,-9.75,-40.25,p_wind_Brazil_BR2651,Brazil,Caatinga
681,-10.25,-40.25,p_wind_Brazil_BR2652,Brazil,Caatinga
682,-10.75,-40.25,p_wind_Brazil_BR2653,Brazil,Caatinga
683,-20.25,-40.25,p_wind_Brazil_BR2672,Brazil,Coastal
684,-3.25,-39.75,p_wind_Brazil_BR2673,Brazil,Caatinga
685,-3.75,-39.75,p_wind_Brazil_BR2674,Brazil,Caatinga
686,-5.75,-39.75,p_wind_Brazil_BR2678,Brazil,Caatinga
687,-6.25,-39.75,p_wind_Brazil_BR2679,Brazil,Caatinga
688,-7.75,-39.75,p_wind_Brazil_BR2682,Brazil,Caatinga
689,-8.25,-39.75,p_wind_Brazil_BR2683,Brazil,Caatinga
690,-8.75,-39.75,p_wind_Brazil_BR2684,Brazil,Caatinga
691,-9.25,-39.75,p_wind_Brazil_BR2685,Brazil,Caatinga
692,-9.75,-39.75,p_wind_Brazil_BR2686,Brazil,Caatinga
693,-10.25,-39.75,p_wind_Brazil_BR2687,Brazil,Caatinga
694,-10.75,-39.75,p_wind_Brazil_BR2688,Brazil,Caatinga
695,-17.75,-39.75,p_wind_Brazil_BR2702,Brazil,Coastal
696,-18.25,-39.75,p_wind_Brazil_BR2703,Brazil,Coastal
697,-18.75,-39.75,p_wind_Brazil_BR2704,Brazil,Coastal
698,-19.25,-39.75,p_wind_Brazil_BR2705,Brazil,Coastal
699,-3.25,-39.25,p_wind_Brazil_BR2706,Brazil,Caatinga
700,-3.75,-39.25,p_wind_Brazil_BR2707,Brazil,Caatinga
701,-4.25,-39.25,p_wind_Brazil_BR2708,Brazil,Caatinga
702,-4.75,-39.25,p_wind_Brazil_BR2709,Brazil,Caatinga
703,-5.25,-39.25,p_wind_Brazil_BR2710,Brazil,Caatinga
704,-5.75,-39.25,p_wind_Brazil_BR2711,Brazil,Caatinga
705,-8.25,-39.25,p_wind_Brazil_BR2716,Brazil,Caatinga
706,-8.75,-39.25,p_wind_Brazil_BR2717,Brazil,Caatinga
707,-9.25,-39.25,p_wind_Brazil_BR2718,Brazil,Caatinga
708,-9.75,-39.25,p_wind_Brazil_BR2719,Brazil,Caatinga
709,-10.25,-39.25,p_wind_Brazil_BR2720,Brazil,Caatinga
710,-10.75,-39.25,p_wind_Brazil_BR2721,Brazil,Caatinga
711,-12.75,-39.25,p_wind_Brazil_BR2725,Brazil,Coastal
712,-13.25,-39.25,p_wind_Brazil_BR2726,Brazil,Coastal
713,-13.75,-39.25,p_wind_Brazil_BR2727,Brazil,Coastal
714,-14.25,-39.25,p_wind_Brazil_BR2728,Brazil,Coastal
715,-14.75,-39.25,p_wind_Brazil_BR2729,Brazil,Coastal
716,-15.25,-39.25,p_wind_Brazil_BR2730,Brazil,Coastal
717,-15.75,-39.25,p_wind_Brazil_BR2731,Brazil,Coastal
718,-16.25,-39.25,p_wind_Brazil_BR2732,Brazil,Coastal
719,-16.75,-39.25,p_wind_Brazil_BR2733,Brazil,Coastal
720,-17.25,-39.25,p_wind_Brazil_BR2734,Brazil,Coastal
721,-17.75,-39.25,p_wind_Brazil_BR2735,Brazil,Coastal
722,-3.75,-38.75,p_wind_Brazil_BR2736,Brazil,Caatinga
723,-4.25,-38.75,p_wind_Brazil_BR2737,Brazil,Caatinga
724,-4.75,-38.75,p_wind_Brazil_BR2738,Brazil,Caatinga
725,-5.25,-38.75,p_wind_Brazil_BR2739,Brazil,Caatinga
726,-5.75,-38.75,p_wind_Brazil_BR2740,Brazil,Caatinga
727,-8.25,-38.75,p_wind_Brazil_BR2745,Brazil,Caatinga
728,-8.75,-38.75,p_wind_Brazil_BR2746,Brazil,Caatinga
729,-9.25,-38.75,p_wind_Brazil_BR2747,Brazil,Caatinga
730,-9.75,-38.75,p_wind_Brazil_BR2748,Brazil,Caatinga
731,-10.25,-38.75,p_wind_Brazil_BR2749,Brazil,Caatinga
732,-10.75,-38.75,p_wind_Brazil_BR2750,Brazil,Caatinga
733,-11.75,-38.75,p_wind_Brazil_BR2752,Brazil,Caatinga
734,-12.25,-38.75,p_wind_Brazil_BR2753,Brazil,Caatinga
735,-4.25,-38.25,p_wind_Brazil_BR2754,Brazil,Caatinga
736,-4.75,-38.25,p_wind_Brazil_BR2755,Brazil,Caatinga
737,-5.25,-38.25,p_wind_Brazil_BR2756,Brazil,Caatinga
738,-8.25,-38.25,p_wind_Brazil_BR2762,Brazil,Caatinga
739,-8.75,-38.25,p_wind_Brazil_BR2763,Brazil,Caatinga
740,-9.25,-38.25,p_wind_Brazil_BR2764,Brazil,Caatinga
741,-9.75,-38.25,p_wind_Brazil_BR2765,Brazil,Caatinga
742,-10.25,-38.25,p_wind_Brazil_BR2766,Brazil,Caatinga
743,-10.75,-38.25,p_wind_Brazil_BR2767,Brazil,Caatinga
744,-11.25,-38.25,p_wind_Brazil_BR2768,Brazil,Caatinga
745,-11.75,-38.25,p_wind_Brazil_BR2769,Brazil,Caatinga
746,-12.25,-38.25,p_wind_Brazil_BR2770,Brazil,Caatinga
747,-12.75,-38.25,p_wind_Brazil_BR2771,Brazil,Caatinga
748,-4.75,-37.75,p_wind_Brazil_BR2772,Brazil,Caatinga
749,-5.25,-37.75,p_wind_Brazil_BR2773,Brazil,Caatinga
750,-5.75,-37.75,p_wind_Brazil_BR2774,Brazil,Caatinga
751,-8.75,-37.75,p_wind_Brazil_BR2780,Brazil,Caatinga
752,-9.25,-37.75,p_wind_Brazil_BR2781,Brazil,Caatinga
753,-9.75,-37.75,p_wind_Brazil_BR2782,Brazil,Caatinga
754,-10.25,-37.75,p_wind_Brazil_BR2783,Brazil,Caatinga
755,-10.75,-37.75,p_wind_Brazil_BR2784,Brazil,Caatinga
756,-11.25,-37.75,p_wind_Brazil_BR2785,Brazil,Caatinga
757,-11.75,-37.75,p_wind_Brazil_BR2786,Brazil,Caatinga
758,-5.25,-37.25,p_wind_Brazil_BR2787,Brazil,Caatinga
759,-5.75,-37.25,p_wind_Brazil_BR2788,Brazil,Caatinga
760,-9.25,-37.25,p_wind_Brazil_BR2795,Brazil,Caatinga
761,-9.75,-37.25,p_wind_Brazil_BR2796,Brazil,Caatinga
762,-10.25,-37.25,p_wind_Brazil_BR2797,Brazil,Caatinga
763,-10.75,-37.25,p_wind_Brazil_BR2798,Brazil,Caatinga
764,-11.25,-37.25,p_wind_Brazil_BR2799,Brazil,Caatinga
765,-5.25,-36.75,p_wind_Brazil_BR2800,Brazil,Caatinga
766,-5.75,-36.75,p_wind_Brazil_BR2801,Brazil,Caatinga
767,-6.25,-36.75,p_wind_Brazil_BR2802,Brazil,Caatinga
768,-6.75,-36.75,p_wind_Brazil_BR2803,Brazil,Caatinga
769,-7.25,-36.75,p_wind_Brazil_BR2804,Brazil,Caatinga
770,-9.25,-36.75,p_wind_Brazil_BR2808,Brazil,Caatinga
771,-9.75,-36.75,p_wind_Brazil_BR2809,Brazil,Caatinga
772,-10.25,-36.75,p_wind_Brazil_BR2810,Brazil,Caatinga
773,-5.25,-36.25,p_wind_Brazil_BR2811,Brazil,Caatinga
774,-5.75,-36.25,p_wind_Brazil_BR2812,Brazil,Caatinga
775,-6.25,-36.25,p_wind_Brazil_BR2813,Brazil,Caatinga
776,-6.75,-36.25,p_wind_Brazil_BR2814,Brazil,Caatinga
777,-9.25,-36.25,p_wind_Brazil_BR2819,Brazil,Caatinga
778,-9.75,-36.25,p_wind_Brazil_BR2820,Brazil,Caatinga
779,-10.25,-36.25,p_wind_Brazil_BR2821,Brazil,Caatinga
780,-5.75,-35.75,p_wind_Brazil_BR2823,Brazil,Caatinga
781,-6.25,-35.75,p_wind_Brazil_BR2824,Brazil,Caatinga
782,-6.75,-35.75,p_wind_Brazil_BR2825,Brazil,Caatinga
783,-7.25,-35.75,p_wind_Brazil_BR2826,Brazil,Caatinga
784,-7.75,-35.75,p_wind_Brazil_BR2827,Brazil,Caatinga
785,-8.25,-35.75,p_wind_Brazil_BR2828,Brazil,Caatinga
786,-8.75,-35.75,p_wind_Brazil_BR2829,Brazil,Caatinga
787,-9.25,-35.75,p_wind_Brazil_BR2830,Brazil,Caatinga
788,-5.75,-35.25,p_wind_Brazil_BR2831,Brazil,Caatinga
789,-6.25,-35.25,p_wind_Brazil_BR2832,Brazil,Caatinga
790,-6.75,-35.25,p_wind_Brazil_BR2833,Brazil,Caatinga
791,-7.25,-35.25,p_wind_Brazil_BR2834,Brazil,Caatinga
792,-7.75,-35.25,p_wind_Brazil_BR2835,Brazil,Caatinga
793,-8.25,-35.25,p_wind_Brazil_BR2836,Brazil,Caatinga
794,-8.75,-35.25,p_wind_Brazil_BR2837,Brazil,Caatinga
795,-48.25,-75.25,p_wind_Chile_CL1,Chile,Patagonia
796,-49.25,-75.25,p_wind_Chile_CL2,Chile,Patagonia
797,-49.75,-75.25,p_wind_Chile_CL3,Chile,Patagonia
798,-50.25,-75.25,p_wind_Chile_CL4,Chile,Patagonia
799,-50.75,-75.25,p_wind_Chile_CL5,Chile,Patagonia
800,-46.25,-74.75,p_wind_Chile_CL6,Chile,Patagonia
801,-49.25,-74.75,p_wind_Chile_CL9,Chile,Patagonia
802,-49.75,-74.75,p_wind_Chile_CL10,Chile,Patagonia
803,-50.75,-74.75,p_wind_Chile_CL11,Chile,Patagonia
804,-51.25,-74.75,p_wind_Chile_CL12,Chile,Patagonia
805,-47.25,-74.25,p_wind_Chile_CL18,Chile,Patagonia
806,-47.75,-74.25,p_wind_Chile_CL19,Chile,Patagonia
807,-50.25,-74.25,p_wind_Chile_CL22,Chile,Patagonia
808,-50.75,-74.25,p_wind_Chile_CL23,Chile,Patagonia
809,-51.25,-74.25,p_wind_Chile_CL24,Chile,Patagonia
810,-41.25,-73.75,p_wind_Chile_CL26,Chile,Patagonia
811,-42.75,-73.75,p_wind_Chile_CL28,Chile,Patagonia
812,-52.25,-73.75,p_wind_Chile_CL43,Chile,Patagonia
813,-37.25,-73.25,p_wind_Chile_CL44,Chile,Patagonia
814,-38.75,-73.25,p_wind_Chile_CL47,Chile,Patagonia
815,-40.25,-73.25,p_wind_Chile_CL49,Chile,Patagonia
816,-41.25,-73.25,p_wind_Chile_CL51,Chile,Patagonia
817,-36.25,-72.75,p_wind_Chile_CL66,Chile,Patagonia
818,-36.75,-72.75,p_wind_Chile_CL67,Chile,Patagonia
819,-37.25,-72.75,p_wind_Chile_CL68,Chile,Patagonia
820,-43.25,-72.75,p_wind_Chile_CL79,Chile,Patagonia
821,-53.25,-72.75,p_wind_Chile_CL94,Chile,Patagonia
822,-53.75,-72.75,p_wind_Chile_CL95,Chile,Patagonia
823,-35.25,-72.25,p_wind_Chile_CL96,Chile,Patagonia
824,-35.75,-72.25,p_wind_Chile_CL97,Chile,Patagonia
825,-52.25,-71.75,p_wind_Chile_CL141,Chile,Patagonia
826,-52.75,-71.75,p_wind_Chile_CL142,Chile,Patagonia
827,-53.75,-71.75,p_wind_Chile_CL143,Chile,Patagonia
828,-54.25,-71.75,p_wind_Chile_CL144,Chile,Patagonia
829,-52.25,-71.25,p_wind_Chile_CL167,Chile,Patagonia
830,-52.75,-71.25,p_wind_Chile_CL168,Chile,Patagonia
831,-53.25,-71.25,p_wind_Chile_CL169,Chile,Patagonia
832,-53.75,-71.25,p_wind_Chile_CL170,Chile,Patagonia
833,-52.25,-70.75,p_wind_Chile_CL190,Chile,Patagonia
834,-54.25,-70.75,p_wind_Chile_CL191,Chile,Patagonia
835,-52.25,-70.25,p_wind_Chile_CL214,Chile,Patagonia
836,-52.75,-70.25,p_wind_Chile_CL215,Chile,Patagonia
837,-53.25,-70.25,p_wind_Chile_CL216,Chile,Patagonia
838,-54.25,-70.25,p_wind_Chile_CL217,Chile,Patagonia
839,-54.75,-70.25,p_wind_Chile_CL218,Chile,Patagonia
840,-52.25,-69.75,p_wind_Chile_CL242,Chile,Patagonia
841,-53.25,-69.75,p_wind_Chile_CL243,Chile,Patagonia
842,-53.75,-69.75,p_wind_Chile_CL244,Chile,Patagonia
843,-54.75,-69.75,p_wind_Chile_CL245,Chile,Patagonia
844,-55.25,-69.75,p_wind_Chile_CL246,Chile,Patagonia
845,-52.75,-69.25,p_wind_Chile_CL267,Chile,Patagonia
846,-53.25,-69.25,p_wind_Chile_CL268,Chile,Patagonia
847,-54.75,-69.25,p_wind_Chile_CL271,Chile,Patagonia
848,-52.75,-68.75,p_wind_Chile_CL288,Chile,Patagonia
849,-53.25,-68.75,p_wind_Chile_CL289,Chile,Patagonia
850,-54.75,-68.75,p_wind_Chile_CL292,Chile,Patagonia
851,-55.25,-68.75,p_wind_Chile_CL293,Chile,Patagonia
852,-55.25,-67.75,p_wind_Chile_CL303,Chile,Patagonia
853,-55.25,-67.25,p_wind_Chile_CL305,Chile,Patagonia
854,-20.75,-62.25,p_wind_Paraguay_PY1,Paraguay,Gran Chaco
855,-21.25,-62.25,p_wind_Paraguay_PY2,Paraguay,Gran Chaco
856,-21.75,-62.25,p_wind_Paraguay_PY3,Paraguay,Gran Chaco
857,-22.25,-62.25,p_wind_Paraguay_PY4,Paraguay,Gran Chaco
858,-19.75,-61.75,p_wind_Paraguay_PY5,Paraguay,Gran Chaco
859,-20.25,-61.75,p_wind_Paraguay_PY6,Paraguay,Gran Chaco
860,-20.75,-61.75,p_wind_Paraguay_PY7,Paraguay,Gran Chaco
861,-21.25,-61.75,p_wind_Paraguay_PY8,Paraguay,Gran Chaco
862,-21.75,-61.75,p_wind_Paraguay_PY9,Paraguay,Gran Chaco
863,-22.25,-61.75,p_wind_Paraguay_PY10,Paraguay,Gran Chaco
864,-22.75,-61.75,p_wind_Paraguay_PY11,Paraguay,Gran Chaco
865,-19.75,-61.25,p_wind_Paraguay_PY12,Paraguay,Gran Chaco
866,-20.25,-61.25,p_wind_Paraguay_PY13,Paraguay,Gran Chaco
867,-20.75,-61.25,p_wind_Paraguay_PY14,Paraguay,Gran Chaco
868,-21.25,-61.25,p_wind_Paraguay_PY15,Paraguay,Gran Chaco
869,-21.75,-61.25,p_wind_Paraguay_PY16,Paraguay,Gran Chaco
870,-22.25,-61.25,p_wind_Paraguay_PY17,Paraguay,Gran Chaco
871,-22.75,-61.25,p_wind_Paraguay_PY18,Paraguay,Gran Chaco
872,-23.25,-61.25,p_wind_Paraguay_PY19,Paraguay,Gran Chaco
873,-19.75,-60.75,p_wind_Paraguay_PY20,Paraguay,Gran Chaco
874,-20.25,-60.75,p_wind_Paraguay_PY21,Paraguay,Gran Chaco
875,-20.75,-60.75,p_wind_Paraguay_PY22,Paraguay,Gran Chaco
876,-21.25,-60.75,p_wind_Paraguay_PY23,Paraguay,Gran Chaco
877,-21.75,-60.75,p_wind_Paraguay_PY24,Paraguay,Gran Chaco
878,-22.25,-60.75,p_wind_Paraguay_PY25,Paraguay,Gran Chaco
879,-22.75,-60.75,p_wind_Paraguay_PY26,Paraguay,Gran Chaco
880,-23.25,-60.75,p_wind_Paraguay_PY27,Paraguay,Gran Chaco
881,-23.75,-60.75,p_wind_Paraguay_PY28,Paraguay,Gran Chaco
882,-19.75,-60.25,p_wind_Paraguay_PY29,Paraguay,Gran Chaco
883,-20.25,-60.25,p_wind_Paraguay_PY30,Paraguay,Gran Chaco
884,-20.75,-60.25,p_wind_Paraguay_PY31,Paraguay,Gran Chaco
885,-21.25,-60.25,p_wind_Paraguay_PY32,Paraguay,Gran Chaco
886,-21.75,-60.25,p_wind_Paraguay_PY33,Paraguay,Gran Chaco
887,-22.25,-60.25,p_wind_Paraguay_PY34,Paraguay,Gran Chaco
888,-22.75,-60.25,p_wind_Paraguay_PY35,Paraguay,Gran Chaco
889,-23.25,-60.25,p_wind_Paraguay_PY36,Paraguay,Gran Chaco
890,-23.75,-60.25,p_wind_Paraguay_PY37,Paraguay,Gran Chaco
891,-20.25,-59.75,p_wind_Paraguay_PY39,Paraguay,Gran Chaco
892,-20.75,-59.75,p_wind_Paraguay_PY40,Paraguay,Gran Chaco
893,-21.25,-59.75,p_wind_Paraguay_PY41,Paraguay,Gran Chaco
894,-21.75,-59.75,p_wind_Paraguay_PY42,Paraguay,Gran Chaco
895,-22.25,-59.75,p_wind_Paraguay_PY43,Paraguay,Gran Chaco
896,-22.75,-59.75,p_wind_Paraguay_PY44,Paraguay,Gran Chaco
897,-23.25,-59.75,p_wind_Paraguay_PY45,Paraguay,Gran Chaco
898,-23.75,-59.75,p_wind_Paraguay_PY46,Paraguay,Gran Chaco
899,-20.25,-59.25,p_wind_Paraguay_PY48,Paraguay,Gran Chaco
900,-20.75,-59.25,p_wind_Paraguay_PY49,Paraguay,Gran Chaco
901,-21.25,-59.25,p_wind_Paraguay_PY50,Paraguay,Gran Chaco
902,-21.75,-59.25,p_wind_Paraguay_PY51,Paraguay,Gran Chaco
903,-22.25,-59.25,p_wind_Paraguay_PY52,Paraguay,Gran Chaco
904,-22.75,-59.25,p_wind_Paraguay_PY53,Paraguay,Gran Chaco
905,-23.25,-59.25,p_wind_Paraguay_PY54,Paraguay,Gran Chaco
906,-21.75,-58.75,p_wind_Paraguay_PY61,Paraguay,Gran Chaco
907,-22.25,-58.75,p_wind_Paraguay_PY62,Paraguay,Gran Chaco
908,-33.25,-58.25,p_wind_Uruguay_UY1,Uruguay,Pampas
909,-33.75,-58.25,p_wind_Uruguay_UY2,Uruguay,Pampas
910,-30.75,-57.75,p_wind_Uruguay_UY3,Uruguay,Pampas
911,-31.25,-57.75,p_wind_Uruguay_UY4,Uruguay,Pampas
912,-31.75,-57.75,p_wind_Uruguay_UY5,Uruguay,Pampas
913,-32.25,-57.75,p_wind_Uruguay_UY6,Uruguay,Pampas
914,-32.75,-57.75,p_wind_Uruguay_UY7,Uruguay,Pampas
915,-33.25,-57.75,p_wind_Uruguay_UY8,Uruguay,Pampas
916,-33.75,-57.75,p_wind_Uruguay_UY9,Uruguay,Pampas
917,-34.25,-57.75,p_wind_Uruguay_UY10,Uruguay,Pampas
918,-30.75,-57.25,p_wind_Uruguay_UY11,Uruguay,Pampas
919,-31.25,-57.25,p_wind_Uruguay_UY12,Uruguay,Pampas
920,-31.75,-57.25,p_wind_Uruguay_UY13,Uruguay,Pampas
921,-32.25,-57.25,p_wind_Uruguay_UY14,Uruguay,Pampas
922,-32.75,-57.25,p_wind_Uruguay_UY15,Uruguay,Pampas
923,-33.25,-57.25,p_wind_Uruguay_UY16,Uruguay,Pampas
924,-33.75,-57.25,p_wind_Uruguay_UY17,Uruguay,Pampas
925,-34.25,-57.25,p_wind_Uruguay_UY18,Uruguay,Pampas
926,-30.25,-56.75,p_wind_Uruguay_UY19,Uruguay,Pampas
927,-30.75,-56.75,p_wind_Uruguay_UY20,Uruguay,Pampas
928,-31.25,-56.75,p_wind_Uruguay_UY21,Uruguay,Pampas
929,-31.75,-56.75,p_wind_Uruguay_UY22,Uruguay,Pampas
930,-32.25,-56.75,p_wind_Uruguay_UY23,Uruguay,Pampas
931,-32.75,-56.75,p_wind_Uruguay_UY24,Uruguay,Pampas
932,-33.25,-56.75,p_wind_Uruguay_UY25,Uruguay,Pampas
933,-33.75,-56.75,p_wind_Uruguay_UY26,Uruguay,Pampas
934,-34.25,-56.75,p_wind_Uruguay_UY27,Uruguay,Pampas
935,-34.75,-56.75,p_wind_Uruguay_UY28,Uruguay,Pampas
936,-30.75,-56.25,p_wind_Uruguay_UY29,Uruguay,Pampas
937,-31.25,-56.25,p_wind_Uruguay_UY30,Uruguay,Pampas
938,-31.75,-56.25,p_wind_Uruguay_UY31,Uruguay,Pampas
939,-32.25,-56.25,p_wind_Uruguay_UY32,Uruguay,Pampas
940,-32.75,-56.25,p_wind_Uruguay_UY33,Uruguay,Pampas
941,-33.25,-56.25,p_wind_Uruguay_UY34,Uruguay,Pampas
942,-33.75,-56.25,p_wind_Uruguay_UY35,Uruguay,Pampas
943,-34.25,-56.25,p_wind_Uruguay_UY36,Uruguay,Pampas
944,-34.75,-56.25,p_wind_Uruguay_UY37,Uruguay,Pampas
945,-31.25,-55.75,p_wind_Uruguay_UY38,Uruguay,Pampas
946,-31.75,-55.75,p_wind_Uruguay_UY39,Uruguay,Pampas
947,-32.25,-55.75,p_wind_Uruguay_UY40,Uruguay,Pampas
948,-32.75,-55.75,p_wind_Uruguay_UY41,Uruguay,Pampas
949,-33.25,-55.75,p_wind_Uruguay_UY42,Uruguay,Pampas
950,-33.75,-55.75,p_wind_Uruguay_UY43,Uruguay,Pampas
951,-34.25,-55.75,p_wind_Uruguay_UY44,Uruguay,Pampas
952,-34.75,-55.75,p_wind_Uruguay_UY45,Uruguay,Pampas
953,-31.25,-55.25,p_wind_Uruguay_UY46,Uruguay,Pampas
954,-31.75,-55.25,p_wind_Uruguay_UY47,Uruguay,Pampas
955,-32.25,-55.25,p_wind_Uruguay_UY48,Uruguay,Pampas
956,-32.75,-55.25,p_wind_Uruguay_UY49,Uruguay,Pampas
957,-33.25,-55.25,p_wind_Uruguay_UY50,Uruguay,Pampas
958,-33.75,-55.25,p_wind_Uruguay_UY51,Uruguay,Pampas
959,-34.25,-55.25,p_wind_Uruguay_UY52,Uruguay,Pampas
960,-34.75,-55.25,p_wind_Uruguay_UY53,Uruguay,Pampas
961,-31.75,-54.75,p_wind_Uruguay_UY54,Uruguay,Pampas
962,-32.25,-54.75,p_wind_Uruguay_UY55,Uruguay,Pampas
963,-32.75,-54.75,p_wind_Uruguay_UY56,Uruguay,Pampas
964,-33.25,-54.75,p_wind_Uruguay_UY57,Uruguay,Pampas
965,-33.75,-54.75,p_wind_Uruguay_UY58,Uruguay,Pampas
966,-34.25,-54.75,p_wind_Uruguay_UY59,Uruguay,Pampas
967,-34.75,-54.75,p_wind_Uruguay_UY60,Uruguay,Pampas
968,-32.25,-54.25,p_wind_Uruguay_UY61,Uruguay,Pampas
969,-32.75,-54.25,p_wind_Uruguay_UY62,Uruguay,Pampas
970,-33.25,-54.25,p_wind_Uruguay_UY63,Uruguay,Pampas
971,-33.75,-54.25,p_wind_Uruguay_UY64,Uruguay,Pampas
972,-34.25,-54.25,p_wind_Uruguay_UY65,Uruguay,Pampas
973,-32.25,-53.75,p_wind_Uruguay_UY66,Uruguay,Pampas
974,-32.75,-53.75,p_wind_Uruguay_UY67,Uruguay,Pampas
975,-33.25,-53.75,p_wind_Uruguay_UY68,Uruguay,Pampas
976,-33.75,-53.75,p_wind_Uruguay_UY69,Uruguay,Pampas
977,-32.75,-53.25,p_wind_Uruguay_UY70,Uruguay,Pampas
