Latitude,Longitude,project,load_zone,biome
-40.25,-71.75,p_solar_Argentina_AR13,Argentina,Atacama/Andes
-40.75,-71.75,p_solar_Argentina_AR14,Argentina,Atacama/Andes
-41.25,-71.75,p_solar_Argentina_AR15,Argentina,Atacama/Andes
-39.25,-71.25,p_solar_Argentina_AR33,Argentina,Atacama/Andes
-39.75,-71.25,p_solar_Argentina_AR34,Argentina,Atacama/Andes
-40.25,-71.25,p_solar_Argentina_AR35,Argentina,Atacama/Andes
-40.75,-71.25,p_solar_Argentina_AR36,Argentina,Atacama/Andes
-41.25,-71.25,p_solar_Argentina_AR37,Argentina,Atacama/Andes
-36.75,-70.75,p_solar_Argentina_AR58,Argentina,Atacama/Andes
-37.25,-70.75,p_solar_Argentina_AR59,Argentina,Monte Desert
-37.75,-70.75,p_solar_Argentina_AR60,Argentina,Monte Desert
-38.25,-70.75,p_solar_Argentina_AR61,Argentina,Atacama/Andes
-38.75,-70.75,p_solar_Argentina_AR62,Argentina,Atacama/Andes
-39.25,-70.75,p_solar_Argentina_AR63,Argentina,Atacama/Andes
-39.75,-70.75,p_solar_Argentina_AR64,Argentina,Monte Desert
-40.25,-70.75,p_solar_Argentina_AR65,Argentina,Monte Desert
-40.75,-70.75,p_solar_Argentina_AR66,Argentina,Monte Desert
-41.25,-70.75,p_solar_Argentina_AR67,Argentina,Monte Desert
-30.75,-70.25,p_solar_Argentina_AR89,Argentina,Atacama/Andes
-31.25,-70.25,p_solar_Argentina_AR90,Argentina,Atacama/Andes
-31.75,-70.25,p_solar_Argentina_AR91,Argentina,Atacama/Andes
-32.25,-70.25,p_solar_Argentina_AR92,Argentina,Atacama/Andes
-34.75,-70.25,p_solar_Argentina_AR93,Argentina,Atacama/Andes
-35.25,-70.25,p_solar_Argentina_AR94,Argentina,Atacama/Andes
-35.75,-70.25,p_solar_Argentina_AR95,Argentina,Atacama/Andes
-36.25,-70.25,p_solar_Argentina_AR96,Argentina,Atacama/Andes
-36.75,-70.25,p_solar_Argentina_AR97,Argentina,Monte Desert
-37.25,-70.25,p_solar_Argentina_AR98,Argentina,Monte Desert
-37.75,-70.25,p_solar_Argentina_AR99,Argentina,Monte Desert
-38.25,-70.25,p_solar_Argentina_AR100,Argentina,Monte Desert
-38.75,-70.25,p_solar_Argentina_AR101,Argentina,Monte Desert
-39.25,-70.25,p_solar_Argentina_AR102,Argentina,Monte Desert
-39.75,-70.25,p_solar_Argentina_AR103,Argentina,Monte Desert
-40.25,-70.25,p_solar_Argentina_AR104,Argentina,Monte Desert
-40.75,-70.25,p_solar_Argentina_AR105,Argentina,Monte Desert
-41.25,-70.25,p_solar_Argentina_AR106,Argentina,Monte Desert
-41.75,-70.25,p_solar_Argentina_AR107,Argentina,Monte Desert
-29.25,-69.75,p_solar_Argentina_AR128,Argentina,Atacama/Andes
-29.75,-69.75,p_solar_Argentina_AR129,Argentina,Atacama/Andes
-30.25,-69.75,p_solar_Argentina_AR130,Argentina,Atacama/Andes
-30.75,-69.75,p_solar_Argentina_AR131,Argentina,Atacama/Andes
-31.25,-69.75,p_solar_Argentina_AR132,Argentina,Atacama/Andes
-31.75,-69.75,p_solar_Argentina_AR133,Argentina,Atacama/Andes
-32.25,-69.75,p_solar_Argentina_AR134,Argentina,Atacama/Andes
-32.75,-69.75,p_solar_Argentina_AR135,Argentina,Atacama/Andes
-33.25,-69.75,p_solar_Argentina_AR136,Argentina,Atacama/Andes
-33.75,-69.75,p_solar_Argentina_AR137,Argentina,Atacama/Andes
-34.25,-69.75,p_solar_Argentina_AR138,Argentina,Atacama/Andes
-34.75,-69.75,p_solar_Argentina_AR139,Argentina,Atacama/Andes
-35.25,-69.75,p_solar_Argentina_AR140,Argentina,Atacama/Andes
-35.75,-69.75,p_solar_Argentina_AR141,Argentina,Atacama/Andes
-36.25,-69.75,p_solar_Argentina_AR142,Argentina,Monte Desert
-36.75,-69.75,p_solar_Argentina_AR143,Argentina,Monte Desert
-37.25,-69.75,p_solar_Argentina_AR144,Argentina,Monte Desert
-37.75,-69.75,p_solar_Argentina_AR145,Argentina,Monte Desert
-38.25,-69.75,p_solar_Argentina_AR146,Argentina,Monte Desert
-38.75,-69.75,p_solar_Argentina_AR147,Argentina,Monte Desert
-39.25,-69.75,p_solar_Argentina_AR148,Argentina,Monte Desert
-39.75,-69.75,p_solar_Argentina_AR149,Argentina,Monte Desert
-40.25,-69.75,p_solar_Argentina_AR150,Argentina,Monte Desert
-40.75,-69.75,p_solar_Argentina_AR151,Argentina,Monte Desert
-41.25,-69.75,p_solar_Argentina_AR152,Argentina,Monte Desert
-41.75,-69.75,p_solar_Argentina_AR153,Argentina,Monte Desert
-28.25,-69.25,p_solar_Argentina_AR174,Argentina,Atacama/Andes
-28.75,-69.25,p_solar_Argentina_AR175,Argentina,Atacama/Andes
-29.25,-69.25,p_solar_Argentina_AR176,Argentina,Atacama/Andes
-29.75,-69.25,p_solar_Argentina_AR177,Argentina,Atacama/Andes
-30.25,-69.25,p_solar_Argentina_AR178,Argentina,Atacama/Andes
-30.75,-69.25,p_solar_Argentina_AR179,Argentina,Atacama/Andes
-31.25,-69.25,p_solar_Argentina_AR180,Argentina,Atacama/Andes
-31.75,-69.25,p_solar_Argentina_AR181,Argentina,Atacama/Andes
-32.25,-69.25,p_solar_Argentina_AR182,Argentina,Atacama/Andes
-32.75,-69.25,p_solar_Argentina_AR183,Argentina,Atacama/Andes
-33.25,-69.25,p_solar_Argentina_AR184,Argentina,Atacama/Andes
-33.75,-69.25,p_solar_Argentina_AR185,Argentina,Atacama/Andes
-34.25,-69.25,p_solar_Argentina_AR186,Argentina,Atacama/Andes
-34.75,-69.25,p_solar_Argentina_AR187,Argentina,Atacama/Andes
-35.25,-69.25,p_solar_Argentina_AR188,Argentina,Monte Desert
-35.75,-69.25,p_solar_Argentina_AR189,Argentina,Monte Desert
-36.25,-69.25,p_solar_Argentina_AR190,Argentina,Monte Desert
-36.75,-69.25,p_solar_Argentina_AR191,Argentina,Monte Desert
-37.25,-69.25,p_solar_Argentina_AR192,Argentina,Monte Desert
-37.75,-69.25,p_solar_Argentina_AR193,Argentina,Monte Desert
-38.25,-69.25,p_solar_Argentina_AR194,Argentina,Monte Desert
-38.75,-69.25,p_solar_Argentina_AR195,Argentina,Monte Desert
-39.25,-69.25,p_solar_Argentina_AR196,Argentina,Monte Desert
-39.75,-69.25,p_solar_Argentina_AR197,Argentina,Monte Desert
-40.25,-69.25,p_solar_Argentina_AR198,Argentina,Monte Desert
-40.75,-69.25,p_solar_Argentina_AR199,Argentina,Monte Desert
-41.25,-69.25,p_solar_Argentina_AR200,Argentina,Monte Desert
-41.75,-69.25,p_solar_Argentina_AR201,Argentina,Monte Desert
-42.25,-69.25,p_solar_Argentina_AR202,Argentina,Monte Desert
-42.75,-69.25,p_solar_Argentina_AR203,Argentina,Monte Desert
-27.25,-68.75,p_solar_Argentina_AR222,Argentina,Atacama/Andes
-27.75,-68.75,p_solar_Argentina_AR223,Argentina,Atacama/Andes
-28.25,-68.75,p_solar_Argentina_AR224,Argentina,Atacama/Andes
-28.75,-68.75,p_solar_Argentina_AR225,Argentina,Atacama/Andes
-29.25,-68.75,p_solar_Argentina_AR226,Argentina,Atacama/Andes
-29.75,-68.75,p_solar_Argentina_AR227,Argentina,Atacama/Andes
-30.25,-68.75,p_solar_Argentina_AR228,Argentina,Atacama/Andes
-30.75,-68.75,p_solar_Argentina_AR229,Argentina,Atacama/Andes
-31.75,-68.75,p_solar_Argentina_AR231,Argentina,Monte Desert
-32.25,-68.75,p_solar_Argentina_AR232,Argentina,Monte Desert
-32.75,-68.75,p_solar_Argentina_AR233,Argentina,Monte Desert
-33.25,-68.75,p_solar_Argentina_AR234,Argentina,Monte Desert
-33.75,-68.75,p_solar_Argentina_AR235,Argentina,Monte Desert
-34.25,-68.75,p_solar_Argentina_AR236,Argentina,Monte Desert
-34.75,-68.75,p_solar_Argentina_AR237,Argentina,Monte Desert
-35.25,-68.75,p_solar_Argentina_AR238,Argentina,Monte Desert
-35.75,-68.75,p_solar_Argentina_AR239,Argentina,Monte Desert
-36.25,-68.75,p_solar_Argentina_AR240,Argentina,Monte Desert
-36.75,-68.75,p_solar_Argentina_AR241,Argentina,Monte Desert
-37.25,-68.75,p_solar_Argentina_AR242,Argentina,Monte Desert
-37.75,-68.75,p_solar_Argentina_AR243,Argentina,Monte Desert
-38.25,-68.75,p_solar_Argentina_AR244,Argentina,Monte Desert
-38.75,-68.75,p_solar_Argentina_AR245,Argentina,Monte Desert
-39.25,-68.75,p_solar_Argentina_AR246,Argentina,Monte Desert
-39.75,-68.75,p_solar_Argentina_AR247,Argentina,Monte Desert
-40.25,-68.75,p_solar_Argentina_AR248,Argentina,Monte Desert
-40.75,-68.75,p_solar_Argentina_AR249,Argentina,Monte Desert
-41.25,-68.75,p_solar_Argentina_AR250,Argentina,Monte Desert
-41.75,-68.75,p_solar_Argentina_AR251,Argentina,Monte Desert
-42.25,-68.75,p_solar_Argentina_AR252,Argentina,Monte Desert
-42.75,-68.75,p_solar_Argentina_AR253,Argentina,Monte Desert
-43.25,-68.75,p_solar_Argentina_AR254,Argentina,Monte Desert
-43.75,-68.75,p_solar_Argentina_AR255,Argentina,Monte Desert
-44.25,-68.75,p_solar_Argentina_AR256,Argentina,Monte Desert
-24.75,-68.25,p_solar_Argentina_AR270,Argentina,Atacama/Andes
-25.25,-68.25,p_solar_Argentina_AR271,Argentina,Atacama/Andes
-25.75,-68.25,p_solar_Argentina_AR272,Argentina,Atacama/Andes
-26.25,-68.25,p_solar_Argentina_AR273,Argentina,Atacama/Andes
-26.75,-68.25,p_solar_Argentina_AR274,Argentina,Atacama/Andes
-27.25,-68.25,p_solar_Argentina_AR275,Argentina,Atacama/Andes
-27.75,-68.25,p_solar_Argentina_AR276,Argentina,Atacama/Andes
-28.25,-68.25,p_solar_Argentina_AR277,Argentina,Atacama/Andes
-28.75,-68.25,p_solar_Argentina_AR278,Argentina,Atacama/Andes
-29.25,-68.25,p_solar_Argentina_AR279,Argentina,Atacama/Andes
-29.75,-68.25,p_solar_Argentina_AR280,Argentina,Atacama/Andes
-30.25,-68.25,p_solar_Argentina_AR281,Argentina,Monte Desert
-30.75,-68.25,p_solar_Argentina_AR282,Argentina,Monte Desert
-31.25,-68.25,p_solar_Argentina_AR283,Argentina,Monte Desert
-31.75,-68.25,p_solar_Argentina_AR284,Argentina,Monte Desert
-32.25,-68.25,p_solar_Argentina_AR285,Argentina,Monte Desert
-32.75,-68.25,p_solar_Argentina_AR286,Argentina,Monte Desert
-33.25,-68.25,p_solar_Argentina_AR287,Argentina,Monte Desert
-33.75,-68.25,p_solar_Argentina_AR288,Argentina,Monte Desert
-34.25,-68.25,p_solar_Argentina_AR289,Argentina,Monte Desert
-34.75,-68.25,p_solar_Argentina_AR290,Argentina,Monte Desert
-35.25,-68.25,p_solar_Argentina_AR291,Argentina,Monte Desert
-35.75,-68.25,p_solar_Argentina_AR292,Argentina,Monte Desert
-36.25,-68.25,p_solar_Argentina_AR293,Argentina,Monte Desert
-36.75,-68.25,p_solar_Argentina_AR294,Argentina,Monte Desert
-37.25,-68.25,p_solar_Argentina_AR295,Argentina,Monte Desert
-37.75,-68.25,p_solar_Argentina_AR296,Argentina,Monte Desert
-38.25,-68.25,p_solar_Argentina_AR297,Argentina,Monte Desert
-38.75,-68.25,p_solar_Argentina_AR298,Argentina,Monte Desert
-39.25,-68.25,p_solar_Argentina_AR299,Argentina,Monte Desert
-39.75,-68.25,p_solar_Argentina_AR300,Argentina,Monte Desert
-40.25,-68.25,p_solar_Argentina_AR301,Argentina,Monte Desert
-40.75,-68.25,p_solar_Argentina_AR302,Argentina,Monte Desert
-41.25,-68.25,p_solar_Argentina_AR303,Argentina,Monte Desert
-41.75,-68.25,p_solar_Argentina_AR304,Argentina,Monte Desert
-42.25,-68.25,p_solar_Argentina_AR305,Argentina,Monte Desert
-42.75,-68.25,p_solar_Argentina_AR306,Argentina,Monte Desert
-43.25,-68.25,p_solar_Argentina_AR307,Argentina,Monte Desert
-43.75,-68.25,p_solar_Argentina_AR308,Argentina,Monte Desert
-44.25,-68.25,p_solar_Argentina_AR309,Argentina,Monte Desert
-44.75,-68.25,p_solar_Argentina_AR310,Argentina,Monte Desert
-45.25,-68.25,p_solar_Argentina_AR311,Argentina,Monte Desert
-45.75,-68.25,p_solar_Argentina_AR312,Argentina,Monte Desert
-46.25,-68.25,p_solar_Argentina_AR313,Argentina,Monte Desert
-24.25,-67.75,p_solar_Argentina_AR324,Argentina,Atacama/Andes
-24.75,-67.75,p_solar_Argentina_AR325,Argentina,Atacama/Andes
-25.25,-67.75,p_solar_Argentina_AR326,Argentina,Atacama/Andes
-25.75,-67.75,p_solar_Argentina_AR327,Argentina,Atacama/Andes
-26.25,-67.75,p_solar_Argentina_AR328,Argentina,Atacama/Andes
-26.75,-67.75,p_solar_Argentina_AR329,Argentina,Atacama/Andes
-27.25,-67.75,p_solar_Argentina_AR330,Argentina,Atacama/Andes
-27.75,-67.75,p_solar_Argentina_AR331,Argentina,Atacama/Andes
-28.25,-67.75,p_solar_Argentina_AR332,Argentina,Atacama/Andes
-28.75,-67.75,p_solar_Argentina_AR333,Argentina,Atacama/Andes
-30.25,-67.75,p_solar_Argentina_AR336,Argentina,Monte Desert
-30.75,-67.75,p_solar_Argentina_AR337,Argentina,Monte Desert
-31.25,-67.75,p_solar_Argentina_AR338,Argentina,Monte Desert
-31.75,-67.75,p_solar_Argentina_AR339,Argentina,Monte Desert
-32.25,-67.75,p_solar_Argentina_AR340,Argentina,Monte Desert
-32.75,-67.75,p_solar_Argentina_AR341,Argentina,Monte Desert
-33.25,-67.75,p_solar_Argentina_AR342,Argentina,Monte Desert
-33.75,-67.75,p_solar_Argentina_AR343,Argentina,Monte Desert
-34.25,-67.75,p_solar_Argentina_AR344,Argentina,Monte Desert
-34.75,-67.75,p_solar_Argentina_AR345,Argentina,Monte Desert
-35.25,-67.75,p_solar_Argentina_AR346,Argentina,Monte Desert
-35.75,-67.75,p_solar_Argentina_AR347,Argentina,Monte Desert
-36.25,-67.75,p_solar_Argentina_AR348,Argentina,Monte Desert
-36.75,-67.75,p_solar_Argentina_AR349,Argentina,Monte Desert
-37.25,-67.75,p_solar_Argentina_AR350,Argentina,Monte Desert
-37.75,-67.75,p_solar_Argentina_AR351,Argentina,Monte Desert
-38.25,-67.75,p_solar_Argentina_AR352,Argentina,Monte Desert
-38.75,-67.75,p_solar_Argentina_AR353,Argentina,Monte Desert
-39.25,-67.75,p_solar_Argentina_AR354,Argentina,Monte Desert
-39.75,-67.75,p_solar_Argentina_AR355,Argentina,Monte Desert
-40.25,-67.75,p_solar_Argentina_AR356,Argentina,Monte Desert
-40.75,-67.75,p_solar_Argentina_AR357,Argentina,Monte Desert
-41.25,-67.75,p_solar_Argentina_AR358,Argentina,Monte Desert
-41.75,-67.75,p_solar_Argentina_AR359,Argentina,Monte Desert
-42.25,-67.75,p_solar_Argentina_AR360,Argentina,Monte Desert
-42.75,-67.75,p_solar_Argentina_AR361,Argentina,Monte Desert
-43.25,-67.75,p_solar_Argentina_AR362,Argentina,Monte Desert
-43.75,-67.75,p_solar_Argentina_AR363,Argentina,Monte Desert
-44.25,-67.75,p_solar_Argentina_AR364,Argentina,Monte Desert
-44.75,-67.75,p_solar_Argentina_AR365,Argentina,Monte Desert
-45.25,-67.75,p_solar_Argentina_AR366,Argentina,Monte Desert
-45.75,-67.75,p_solar_Argentina_AR367,Argentina,Monte Desert
-46.25,-67.75,p_solar_Argentina_AR368,Argentina,Monte Desert
-46.75,-67.75,p_solar_Argentina_AR369,Argentina,Monte Desert
-23.75,-67.25,p_solar_Argentina_AR379,Argentina,Atacama/Andes
-24.25,-67.25,p_solar_Argentina_AR380,Argentina,Atacama/Andes
-24.75,-67.25,p_solar_Argentina_AR381,Argentina,Atacama/Andes
-25.25,-67.25,p_solar_Argentina_AR382,Argentina,Atacama/Andes
-25.75,-67.25,p_solar_Argentina_AR383,Argentina,Atacama/Andes
-26.25,-67.25,p_solar_Argentina_AR384,Argentina,Atacama/Andes
-26.75,-67.25,p_solar_Argentina_AR385,Argentina,Atacama/Andes
-27.25,-67.25,p_solar_Argentina_AR386,Argentina,Atacama/Andes
-27.75,-67.25,p_solar_Argentina_AR387,Argentina,Gran Chaco
-28.25,-67.25,p_solar_Argentina_AR388,Argentina,Gran Chaco
-30.75,-67.25,p_solar_Argentina_AR393,Argentina,Monte Desert
-31.25,-67.25,p_solar_Argentina_AR394,Argentina,Monte Desert
-31.75,-67.25,p_solar_Argentina_AR395,Argentina,Monte Desert
-32.25,-67.25,p_solar_Argentina_AR396,Argentina,Monte Desert
-32.75,-67.25,p_solar_Argentina_AR397,Argentina,Monte Desert
-33.25,-67.25,p_solar_Argentina_AR398,Argentina,Monte Desert
-33.75,-67.25,p_solar_Argentina_AR399,Argentina,Monte Desert
-34.25,-67.25,p_solar_Argentina_AR400,Argentina,Monte Desert
-34.75,-67.25,p_solar_Argentina_AR401,Argentina,Monte Desert
-35.25,-67.25,p_solar_Argentina_AR402,Argentina,Monte Desert
-35.75,-67.25,p_solar_Argentina_AR403,Argentina,Monte Desert
-36.25,-67.25,p_solar_Argentina_AR404,Argentina,Monte Desert
-36.75,-67.25,p_solar_Argentina_AR405,Argentina,Monte Desert
-37.25,-67.25,p_solar_Argentina_AR406,Argentina,Monte Desert
-37.75,-67.25,p_solar_Argentina_AR407,Argentina,Monte Desert
-38.25,-67.25,p_solar_Argentina_AR408,Argentina,Monte Desert
-38.75,-67.25,p_solar_Argentina_AR409,Argentina,Monte Desert
-39.25,-67.25,p_solar_Argentina_AR410,Argentina,Monte Desert
-39.75,-67.25,p_solar_Argentina_AR411,Argentina,Monte Desert
-40.25,-67.25,p_solar_Argentina_AR412,Argentina,Monte Desert
-40.75,-67.25,p_solar_Argentina_AR413,Argentina,Monte Desert
-41.25,-67.25,p_solar_Argentina_AR414,Argentina,Monte Desert
-41.75,-67.25,p_solar_Argentina_AR415,Argentina,Monte Desert
-42.25,-67.25,p_solar_Argentina_AR416,Argentina,Monte Desert
-42.75,-67.25,p_solar_Argentina_AR417,Argentina,Monte Desert
-43.25,-67.25,p_solar_Argentina_AR418,Argentina,Monte Desert
-43.75,-67.25,p_solar_Argentina_AR419,Argentina,Monte Desert
-44.25,-67.25,p_solar_Argentina_AR420,Argentina,Monte Desert
-44.75,-67.25,p_solar_Argentina_AR421,Argentina,Monte Desert
-45.25,-67.25,p_solar_Argentina_AR422,Argentina,Monte Desert
-46.75,-67.25,p_solar_Argentina_AR423,Argentina,Monte Desert
-47.25,-67.25,p_solar_Argentina_AR424,Argentina,Monte Desert
-22.75,-66.75,p_solar_Argentina_AR430,Argentina,Atacama/Andes
-23.25,-66.75,p_solar_Argentina_AR431,Argentina,Atacama/Andes
-23.75,-66.75,p_solar_Argentina_AR432,Argentina,Atacama/Andes
-24.75,-66.75,p_solar_Argentina_AR434,Argentina,Atacama/Andes
-25.25,-66.75,p_solar_Argentina_AR435,Argentina,Atacama/Andes
-25.75,-66.75,p_solar_Argentina_AR436,Argentina,Atacama/Andes
-26.25,-66.75,p_solar_Argentina_AR437,Argentina,Atacama/Andes
-26.75,-66.75,p_solar_Argentina_AR438,Argentina,Atacama/Andes
-27.25,-66.75,p_solar_Argentina_AR439,Argentina,Gran Chaco
-27.75,-66.75,p_solar_Argentina_AR440,Argentina,Gran Chaco
-31.25,-66.75,p_solar_Argentina_AR447,Argentina,Monte Desert
-31.75,-66.75,p_solar_Argentina_AR448,Argentina,Monte Desert
-32.25,-66.75,p_solar_Argentina_AR449,Argentina,Monte Desert
-32.75,-66.75,p_solar_Argentina_AR450,Argentina,Monte Desert
-33.25,-66.75,p_solar_Argentina_AR451,Argentina,Monte Desert
-33.75,-66.75,p_solar_Argentina_AR452,Argentina,Monte Desert
-34.25,-66.75,p_solar_Argentina_AR453,Argentina,Monte Desert
-34.75,-66.75,p_solar_Argentina_AR454,Argentina,Monte Desert
-35.25,-66.75,p_solar_Argentina_AR455,Argentina,Monte Desert
-35.75,-66.75,p_solar_Argentina_AR456,Argentina,Monte Desert
-36.25,-66.75,p_solar_Argentina_AR457,Argentina,Monte Desert
-36.75,-66.75,p_solar_Argentina_AR458,Argentina,Monte Desert
-37.25,-66.75,p_solar_Argentina_AR459,Argentina,Monte Desert
-37.75,-66.75,p_solar_Argentina_AR460,Argentina,Monte Desert
-38.25,-66.75,p_solar_Argentina_AR461,Argentina,Monte Desert
-38.75,-66.75,p_solar_Argentina_AR462,Argentina,Monte Desert
-39.25,-66.75,p_solar_Argentina_AR463,Argentina,Monte Desert
-39.75,-66.75,p_solar_Argentina_AR464,Argentina,Monte Desert
-40.25,-66.75,p_solar_Argentina_AR465,Argentina,Monte Desert
-40.75,-66.75,p_solar_Argentina_AR466,Argentina,Monte Desert
-41.25,-66.75,p_solar_Argentina_AR467,Argentina,Monte Desert
-41.75,-66.75,p_solar_Argentina_AR468,Argentina,Monte Desert
-42.25,-66.75,p_solar_Argentina_AR469,Argentina,Monte Desert
-42.75,-66.75,p_solar_Argentina_AR470,Argentina,Monte Desert
-43.25,-66.75,p_solar_Argentina_AR471,Argentina,Monte Desert
-43.75,-66.75,p_solar_Argentina_AR472,Argentina,Monte Desert
-44.25,-66.75,p_solar_Argentina_AR473,Argentina,Monte Desert
-44.75,-66.75,p_solar_Argentina_AR474,Argentina,Monte Desert
-47.25,-66.75,p_solar_Argentina_AR475,Argentina,Monte Desert
-47.75,-66.75,p_solar_Argentina_AR476,Argentina,Monte Desert
-22.25,-66.25,p_solar_Argentina_AR479,Argentina,Atacama/Andes
-22.75,-66.25,p_solar_Argentina_AR480,Argentina,Atacama/Andes
-23.25,-66.25,p_solar_Argentina_AR481,Argentina,Atacama/Andes
-23.75,-66.25,p_solar_Argentina_AR482,Argentina,Atacama/Andes
-24.25,-66.25,p_solar_Argentina_AR483,Argentina,Atacama/Andes
-24.75,-66.25,p_solar_Argentina_AR484,Argentina,Atacama/Andes
-25.25,-66.25,p_solar_Argentina_AR485,Argentina,Atacama/Andes
-25.75,-66.25,p_solar_Argentina_AR486,Argentina,Atacama/Andes
-26.25,-66.25,p_solar_Argentina_AR487,Argentina,Atacama/Andes
-26.75,-66.25,p_solar_Argentina_AR488,Argentina,Gran Chaco
-27.25,-66.25,p_solar_Argentina_AR489,Argentina,Gran Chaco
-27.75,-66.25,p_solar_Argentina_AR490,Argentina,Gran Chaco
-31.25,-66.25,p_solar_Argentina_AR497,Argentina,Monte Desert
-31.75,-66.25,p_solar_Argentina_AR498,Argentina,Monte Desert
-32.25,-66.25,p_solar_Argentina_AR499,Argentina,Monte Desert
-32.75,-66.25,p_solar_Argentina_AR500,Argentina,Monte Desert
-33.75,-66.25,p_solar_Argentina_AR502,Argentina,Monte Desert
-34.25,-66.25,p_solar_Argentina_AR503,Argentina,Monte Desert
-34.75,-66.25,p_solar_Argentina_AR504,Argentina,Monte Desert
-35.25,-66.25,p_solar_Argentina_AR505,Argentina,Monte Desert
-35.75,-66.25,p_solar_Argentina_AR506,Argentina,Monte Desert
-36.25,-66.25,p_solar_Argentina_AR507,Argentina,Monte Desert
-36.75,-66.25,p_solar_Argentina_AR508,Argentina,Monte Desert
-37.25,-66.25,p_solar_Argentina_AR509,Argentina,Monte Desert
-37.75,-66.25,p_solar_Argentina_AR510,Argentina,Monte Desert
-38.25,-66.25,p_solar_Argentina_AR511,Argentina,Monte Desert
-38.75,-66.25,p_solar_Argentina_AR512,Argentina,Monte Desert
-39.25,-66.25,p_solar_Argentina_AR513,Argentina,Monte Desert
-39.75,-66.25,p_solar_Argentina_AR514,Argentina,Monte Desert
-40.25,-66.25,p_solar_Argentina_AR515,Argentina,Monte Desert
-40.75,-66.25,p_solar_Argentina_AR516,Argentina,Monte Desert
-41.25,-66.25,p_solar_Argentina_AR517,Argentina,Monte Desert
-41.75,-66.25,p_solar_Argentina_AR518,Argentina,Monte Desert
-42.25,-66.25,p_solar_Argentina_AR519,Argentina,Monte Desert
-42.75,-66.25,p_solar_Argentina_AR520,Argentina,Monte Desert
-43.25,-66.25,p_solar_Argentina_AR521,Argentina,Monte Desert
-43.75,-66.25,p_solar_Argentina_AR522,Argentina,Monte Desert
-44.25,-66.25,p_solar_Argentina_AR523,Argentina,Monte Desert
-44.75,-66.25,p_solar_Argentina_AR524,Argentina,Monte Desert
-47.25,-66.25,p_solar_Argentina_AR525,Argentina,Monte Desert
-47.75,-66.25,p_solar_Argentina_AR526,Argentina,Monte Desert
-22.25,-65.75,p_solar_Argentina_AR528,Argentina,Atacama/Andes
-22.75,-65.75,p_solar_Argentina_AR529,Argentina,Atacama/Andes
-23.25,-65.75,p_solar_Argentina_AR530,Argentina,Atacama/Andes
-23.75,-65.75,p_solar_Argentina_AR531,Argentina,Atacama/Andes
-24.25,-65.75,p_solar_Argentina_AR532,Argentina,Atacama/Andes
-24.75,-65.75,p_solar_Argentina_AR533,Argentina,Atacama/Andes
-25.25,-65.75,p_solar_Argentina_AR534,Argentina,Atacama/Andes
-25.75,-65.75,p_solar_Argentina_AR535,Argentina,Gran Chaco
-26.75,-65.75,p_solar_Argentina_AR537,Argentina,Gran Chaco
-27.25,-65.75,p_solar_Argentina_AR538,Argentina,Gran Chaco
-27.75,-65.75,p_solar_Argentina_AR539,Argentina,Gran Chaco
-32.75,-65.75,p_solar_Argentina_AR549,Argentina,Monte Desert
-33.25,-65.75,p_solar_Argentina_AR550,Argentina,Monte Desert
-33.75,-65.75,p_solar_Argentina_AR551,Argentina,Monte Desert
-34.25,-65.75,p_solar_Argentina_AR552,Argentina,Monte Desert
-34.75,-65.75,p_solar_Argentina_AR553,Argentina,Monte Desert
-35.25,-65.75,p_solar_Argentina_AR554,Argentina,Monte Desert
-35.75,-65.75,p_solar_Argentina_AR555,Argentina,Monte Desert
-36.25,-65.75,p_solar_Argentina_AR556,Argentina,Monte Desert
-36.75,-65.75,p_solar_Argentina_AR557,Argentina,Monte Desert
-37.25,-65.75,p_solar_Argentina_AR558,Argentina,Monte Desert
-37.75,-65.75,p_solar_Argentina_AR559,Argentina,Monte Desert
-38.25,-65.75,p_solar_Argentina_AR560,Argentina,Monte Desert
-38.75,-65.75,p_solar_Argentina_AR561,Argentina,Monte Desert
-39.25,-65.75,p_solar_Argentina_AR562,Argentina,Monte Desert
-39.75,-65.75,p_solar_Argentina_AR563,Argentina,Monte Desert
-40.25,-65.75,p_solar_Argentina_AR564,Argentina,Monte Desert
-40.75,-65.75,p_solar_Argentina_AR565,Argentina,Monte Desert
-41.25,-65.75,p_solar_Argentina_AR566,Argentina,Monte Desert
-41.75,-65.75,p_solar_Argentina_AR567,Argentina,Monte Desert
-42.25,-65.75,p_solar_Argentina_AR568,Argentina,Monte Desert
-42.75,-65.75,p_solar_Argentina_AR569,Argentina,Monte Desert
-43.25,-65.75,p_solar_Argentina_AR570,Argentina,Monte Desert
-43.75,-65.75,p_solar_Argentina_AR571,Argentina,Monte Desert
-44.25,-65.75,p_solar_Argentina_AR572,Argentina,Monte Desert
-44.75,-65.75,p_solar_Argentina_AR573,Argentina,Monte Desert
-47.25,-65.75,p_solar_Argentina_AR574,Argentina,Monte Desert
-22.25,-65.25,p_solar_Argentina_AR576,Argentina,Atacama/Andes
-22.75,-65.25,p_solar_Argentina_AR577,Argentina,Atacama/Andes
-23.25,-65.25,p_solar_Argentina_AR578,Argentina,Atacama/Andes
-23.75,-65.25,p_solar_Argentina_AR579,Argentina,Atacama/Andes
-24.25,-65.25,p_solar_Argentina_AR580,Argentina,Gran Chaco
-24.75,-65.25,p_solar_Argentina_AR581,Argentina,Gran Chaco
-25.25,-65.25,p_solar_Argentina_AR582,Argentina,Gran Chaco
-25.75,-65.25,p_solar_Argentina_AR583,Argentina,Gran Chaco
-26.25,-65.25,p_solar_Argentina_AR584,Argentina,Gran Chaco
-26.75,-65.25,p_solar_Argentina_AR585,Argentina,Gran Chaco
-27.25,-65.25,p_solar_Argentina_AR586,Argentina,Gran Chaco
-34.25,-65.25,p_solar_Argentina_AR600,Argentina,Monte Desert
-34.75,-65.25,p_solar_Argentina_AR601,Argentina,Monte Desert
-35.25,-65.25,p_solar_Argentina_AR602,Argentina,Monte Desert
-35.75,-65.25,p_solar_Argentina_AR603,Argentina,Monte Desert
-36.25,-65.25,p_solar_Argentina_AR604,Argentina,Monte Desert
-36.75,-65.25,p_solar_Argentina_AR605,Argentina,Monte Desert
-37.25,-65.25,p_solar_Argentina_AR606,Argentina,Monte Desert
-37.75,-65.25,p_solar_Argentina_AR607,Argentina,Monte Desert
-38.25,-65.25,p_solar_Argentina_AR608,Argentina,Monte Desert
-38.75,-65.25,p_solar_Argentina_AR609,Argentina,Monte Desert
-39.25,-65.25,p_solar_Argentina_AR610,Argentina,Monte Desert
-39.75,-65.25,p_solar_Argentina_AR611,Argentina,Monte Desert
-40.25,-65.25,p_solar_Argentina_AR612,Argentina,Monte Desert
-40.75,-65.25,p_solar_Argentina_AR613,Argentina,Monte Desert
-41.25,-65.25,p_solar_Argentina_AR614,Argentina,Monte Desert
-41.75,-65.25,p_solar_Argentina_AR615,Argentina,Monte Desert
-42.25,-65.25,p_solar_Argentina_AR616,Argentina,Monte Desert
-42.75,-65.25,p_solar_Argentina_AR617,Argentina,Monte Desert
-43.25,-65.25,p_solar_Argentina_AR618,Argentina,Monte Desert
-22.25,-64.75,p_solar_Argentina_AR620,Argentina,Atacama/Andes
-22.75,-64.75,p_solar_Argentina_AR621,Argentina,Atacama/Andes
-23.25,-64.75,p_solar_Argentina_AR622,Argentina,Atacama/Andes
-23.75,-64.75,p_solar_Argentina_AR623,Argentina,Gran Chaco
-24.25,-64.75,p_solar_Argentina_AR624,Argentina,Gran Chaco
-24.75,-64.75,p_solar_Argentina_AR625,Argentina,Gran Chaco
-25.25,-64.75,p_solar_Argentina_AR626,Argentina,Gran Chaco
-25.75,-64.75,p_solar_Argentina_AR627,Argentina,Gran Chaco
-26.25,-64.75,p_solar_Argentina_AR628,Argentina,Gran Chaco
-26.75,-64.75,p_solar_Argentina_AR629,Argentina,Gran Chaco
-27.25,-64.75,p_solar_Argentina_AR630,Argentina,Gran Chaco
-34.75,-64.75,p_solar_Argentina_AR645,Argentina,Monte Desert
-35.25,-64.75,p_solar_Argentina_AR646,Argentina,Monte Desert
-35.75,-64.75,p_solar_Argentina_AR647,Argentina,Monte Desert
-36.25,-64.75,p_solar_Argentina_AR648,Argentina,Monte Desert
-36.75,-64.75,p_solar_Argentina_AR649,Argentina,Monte Desert
-37.25,-64.75,p_solar_Argentina_AR650,Argentina,Monte Desert
-37.75,-64.75,p_solar_Argentina_AR651,Argentina,Monte Desert
-38.25,-64.75,p_solar_Argentina_AR652,Argentina,Monte Desert
-38.75,-64.75,p_solar_Argentina_AR653,Argentina,Monte Desert
-39.25,-64.75,p_solar_Argentina_AR654,Argentina,Monte Desert
-39.75,-64.75,p_solar_Argentina_AR655,Argentina,Monte Desert
-40.25,-64.75,p_solar_Argentina_AR656,Argentina,Monte Desert
-40.75,-64.75,p_solar_Argentina_AR657,Argentina,Monte Desert
-42.25,-64.75,p_solar_Argentina_AR658,Argentina,Monte Desert
-22.75,-64.25,p_solar_Argentina_AR659,Argentina,Atacama/Andes
-23.25,-64.25,p_solar_Argentina_AR660,Argentina,Gran Chaco
-23.75,-64.25,p_solar_Argentina_AR661,Argentina,Gran Chaco
-24.25,-64.25,p_solar_Argentina_AR662,Argentina,Gran Chaco
-24.75,-64.25,p_solar_Argentina_AR663,Argentina,Gran Chaco
-25.25,-64.25,p_solar_Argentina_AR664,Argentina,Gran Chaco
-25.75,-64.25,p_solar_Argentina_AR665,Argentina,Gran Chaco
-26.25,-64.25,p_solar_Argentina_AR666,Argentina,Gran Chaco
-26.75,-64.25,p_solar_Argentina_AR667,Argentina,Gran Chaco
-35.25,-64.25,p_solar_Argentina_AR684,Argentina,Pampas
-35.75,-64.25,p_solar_Argentina_AR685,Argentina,Pampas
-36.25,-64.25,p_solar_Argentina_AR686,Argentina,Monte Desert
-36.75,-64.25,p_solar_Argentina_AR687,Argentina,Monte Desert
-37.25,-64.25,p_solar_Argentina_AR688,Argentina,Monte Desert
-37.75,-64.25,p_solar_Argentina_AR689,Argentina,Monte Desert
-38.25,-64.25,p_solar_Argentina_AR690,Argentina,Monte Desert
-38.75,-64.25,p_solar_Argentina_AR691,Argentina,Monte Desert
-39.25,-64.25,p_solar_Argentina_AR692,Argentina,Monte Desert
-39.75,-64.25,p_solar_Argentina_AR693,Argentina,Monte Desert
-40.25,-64.25,p_solar_Argentina_AR694,Argentina,Monte Desert
-40.75,-64.25,p_solar_Argentina_AR695,Argentina,Monte Desert
-42.75,-64.25,p_solar_Argentina_AR696,Argentina,Monte Desert
-35.25,-63.75,p_solar_Argentina_AR724,Argentina,Pampas
-35.75,-63.75,p_solar_Argentina_AR725,Argentina,Pampas
-36.25,-63.75,p_solar_Argentina_AR726,Argentina,Pampas
-36.75,-63.75,p_solar_Argentina_AR727,Argentina,Pampas
-37.25,-63.75,p_solar_Argentina_AR728,Argentina,Monte Desert
-37.75,-63.75,p_solar_Argentina_AR729,Argentina,Monte Desert
-38.25,-63.75,p_solar_Argentina_AR730,Argentina,Monte Desert
-38.75,-63.75,p_solar_Argentina_AR731,Argentina,Monte Desert
-39.25,-63.75,p_solar_Argentina_AR732,Argentina,Monte Desert
-39.75,-63.75,p_solar_Argentina_AR733,Argentina,Monte Desert
-40.25,-63.75,p_solar_Argentina_AR734,Argentina,Monte Desert
-40.75,-63.75,p_solar_Argentina_AR735,Argentina,Monte Desert
-42.25,-63.75,p_solar_Argentina_AR736,Argentina,Monte Desert
-42.75,-63.75,p_solar_Argentina_AR737,Argentina,Monte Desert
-35.25,-63.25,p_solar_Argentina_AR764,Argentina,Pampas
-35.75,-63.25,p_solar_Argentina_AR765,Argentina,Pampas
-36.25,-63.25,p_solar_Argentina_AR766,Argentina,Pampas
-36.75,-63.25,p_solar_Argentina_AR767,Argentina,Pampas
-37.25,-63.25,p_solar_Argentina_AR768,Argentina,Pampas
-37.75,-63.25,p_solar_Argentina_AR769,Argentina,Monte Desert
-38.25,-63.25,p_solar_Argentina_AR770,Argentina,Monte Desert
-38.75,-63.25,p_solar_Argentina_AR771,Argentina,Monte Desert
-39.25,-63.25,p_solar_Argentina_AR772,Argentina,Monte Desert
-39.75,-63.25,p_solar_Argentina_AR773,Argentina,Monte Desert
-40.25,-63.25,p_solar_Argentina_AR774,Argentina,Monte Desert
-40.75,-63.25,p_solar_Argentina_AR775,Argentina,Monte Desert
-35.25,-62.75,p_solar_Argentina_AR802,Argentina,Pampas
-35.75,-62.75,p_solar_Argentina_AR803,Argentina,Pampas
-36.25,-62.75,p_solar_Argentina_AR804,Argentina,Pampas
-36.75,-62.75,p_solar_Argentina_AR805,Argentina,Pampas
-37.25,-62.75,p_solar_Argentina_AR806,Argentina,Pampas
-37.75,-62.75,p_solar_Argentina_AR807,Argentina,Pampas
-38.25,-62.75,p_solar_Argentina_AR808,Argentina,Monte Desert
-38.75,-62.75,p_solar_Argentina_AR809,Argentina,Monte Desert
-39.25,-62.75,p_solar_Argentina_AR810,Argentina,Monte Desert
-39.75,-62.75,p_solar_Argentina_AR811,Argentina,Monte Desert
-40.25,-62.75,p_solar_Argentina_AR812,Argentina,Monte Desert
-40.75,-62.75,p_solar_Argentina_AR813,Argentina,Monte Desert
-35.25,-62.25,p_solar_Argentina_AR839,Argentina,Pampas
-35.75,-62.25,p_solar_Argentina_AR840,Argentina,Pampas
-36.25,-62.25,p_solar_Argentina_AR841,Argentina,Pampas
-36.75,-62.25,p_solar_Argentina_AR842,Argentina,Pampas
-37.25,-62.25,p_solar_Argentina_AR843,Argentina,Pampas
-37.75,-62.25,p_solar_Argentina_AR844,Argentina,Pampas
-38.25,-62.25,p_solar_Argentina_AR845,Argentina,Pampas
-38.75,-62.25,p_solar_Argentina_AR846,Argentina,Monte Desert
-39.25,-62.25,p_solar_Argentina_AR847,Argentina,Monte Desert
-39.75,-62.25,p_solar_Argentina_AR848,Argentina,Monte Desert
-35.25,-61.75,p_solar_Argentina_AR873,Argentina,Pampas
-35.75,-61.75,p_solar_Argentina_AR874,Argentina,Pampas
-36.25,-61.75,p_solar_Argentina_AR875,Argentina,Pampas
-36.75,-61.75,p_solar_Argentina_AR876,Argentina,Pampas
-37.25,-61.75,p_solar_Argentina_AR877,Argentina,Pampas
-37.75,-61.75,p_solar_Argentina_AR878,Argentina,Pampas
-38.25,-61.75,p_solar_Argentina_AR879,Argentina,Pampas
-38.75,-61.75,p_solar_Argentina_AR880,Argentina,Pampas
-35.75,-61.25,p_solar_Argentina_AR905,Argentina,Pampas
-36.25,-61.25,p_solar_Argentina_AR906,Argentina,Pampas
-36.75,-61.25,p_solar_Argentina_AR907,Argentina,Pampas
-37.25,-61.25,p_solar_Argentina_AR908,Argentina,Pampas
-37.75,-61.25,p_solar_Argentina_AR909,Argentina,Pampas
-38.25,-61.25,p_solar_Argentina_AR910,Argentina,Pampas
-38.75,-61.25,p_solar_Argentina_AR911,Argentina,Pampas
-11.75,-61.75,p_solar_Brazil_BR523,Brazil,Cerrado
-13.25,-60.75,p_solar_Brazil_BR599,Brazil,Cerrado
-14.75,-60.25,p_solar_Brazil_BR640,Brazil,Cerrado
-15.25,-60.25,p_solar_Brazil_BR641,Brazil,Cerrado
-14.75,-59.75,p_solar_Brazil_BR678,Brazil,Cerrado
-15.25,-59.75,p_solar_Brazil_BR679,Brazil,Cerrado
-15.75,-59.75,p_solar_Brazil_BR680,Brazil,Cerrado
-16.25,-59.75,p_solar_Brazil_BR681,Brazil,Cerrado
-14.25,-59.25,p_solar_Brazil_BR713,Brazil,Cerrado
-14.75,-59.25,p_solar_Brazil_BR714,Brazil,Cerrado
-15.25,-59.25,p_solar_Brazil_BR715,Brazil,Cerrado
-15.75,-59.25,p_solar_Brazil_BR716,Brazil,Cerrado
-16.25,-59.25,p_solar_Brazil_BR717,Brazil,Cerrado
-12.75,-58.75,p_solar_Brazil_BR745,Brazil,Cerrado
-13.25,-58.75,p_solar_Brazil_BR746,Brazil,Cerrado
-13.75,-58.75,p_solar_Brazil_BR747,Brazil,Cerrado
-14.25,-58.75,p_solar_Brazil_BR748,Brazil,Cerrado
-14.75,-58.75,p_solar_Brazil_BR749,Brazil,Cerrado
-15.25,-58.75,p_solar_Brazil_BR750,Brazil,Cerrado
-15.75,-58.75,p_solar_Brazil_BR751,Brazil,Cerrado
-16.25,-58.75,p_solar_Brazil_BR752,Brazil,Cerrado
-13.75,-58.25,p_solar_Brazil_BR783,Brazil,Cerrado
-14.25,-58.25,p_solar_Brazil_BR784,Brazil,Cerrado
-14.75,-58.25,p_solar_Brazil_BR785,Brazil,Cerrado
-15.25,-58.25,p_solar_Brazil_BR786,Brazil,Cerrado
-15.75,-58.25,p_solar_Brazil_BR787,Brazil,Cerrado
-16.25,-58.25,p_solar_Brazil_BR788,Brazil,Cerrado
-16.75,-58.25,p_solar_Brazil_BR789,Brazil,Cerrado
-17.25,-58.25,p_solar_Brazil_BR790,Brazil,Cerrado
-13.75,-57.75,p_solar_Brazil_BR821,Brazil,Cerrado
-14.25,-57.75,p_solar_Brazil_BR822,Brazil,Cerrado
-14.75,-57.75,p_solar_Brazil_BR823,Brazil,Cerrado
-15.25,-57.75,p_solar_Brazil_BR824,Brazil,Cerrado
-15.75,-57.75,p_solar_Brazil_BR825,Brazil,Cerrado
-16.25,-57.75,p_solar_Brazil_BR826,Brazil,Cerrado
-16.75,-57.75,p_solar_Brazil_BR827,Brazil,Cerrado
-19.25,-57.75,p_solar_Brazil_BR829,Brazil,Cerrado
-19.75,-57.75,p_solar_Brazil_BR830,Brazil,Cerrado
-20.25,-57.75,p_solar_Brazil_BR831,Brazil,Cerrado
-20.75,-57.75,p_solar_Brazil_BR832,Brazil,Cerrado
-21.25,-57.75,p_solar_Brazil_BR833,Brazil,Cerrado
-21.75,-57.75,p_solar_Brazil_BR834,Brazil,Cerrado
-14.25,-57.25,p_solar_Brazil_BR867,Brazil,Cerrado
-14.75,-57.25,p_solar_Brazil_BR868,Brazil,Cerrado
-15.25,-57.25,p_solar_Brazil_BR869,Brazil,Cerrado
-15.75,-57.25,p_solar_Brazil_BR870,Brazil,Cerrado
-16.25,-57.25,p_solar_Brazil_BR871,Brazil,Cerrado
-16.75,-57.25,p_solar_Brazil_BR872,Brazil,Cerrado
-17.25,-57.25,p_solar_Brazil_BR873,Brazil,Cerrado
-17.75,-57.25,p_solar_Brazil_BR874,Brazil,Cerrado
-18.75,-57.25,p_solar_Brazil_BR876,Brazil,Cerrado
-19.25,-57.25,p_solar_Brazil_BR877,Brazil,Cerrado
-19.75,-57.25,p_solar_Brazil_BR878,Brazil,Cerrado
-20.25,-57.25,p_solar_Brazil_BR879,Brazil,Cerrado
-20.75,-57.25,p_solar_Brazil_BR880,Brazil,Cerrado
-21.25,-57.25,p_solar_Brazil_BR881,Brazil,Cerrado
-21.75,-57.25,p_solar_Brazil_BR882,Brazil,Cerrado
-30.25,-57.25,p_solar_Brazil_BR883,Brazil,Pampas
-14.25,-56.75,p_solar_Brazil_BR916,Brazil,Cerrado
-14.75,-56.75,p_solar_Brazil_BR917,Brazil,Cerrado
-15.25,-56.75,p_solar_Brazil_BR918,Brazil,Cerrado
-15.75,-56.75,p_solar_Brazil_BR919,Brazil,Cerrado
-16.25,-56.75,p_solar_Brazil_BR920,Brazil,Cerrado
-16.75,-56.75,p_solar_Brazil_BR921,Brazil,Cerrado
-17.25,-56.75,p_solar_Brazil_BR922,Brazil,Cerrado
-17.75,-56.75,p_solar_Brazil_BR923,Brazil,Cerrado
-18.25,-56.75,p_solar_Brazil_BR924,Brazil,Cerrado
-18.75,-56.75,p_solar_Brazil_BR925,Brazil,Cerrado
-19.25,-56.75,p_solar_Brazil_BR926,Brazil,Cerrado
-19.75,-56.75,p_solar_Brazil_BR927,Brazil,Cerrado
-20.25,-56.75,p_solar_Brazil_BR928,Brazil,Cerrado
-20.75,-56.75,p_solar_Brazil_BR929,Brazil,Cerrado
-21.25,-56.75,p_solar_Brazil_BR930,Brazil,Cerrado
-21.75,-56.75,p_solar_Brazil_BR931,Brazil,Cerrado
-29.75,-56.75,p_solar_Brazil_BR932,Brazil,Pampas
-12.75,-56.25,p_solar_Brazil_BR962,Brazil,Cerrado
-14.25,-56.25,p_solar_Brazil_BR965,Brazil,Cerrado
-14.75,-56.25,p_solar_Brazil_BR966,Brazil,Cerrado
-15.25,-56.25,p_solar_Brazil_BR967,Brazil,Cerrado
-15.75,-56.25,p_solar_Brazil_BR968,Brazil,Cerrado
-16.25,-56.25,p_solar_Brazil_BR969,Brazil,Cerrado
-16.75,-56.25,p_solar_Brazil_BR970,Brazil,Cerrado
-17.25,-56.25,p_solar_Brazil_BR971,Brazil,Cerrado
-17.75,-56.25,p_solar_Brazil_BR972,Brazil,Cerrado
-18.25,-56.25,p_solar_Brazil_BR973,Brazil,Cerrado
-18.75,-56.25,p_solar_Brazil_BR974,Brazil,Cerrado
-19.25,-56.25,p_solar_Brazil_BR975,Brazil,Cerrado
-19.75,-56.25,p_solar_Brazil_BR976,Brazil,Cerrado
-20.25,-56.25,p_solar_Brazil_BR977,Brazil,Cerrado
-20.75,-56.25,p_solar_Brazil_BR978,Brazil,Cerrado
-21.25,-56.25,p_solar_Brazil_BR979,Brazil,Cerrado
-21.75,-56.25,p_solar_Brazil_BR980,Brazil,Cerrado
-29.75,-56.25,p_solar_Brazil_BR982,Brazil,Pampas
-30.25,-56.25,p_solar_Brazil_BR983,Brazil,Pampas
-13.25,-55.75,p_solar_Brazil_BR1015,Brazil,Cerrado
-14.25,-55.75,p_solar_Brazil_BR1017,Brazil,Cerrado
-14.75,-55.75,p_solar_Brazil_BR1018,Brazil,Cerrado
-15.25,-55.75,p_solar_Brazil_BR1019,Brazil,Cerrado
-15.75,-55.75,p_solar_Brazil_BR1020,Brazil,Cerrado
-16.25,-55.75,p_solar_Brazil_BR1021,Brazil,Cerrado
-16.75,-55.75,p_solar_Brazil_BR1022,Brazil,Cerrado
-17.25,-55.75,p_solar_Brazil_BR1023,Brazil,Cerrado
-17.75,-55.75,p_solar_Brazil_BR1024,Brazil,Cerrado
-18.25,-55.75,p_solar_Brazil_BR1025,Brazil,Cerrado
-18.75,-55.75,p_solar_Brazil_BR1026,Brazil,Cerrado
-19.25,-55.75,p_solar_Brazil_BR1027,Brazil,Cerrado
-19.75,-55.75,p_solar_Brazil_BR1028,Brazil,Cerrado
-20.25,-55.75,p_solar_Brazil_BR1029,Brazil,Cerrado
-20.75,-55.75,p_solar_Brazil_BR1030,Brazil,Cerrado
-21.25,-55.75,p_solar_Brazil_BR1031,Brazil,Cerrado
-21.75,-55.75,p_solar_Brazil_BR1032,Brazil,Cerrado
-22.25,-55.75,p_solar_Brazil_BR1033,Brazil,Cerrado
-30.25,-55.75,p_solar_Brazil_BR1038,Brazil,Pampas
-30.75,-55.75,p_solar_Brazil_BR1039,Brazil,Pampas
-13.75,-55.25,p_solar_Brazil_BR1072,Brazil,Cerrado
-14.25,-55.25,p_solar_Brazil_BR1073,Brazil,Cerrado
-14.75,-55.25,p_solar_Brazil_BR1074,Brazil,Cerrado
-15.25,-55.25,p_solar_Brazil_BR1075,Brazil,Cerrado
-15.75,-55.25,p_solar_Brazil_BR1076,Brazil,Cerrado
-16.25,-55.25,p_solar_Brazil_BR1077,Brazil,Cerrado
-16.75,-55.25,p_solar_Brazil_BR1078,Brazil,Cerrado
-17.25,-55.25,p_solar_Brazil_BR1079,Brazil,Cerrado
-17.75,-55.25,p_solar_Brazil_BR1080,Brazil,Cerrado
-18.25,-55.25,p_solar_Brazil_BR1081,Brazil,Cerrado
-18.75,-55.25,p_solar_Brazil_BR1082,Brazil,Cerrado
-19.25,-55.25,p_solar_Brazil_BR1083,Brazil,Cerrado
-19.75,-55.25,p_solar_Brazil_BR1084,Brazil,Cerrado
-20.25,-55.25,p_solar_Brazil_BR1085,Brazil,Cerrado
-20.75,-55.25,p_solar_Brazil_BR1086,Brazil,Cerrado
-21.25,-55.25,p_solar_Brazil_BR1087,Brazil,Cerrado
-21.75,-55.25,p_solar_Brazil_BR1088,Brazil,Cerrado
-22.25,-55.25,p_solar_Brazil_BR1089,Brazil,Cerrado
-22.75,-55.25,p_solar_Brazil_BR1090,Brazil,Cerrado
-23.25,-55.25,p_solar_Brazil_BR1091,Brazil,Cerrado
-23.75,-55.25,p_solar_Brazil_BR1092,Brazil,Cerrado
-13.75,-54.75,p_solar_Brazil_BR1131,Brazil,Cerrado
-14.25,-54.75,p_solar_Brazil_BR1132,Brazil,Cerrado
-14.75,-54.75,p_solar_Brazil_BR1133,Brazil,Cerrado
-15.25,-54.75,p_solar_Brazil_BR1134,Brazil,Cerrado
-15.75,-54.75,p_solar_Brazil_BR1135,Brazil,Cerrado
-16.25,-54.75,p_solar_Brazil_BR1136,Brazil,Cerrado
-16.75,-54.75,p_solar_Brazil_BR1137,Brazil,Cerrado
-17.25,-54.75,p_solar_Brazil_BR1138,Brazil,Cerrado
-17.75,-54.75,p_solar_Brazil_BR1139,Brazil,Cerrado
-18.25,-54.75,p_solar_Brazil_BR1140,Brazil,Cerrado
-18.75,-54.75,p_solar_Brazil_BR1141,Brazil,Cerrado
-19.25,-54.75,p_solar_Brazil_BR1142,Brazil,Cerrado
-19.75,-54.75,p_solar_Brazil_BR1143,Brazil,Cerrado
-20.25,-54.75,p_solar_Brazil_BR1144,Brazil,Cerrado
-20.75,-54.75,p_solar_Brazil_BR1145,Brazil,Cerrado
-21.25,-54.75,p_solar_Brazil_BR1146,Brazil,Cerrado
-21.75,-54.75,p_solar_Brazil_BR1147,Brazil,Cerrado
-22.25,-54.75,p_solar_Brazil_BR1148,Brazil,Cerrado
-22.75,-54.75,p_solar_Brazil_BR1149,Brazil,Cerrado
-23.25,-54.75,p_solar_Brazil_BR1150,Brazil,Cerrado
-23.75,-54.75,p_solar_Brazil_BR1151,Brazil,Cerrado
-13.75,-54.25,p_solar_Brazil_BR1191,Brazil,Cerrado
-14.25,-54.25,p_solar_Brazil_BR1192,Brazil,Cerrado
-14.75,-54.25,p_solar_Brazil_BR1193,Brazil,Cerrado
-15.25,-54.25,p_solar_Brazil_BR1194,Brazil,Cerrado
-15.75,-54.25,p_solar_Brazil_BR1195,Brazil,Cerrado
-16.25,-54.25,p_solar_Brazil_BR1196,Brazil,Cerrado
-16.75,-54.25,p_solar_Brazil_BR1197,Brazil,Cerrado
-17.25,-54.25,p_solar_Brazil_BR1198,Brazil,Cerrado
-17.75,-54.25,p_solar_Brazil_BR1199,Brazil,Cerrado
-18.25,-54.25,p_solar_Brazil_BR1200,Brazil,Cerrado
-18.75,-54.25,p_solar_Brazil_BR1201,Brazil,Cerrado
-19.25,-54.25,p_solar_Brazil_BR1202,Brazil,Cerrado
-19.75,-54.25,p_solar_Brazil_BR1203,Brazil,Cerrado
-20.25,-54.25,p_solar_Brazil_BR1204,Brazil,Cerrado
-20.75,-54.25,p_solar_Brazil_BR1205,Brazil,Cerrado
-21.25,-54.25,p_solar_Brazil_BR1206,Brazil,Cerrado
-21.75,-54.25,p_solar_Brazil_BR1207,Brazil,Cerrado
-22.25,-54.25,p_solar_Brazil_BR1208,Brazil,Cerrado
-22.75,-54.25,p_solar_Brazil_BR1209,Brazil,Cerrado
-23.25,-54.25,p_solar_Brazil_BR1210,Brazil,Cerrado
-23.75,-54.25,p_solar_Brazil_BR1211,Brazil,Cerrado
-13.75,-53.75,p_solar_Brazil_BR1256,Brazil,Cerrado
-14.25,-53.75,p_solar_Brazil_BR1257,Brazil,Cerrado
-14.75,-53.75,p_solar_Brazil_BR1258,Brazil,Cerrado
-15.25,-53.75,p_solar_Brazil_BR1259,Brazil,Cerrado
-15.75,-53.75,p_solar_Brazil_BR1260,Brazil,Cerrado
-16.25,-53.75,p_solar_Brazil_BR1261,Brazil,Cerrado
-16.75,-53.75,p_solar_Brazil_BR1262,Brazil,Cerrado
-17.25,-53.75,p_solar_Brazil_BR1263,Brazil,Cerrado
-17.75,-53.75,p_solar_Brazil_BR1264,Brazil,Cerrado
-18.25,-53.75,p_solar_Brazil_BR1265,Brazil,Cerrado
-18.75,-53.75,p_solar_Brazil_BR1266,Brazil,Cerrado
-19.25,-53.75,p_solar_Brazil_BR1267,Brazil,Cerrado
-19.75,-53.75,p_solar_Brazil_BR1268,Brazil,Cerrado
-20.25,-53.75,p_solar_Brazil_BR1269,Brazil,Cerrado
-20.75,-53.75,p_solar_Brazil_BR1270,Brazil,Cerrado
-21.25,-53.75,p_solar_Brazil_BR1271,Brazil,Cerrado
-21.75,-53.75,p_solar_Brazil_BR1272,Brazil,Cerrado
-22.25,-53.75,p_solar_Brazil_BR1273,Brazil,Cerrado
-22.75,-53.75,p_solar_Brazil_BR1274,Brazil,Cerrado
-23.25,-53.75,p_solar_Brazil_BR1275,Brazil,Cerrado
-23.75,-53.75,p_solar_Brazil_BR1276,Brazil,Cerrado
-31.75,-53.75,p_solar_Brazil_BR1290,Brazil,Pampas
-13.25,-53.25,p_solar_Brazil_BR1322,Brazil,Cerrado
-13.75,-53.25,p_solar_Brazil_BR1323,Brazil,Cerrado
-14.25,-53.25,p_solar_Brazil_BR1324,Brazil,Cerrado
-14.75,-53.25,p_solar_Brazil_BR1325,Brazil,Cerrado
-15.25,-53.25,p_solar_Brazil_BR1326,Brazil,Cerrado
-15.75,-53.25,p_solar_Brazil_BR1327,Brazil,Cerrado
-16.25,-53.25,p_solar_Brazil_BR1328,Brazil,Cerrado
-16.75,-53.25,p_solar_Brazil_BR1329,Brazil,Cerrado
-17.25,-53.25,p_solar_Brazil_BR1330,Brazil,Cerrado
-17.75,-53.25,p_solar_Brazil_BR1331,Brazil,Cerrado
-18.25,-53.25,p_solar_Brazil_BR1332,Brazil,Cerrado
-18.75,-53.25,p_solar_Brazil_BR1333,Brazil,Cerrado
-19.25,-53.25,p_solar_Brazil_BR1334,Brazil,Cerrado
-19.75,-53.25,p_solar_Brazil_BR1335,Brazil,Cerrado
-20.25,-53.25,p_solar_Brazil_BR1336,Brazil,Cerrado
-20.75,-53.25,p_solar_Brazil_BR1337,Brazil,Cerrado
-21.25,-53.25,p_solar_Brazil_BR1338,Brazil,Cerrado
-21.75,-53.25,p_solar_Brazil_BR1339,Brazil,Cerrado
-22.25,-53.25,p_solar_Brazil_BR1340,Brazil,Cerrado
-22.75,-53.25,p_solar_Brazil_BR1341,Brazil,Cerrado
-23.25,-53.25,p_solar_Brazil_BR1342,Brazil,Cerrado
-23.75,-53.25,p_solar_Brazil_BR1343,Brazil,Cerrado
-31.75,-53.25,p_solar_Brazil_BR1359,Brazil,Pampas
-32.25,-53.25,p_solar_Brazil_BR1360,Brazil,Pampas
-13.25,-52.75,p_solar_Brazil_BR1393,Brazil,Cerrado
-13.75,-52.75,p_solar_Brazil_BR1394,Brazil,Cerrado
-14.25,-52.75,p_solar_Brazil_BR1395,Brazil,Cerrado
-14.75,-52.75,p_solar_Brazil_BR1396,Brazil,Cerrado
-15.25,-52.75,p_solar_Brazil_BR1397,Brazil,Cerrado
-15.75,-52.75,p_solar_Brazil_BR1398,Brazil,Cerrado
-16.25,-52.75,p_solar_Brazil_BR1399,Brazil,Cerrado
-16.75,-52.75,p_solar_Brazil_BR1400,Brazil,Cerrado
-17.25,-52.75,p_solar_Brazil_BR1401,Brazil,Cerrado
-17.75,-52.75,p_solar_Brazil_BR1402,Brazil,Cerrado
-18.25,-52.75,p_solar_Brazil_BR1403,Brazil,Cerrado
-18.75,-52.75,p_solar_Brazil_BR1404,Brazil,Cerrado
-19.25,-52.75,p_solar_Brazil_BR1405,Brazil,Cerrado
-19.75,-52.75,p_solar_Brazil_BR1406,Brazil,Cerrado
-20.25,-52.75,p_solar_Brazil_BR1407,Brazil,Cerrado
-20.75,-52.75,p_solar_Brazil_BR1408,Brazil,Cerrado
-21.25,-52.75,p_solar_Brazil_BR1409,Brazil,Cerrado
-21.75,-52.75,p_solar_Brazil_BR1410,Brazil,Cerrado
-22.25,-52.75,p_solar_Brazil_BR1411,Brazil,Cerrado
-22.75,-52.75,p_solar_Brazil_BR1412,Brazil,Cerrado
-23.25,-52.75,p_solar_Brazil_BR1413,Brazil,Cerrado
-23.75,-52.75,p_solar_Brazil_BR1414,Brazil,Cerrado
-31.75,-52.75,p_solar_Brazil_BR1430,Brazil,Pampas
-13.25,-52.25,p_solar_Brazil_BR1466,Brazil,Cerrado
-13.75,-52.25,p_solar_Brazil_BR1467,Brazil,Cerrado
-14.25,-52.25,p_solar_Brazil_BR1468,Brazil,Cerrado
-14.75,-52.25,p_solar_Brazil_BR1469,Brazil,Cerrado
-15.25,-52.25,p_solar_Brazil_BR1470,Brazil,Cerrado
-15.75,-52.25,p_solar_Brazil_BR1471,Brazil,Cerrado
-16.25,-52.25,p_solar_Brazil_BR1472,Brazil,Cerrado
-16.75,-52.25,p_solar_Brazil_BR1473,Brazil,Cerrado
-17.25,-52.25,p_solar_Brazil_BR1474,Brazil,Cerrado
-17.75,-52.25,p_solar_Brazil_BR1475,Brazil,Cerrado
-18.25,-52.25,p_solar_Brazil_BR1476,Brazil,Cerrado
-18.75,-52.25,p_solar_Brazil_BR1477,Brazil,Cerrado
-19.25,-52.25,p_solar_Brazil_BR1478,Brazil,Cerrado
-19.75,-52.25,p_solar_Brazil_BR1479,Brazil,Cerrado
-20.25,-52.25,p_solar_Brazil_BR1480,Brazil,Cerrado
-20.75,-52.25,p_solar_Brazil_BR1481,Brazil,Cerrado
-21.25,-52.25,p_solar_Brazil_BR1482,Brazil,Cerrado
-21.75,-52.25,p_solar_Brazil_BR1483,Brazil,Cerrado
-22.25,-52.25,p_solar_Brazil_BR1484,Brazil,Cerrado
-22.75,-52.25,p_solar_Brazil_BR1485,Brazil,Cerrado
-23.25,-52.25,p_solar_Brazil_BR1486,Brazil,Cerrado
-24.25,-52.25,p_solar_Brazil_BR1488,Brazil,Cerrado
-12.25,-51.75,p_solar_Brazil_BR1537,Brazil,Cerrado
-12.75,-51.75,p_solar_Brazil_BR1538,Brazil,Cerrado
-13.25,-51.75,p_solar_Brazil_BR1539,Brazil,Cerrado
-13.75,-51.75,p_solar_Brazil_BR1540,Brazil,Cerrado
-14.25,-51.75,p_solar_Brazil_BR1541,Brazil,Cerrado
-14.75,-51.75,p_solar_Brazil_BR1542,Brazil,Cerrado
-15.25,-51.75,p_solar_Brazil_BR1543,Brazil,Cerrado
-15.75,-51.75,p_solar_Brazil_BR1544,Brazil,Cerrado
-16.25,-51.75,p_solar_Brazil_BR1545,Brazil,Cerrado
-16.75,-51.75,p_solar_Brazil_BR1546,Brazil,Cerrado
-17.25,-51.75,p_solar_Brazil_BR1547,Brazil,Cerrado
-17.75,-51.75,p_solar_Brazil_BR1548,Brazil,Cerrado
-18.25,-51.75,p_solar_Brazil_BR1549,Brazil,Cerrado
-18.75,-51.75,p_solar_Brazil_BR1550,Brazil,Cerrado
-19.25,-51.75,p_solar_Brazil_BR1551,Brazil,Cerrado
-19.75,-51.75,p_solar_Brazil_BR1552,Brazil,Cerrado
-20.25,-51.75,p_solar_Brazil_BR1553,Brazil,Cerrado
-20.75,-51.75,p_solar_Brazil_BR1554,Brazil,Cerrado
-21.25,-51.75,p_solar_Brazil_BR1555,Brazil,Cerrado
-21.75,-51.75,p_solar_Brazil_BR1556,Brazil,Cerrado
-22.25,-51.75,p_solar_Brazil_BR1557,Brazil,Cerrado
-22.75,-51.75,p_solar_Brazil_BR1558,Brazil,Cerrado
-23.25,-51.75,p_solar_Brazil_BR1559,Brazil,Cerrado
-24.25,-51.75,p_solar_Brazil_BR1561,Brazil,Cerrado
-12.75,-51.25,p_solar_Brazil_BR1610,Brazil,Cerrado
-13.25,-51.25,p_solar_Brazil_BR1611,Brazil,Cerrado
-13.75,-51.25,p_solar_Brazil_BR1612,Brazil,Cerrado
-14.25,-51.25,p_solar_Brazil_BR1613,Brazil,Cerrado
-15.75,-51.25,p_solar_Brazil_BR1616,Brazil,Cerrado
-16.25,-51.25,p_solar_Brazil_BR1617,Brazil,Cerrado
-16.75,-51.25,p_solar_Brazil_BR1618,Brazil,Cerrado
-17.25,-51.25,p_solar_Brazil_BR1619,Brazil,Cerrado
-17.75,-51.25,p_solar_Brazil_BR1620,Brazil,Cerrado
-18.25,-51.25,p_solar_Brazil_BR1621,Brazil,Cerrado
-18.75,-51.25,p_solar_Brazil_BR1622,Brazil,Cerrado
-19.25,-51.25,p_solar_Brazil_BR1623,Brazil,Cerrado
-19.75,-51.25,p_solar_Brazil_BR1624,Brazil,Cerrado
-20.25,-51.25,p_solar_Brazil_BR1625,Brazil,Cerrado
-20.75,-51.25,p_solar_Brazil_BR1626,Brazil,Cerrado
-21.25,-51.25,p_solar_Brazil_BR1627,Brazil,Cerrado
-21.75,-51.25,p_solar_Brazil_BR1628,Brazil,Cerrado
-22.25,-51.25,p_solar_Brazil_BR1629,Brazil,Cerrado
-22.75,-51.25,p_solar_Brazil_BR1630,Brazil,Cerrado
-23.75,-51.25,p_solar_Brazil_BR1632,Brazil,Cerrado
-13.75,-50.75,p_solar_Brazil_BR1679,Brazil,Cerrado
-16.25,-50.75,p_solar_Brazil_BR1684,Brazil,Cerrado
-16.75,-50.75,p_solar_Brazil_BR1685,Brazil,Cerrado
-17.25,-50.75,p_solar_Brazil_BR1686,Brazil,Cerrado
-17.75,-50.75,p_solar_Brazil_BR1687,Brazil,Cerrado
-18.25,-50.75,p_solar_Brazil_BR1688,Brazil,Cerrado
-18.75,-50.75,p_solar_Brazil_BR1689,Brazil,Cerrado
-19.25,-50.75,p_solar_Brazil_BR1690,Brazil,Cerrado
-19.75,-50.75,p_solar_Brazil_BR1691,Brazil,Cerrado
-20.25,-50.75,p_solar_Brazil_BR1692,Brazil,Cerrado
-20.75,-50.75,p_solar_Brazil_BR1693,Brazil,Cerrado
-21.25,-50.75,p_solar_Brazil_BR1694,Brazil,Cerrado
-21.75,-50.75,p_solar_Brazil_BR1695,Brazil,Cerrado
-22.25,-50.75,p_solar_Brazil_BR1696,Brazil,Cerrado
-22.75,-50.75,p_solar_Brazil_BR1697,Brazil,Cerrado
-23.75,-50.75,p_solar_Brazil_BR1699,Brazil,Cerrado
-16.25,-50.25,p_solar_Brazil_BR1749,Brazil,Cerrado
-16.75,-50.25,p_solar_Brazil_BR1750,Brazil,Cerrado
-17.25,-50.25,p_solar_Brazil_BR1751,Brazil,Cerrado
-17.75,-50.25,p_solar_Brazil_BR1752,Brazil,Cerrado
-18.25,-50.25,p_solar_Brazil_BR1753,Brazil,Cerrado
-18.75,-50.25,p_solar_Brazil_BR1754,Brazil,Cerrado
-19.25,-50.25,p_solar_Brazil_BR1755,Brazil,Cerrado
-19.75,-50.25,p_solar_Brazil_BR1756,Brazil,Cerrado
-20.25,-50.25,p_solar_Brazil_BR1757,Brazil,Cerrado
-20.75,-50.25,p_solar_Brazil_BR1758,Brazil,Cerrado
-21.25,-50.25,p_solar_Brazil_BR1759,Brazil,Cerrado
-21.75,-50.25,p_solar_Brazil_BR1760,Brazil,Cerrado
-22.25,-50.25,p_solar_Brazil_BR1761,Brazil,Cerrado
-22.75,-50.25,p_solar_Brazil_BR1762,Brazil,Cerrado
-23.25,-50.25,p_solar_Brazil_BR1763,Brazil,Cerrado
-23.75,-50.25,p_solar_Brazil_BR1764,Brazil,Cerrado
-15.75,-49.75,p_solar_Brazil_BR1810,Brazil,Cerrado
-16.25,-49.75,p_solar_Brazil_BR1811,Brazil,Cerrado
-16.75,-49.75,p_solar_Brazil_BR1812,Brazil,Cerrado
-17.25,-49.75,p_solar_Brazil_BR1813,Brazil,Cerrado
-17.75,-49.75,p_solar_Brazil_BR1814,Brazil,Cerrado
-18.25,-49.75,p_solar_Brazil_BR1815,Brazil,Cerrado
-18.75,-49.75,p_solar_Brazil_BR1816,Brazil,Cerrado
-19.25,-49.75,p_solar_Brazil_BR1817,Brazil,Cerrado
-19.75,-49.75,p_solar_Brazil_BR1818,Brazil,Cerrado
-20.25,-49.75,p_solar_Brazil_BR1819,Brazil,Cerrado
-20.75,-49.75,p_solar_Brazil_BR1820,Brazil,Cerrado
-21.25,-49.75,p_solar_Brazil_BR1821,Brazil,Cerrado
-21.75,-49.75,p_solar_Brazil_BR1822,Brazil,Cerrado
-22.25,-49.75,p_solar_Brazil_BR1823,Brazil,Cerrado
-22.75,-49.75,p_solar_Brazil_BR1824,Brazil,Cerrado
-23.25,-49.75,p_solar_Brazil_BR1825,Brazil,Cerrado
-23.75,-49.75,p_solar_Brazil_BR1826,Brazil,Cerrado
-13.25,-49.25,p_solar_Brazil_BR1864,Brazil,Cerrado
-13.75,-49.25,p_solar_Brazil_BR1865,Brazil,Cerrado
-14.25,-49.25,p_solar_Brazil_BR1866,Brazil,Cerrado
-14.75,-49.25,p_solar_Brazil_BR1867,Brazil,Cerrado
-15.25,-49.25,p_solar_Brazil_BR1868,Brazil,Cerrado
-15.75,-49.25,p_solar_Brazil_BR1869,Brazil,Cerrado
-16.25,-49.25,p_solar_Brazil_BR1870,Brazil,Cerrado
-16.75,-49.25,p_solar_Brazil_BR1871,Brazil,Cerrado
-17.25,-49.25,p_solar_Brazil_BR1872,Brazil,Cerrado
-17.75,-49.25,p_solar_Brazil_BR1873,Brazil,Cerrado
-18.25,-49.25,p_solar_Brazil_BR1874,Brazil,Cerrado
-18.75,-49.25,p_solar_Brazil_BR1875,Brazil,Cerrado
-19.25,-49.25,p_solar_Brazil_BR1876,Brazil,Cerrado
-19.75,-49.25,p_solar_Brazil_BR1877,Brazil,Cerrado
-20.25,-49.25,p_solar_Brazil_BR1878,Brazil,Cerrado
-20.75,-49.25,p_solar_Brazil_BR1879,Brazil,Cerrado
-21.25,-49.25,p_solar_Brazil_BR1880,Brazil,Cerrado
-21.75,-49.25,p_solar_Brazil_BR1881,Brazil,Cerrado
-22.25,-49.25,p_solar_Brazil_BR1882,Brazil,Cerrado
-22.75,-49.25,p_solar_Brazil_BR1883,Brazil,Cerrado
-23.25,-49.25,p_solar_Brazil_BR1884,Brazil,Cerrado
-23.75,-49.25,p_solar_Brazil_BR1885,Brazil,Cerrado
-12.75,-48.75,p_solar_Brazil_BR1921,Brazil,Cerrado
-13.25,-48.75,p_solar_Brazil_BR1922,Brazil,Cerrado
-13.75,-48.75,p_solar_Brazil_BR1923,Brazil,Cerrado
-14.25,-48.75,p_solar_Brazil_BR1924,Brazil,Cerrado
-14.75,-48.75,p_solar_Brazil_BR1925,Brazil,Cerrado
-15.25,-48.75,p_solar_Brazil_BR1926,Brazil,Cerrado
-15.75,-48.75,p_solar_Brazil_BR1927,Brazil,Cerrado
-16.25,-48.75,p_solar_Brazil_BR1928,Brazil,Cerrado
-16.75,-48.75,p_solar_Brazil_BR1929,Brazil,Cerrado
-17.25,-48.75,p_solar_Brazil_BR1930,Brazil,Cerrado
-17.75,-48.75,p_solar_Brazil_BR1931,Brazil,Cerrado
-18.25,-48.75,p_solar_Brazil_BR1932,Brazil,Cerrado
-18.75,-48.75,p_solar_Brazil_BR1933,Brazil,Cerrado
-19.25,-48.75,p_solar_Brazil_BR1934,Brazil,Cerrado
-19.75,-48.75,p_solar_Brazil_BR1935,Brazil,Cerrado
-20.25,-48.75,p_solar_Brazil_BR1936,Brazil,Cerrado
-23.75,-48.75,p_solar_Brazil_BR1943,Brazil,Cerrado
-12.25,-48.25,p_solar_Brazil_BR1974,Brazil,Cerrado
-12.75,-48.25,p_solar_Brazil_BR1975,Brazil,Cerrado
-13.25,-48.25,p_solar_Brazil_BR1976,Brazil,Cerrado
-13.75,-48.25,p_solar_Brazil_BR1977,Brazil,Cerrado
-14.25,-48.25,p_solar_Brazil_BR1978,Brazil,Cerrado
-14.75,-48.25,p_solar_Brazil_BR1979,Brazil,Cerrado
-15.25,-48.25,p_solar_Brazil_BR1980,Brazil,Cerrado
-15.75,-48.25,p_solar_Brazil_BR1981,Brazil,Cerrado
-16.25,-48.25,p_solar_Brazil_BR1982,Brazil,Cerrado
-16.75,-48.25,p_solar_Brazil_BR1983,Brazil,Cerrado
-17.25,-48.25,p_solar_Brazil_BR1984,Brazil,Cerrado
-17.75,-48.25,p_solar_Brazil_BR1985,Brazil,Cerrado
-18.25,-48.25,p_solar_Brazil_BR1986,Brazil,Cerrado
-18.75,-48.25,p_solar_Brazil_BR1987,Brazil,Cerrado
-19.25,-48.25,p_solar_Brazil_BR1988,Brazil,Cerrado
-19.75,-48.25,p_solar_Brazil_BR1989,Brazil,Cerrado
-22.25,-48.25,p_solar_Brazil_BR1994,Brazil,Cerrado
-22.75,-48.25,p_solar_Brazil_BR1995,Brazil,Cerrado
-23.25,-48.25,p_solar_Brazil_BR1996,Brazil,Cerrado
-23.75,-48.25,p_solar_Brazil_BR1997,Brazil,Cerrado
-11.25,-47.75,p_solar_Brazil_BR2022,Brazil,Cerrado
-11.75,-47.75,p_solar_Brazil_BR2023,Brazil,Cerrado
-12.25,-47.75,p_solar_Brazil_BR2024,Brazil,Cerrado
-12.75,-47.75,p_solar_Brazil_BR2025,Brazil,Cerrado
-13.25,-47.75,p_solar_Brazil_BR2026,Brazil,Cerrado
-13.75,-47.75,p_solar_Brazil_BR2027,Brazil,Cerrado
-14.25,-47.75,p_solar_Brazil_BR2028,Brazil,Cerrado
-14.75,-47.75,p_solar_Brazil_BR2029,Brazil,Cerrado
-15.25,-47.75,p_solar_Brazil_BR2030,Brazil,Cerrado
-15.75,-47.75,p_solar_Brazil_BR2031,Brazil,Cerrado
-16.25,-47.75,p_solar_Brazil_BR2032,Brazil,Cerrado
-16.75,-47.75,p_solar_Brazil_BR2033,Brazil,Cerrado
-17.25,-47.75,p_solar_Brazil_BR2034,Brazil,Cerrado
-17.75,-47.75,p_solar_Brazil_BR2035,Brazil,Cerrado
-18.25,-47.75,p_solar_Brazil_BR2036,Brazil,Cerrado
-18.75,-47.75,p_solar_Brazil_BR2037,Brazil,Cerrado
-19.25,-47.75,p_solar_Brazil_BR2038,Brazil,Cerrado
-19.75,-47.75,p_solar_Brazil_BR2039,Brazil,Cerrado
-20.25,-47.75,p_solar_Brazil_BR2040,Brazil,Cerrado
-21.75,-47.75,p_solar_Brazil_BR2043,Brazil,Cerrado
-22.25,-47.75,p_solar_Brazil_BR2044,Brazil,Cerrado
-11.25,-47.25,p_solar_Brazil_BR2071,Brazil,Cerrado
-11.75,-47.25,p_solar_Brazil_BR2072,Brazil,Cerrado
-12.25,-47.25,p_solar_Brazil_BR2073,Brazil,Cerrado
-12.75,-47.25,p_solar_Brazil_BR2074,Brazil,Cerrado
-13.25,-47.25,p_solar_Brazil_BR2075,Brazil,Cerrado
-13.75,-47.25,p_solar_Brazil_BR2076,Brazil,Cerrado
-14.25,-47.25,p_solar_Brazil_BR2077,Brazil,Cerrado
-14.75,-47.25,p_solar_Brazil_BR2078,Brazil,Cerrado
-15.25,-47.25,p_solar_Brazil_BR2079,Brazil,Cerrado
-15.75,-47.25,p_solar_Brazil_BR2080,Brazil,Cerrado
-16.25,-47.25,p_solar_Brazil_BR2081,Brazil,Cerrado
-16.75,-47.25,p_solar_Brazil_BR2082,Brazil,Cerrado
-17.25,-47.25,p_solar_Brazil_BR2083,Brazil,Cerrado
-17.75,-47.25,p_solar_Brazil_BR2084,Brazil,Cerrado
-18.25,-47.25,p_solar_Brazil_BR2085,Brazil,Cerrado
-18.75,-47.25,p_solar_Brazil_BR2086,Brazil,Cerrado
-19.25,-47.25,p_solar_Brazil_BR2087,Brazil,Cerrado
-19.75,-47.25,p_solar_Brazil_BR2088,Brazil,Cerrado
-20.25,-47.25,p_solar_Brazil_BR2089,Brazil,Cerrado
-20.75,-47.25,p_solar_Brazil_BR2090,Brazil,Cerrado
-21.25,-47.25,p_solar_Brazil_BR2091,Brazil,Cerrado
-10.75,-46.75,p_solar_Brazil_BR2117,Brazil,Cerrado
-11.25,-46.75,p_solar_Brazil_BR2118,Brazil,Cerrado
-11.75,-46.75,p_solar_Brazil_BR2119,Brazil,Cerrado
-12.25,-46.75,p_solar_Brazil_BR2120,Brazil,Cerrado
-12.75,-46.75,p_solar_Brazil_BR2121,Brazil,Cerrado
-13.25,-46.75,p_solar_Brazil_BR2122,Brazil,Cerrado
-13.75,-46.75,p_solar_Brazil_BR2123,Brazil,Cerrado
-14.25,-46.75,p_solar_Brazil_BR2124,Brazil,Cerrado
-14.75,-46.75,p_solar_Brazil_BR2125,Brazil,Cerrado
-15.25,-46.75,p_solar_Brazil_BR2126,Brazil,Cerrado
-15.75,-46.75,p_solar_Brazil_BR2127,Brazil,Cerrado
-16.25,-46.75,p_solar_Brazil_BR2128,Brazil,Cerrado
-16.75,-46.75,p_solar_Brazil_BR2129,Brazil,Cerrado
-17.25,-46.75,p_solar_Brazil_BR2130,Brazil,Cerrado
-17.75,-46.75,p_solar_Brazil_BR2131,Brazil,Cerrado
-18.25,-46.75,p_solar_Brazil_BR2132,Brazil,Cerrado
-18.75,-46.75,p_solar_Brazil_BR2133,Brazil,Cerrado
-19.25,-46.75,p_solar_Brazil_BR2134,Brazil,Cerrado
-19.75,-46.75,p_solar_Brazil_BR2135,Brazil,Cerrado
-20.25,-46.75,p_solar_Brazil_BR2136,Brazil,Cerrado
-20.75,-46.75,p_solar_Brazil_BR2137,Brazil,Cerrado
-10.25,-46.25,p_solar_Brazil_BR2162,Brazil,Cerrado
-10.75,-46.25,p_solar_Brazil_BR2163,Brazil,Cerrado
-11.25,-46.25,p_solar_Brazil_BR2164,Brazil,Cerrado
-11.75,-46.25,p_solar_Brazil_BR2165,Brazil,Cerrado
-12.25,-46.25,p_solar_Brazil_BR2166,Brazil,Cerrado
-12.75,-46.25,p_solar_Brazil_BR2167,Brazil,Cerrado
-13.25,-46.25,p_solar_Brazil_BR2168,Brazil,Cerrado
-13.75,-46.25,p_solar_Brazil_BR2169,Brazil,Cerrado
-14.25,-46.25,p_solar_Brazil_BR2170,Brazil,Cerrado
-14.75,-46.25,p_solar_Brazil_BR2171,Brazil,Cerrado
-15.25,-46.25,p_solar_Brazil_BR2172,Brazil,Cerrado
-15.75,-46.25,p_solar_Brazil_BR2173,Brazil,Cerrado
-16.25,-46.25,p_solar_Brazil_BR2174,Brazil,Cerrado
-16.75,-46.25,p_solar_Brazil_BR2175,Brazil,Cerrado
-17.25,-46.25,p_solar_Brazil_BR2176,Brazil,Cerrado
-17.75,-46.25,p_solar_Brazil_BR2177,Brazil,Cerrado
-18.25,-46.25,p_solar_Brazil_BR2178,Brazil,Cerrado
-18.75,-46.25,p_solar_Brazil_BR2179,Brazil,Cerrado
-19.25,-46.25,p_solar_Brazil_BR2180,Brazil,Cerrado
-19.75,-46.25,p_solar_Brazil_BR2181,Brazil,Cerrado
-20.25,-46.25,p_solar_Brazil_BR2182,Brazil,Cerrado
-10.25,-45.75,p_solar_Brazil_BR2207,Brazil,Cerrado
-10.75,-45.75,p_solar_Brazil_BR2208,Brazil,Cerrado
-11.25,-45.75,p_solar_Brazil_BR2209,Brazil,Cerrado
-11.75,-45.75,p_solar_Brazil_BR2210,Brazil,Cerrado
-12.25,-45.75,p_solar_Brazil_BR2211,Brazil,Cerrado
-12.75,-45.75,p_solar_Brazil_BR2212,Brazil,Cerrado
-13.25,-45.75,p_solar_Brazil_BR2213,Brazil,Cerrado
-13.75,-45.75,p_solar_Brazil_BR2214,Brazil,Cerrado
-14.25,-45.75,p_solar_Brazil_BR2215,Brazil,Cerrado
-14.75,-45.75,p_solar_Brazil_BR2216,Brazil,Cerrado
-15.25,-45.75,p_solar_Brazil_BR2217,Brazil,Cerrado
-15.75,-45.75,p_solar_Brazil_BR2218,Brazil,Cerrado
-16.25,-45.75,p_solar_Brazil_BR2219,Brazil,Cerrado
-16.75,-45.75,p_solar_Brazil_BR2220,Brazil,Cerrado
-17.25,-45.75,p_solar_Brazil_BR2221,Brazil,Cerrado
-17.75,-45.75,p_solar_Brazil_BR2222,Brazil,Cerrado
-18.25,-45.75,p_solar_Brazil_BR2223,Brazil,Cerrado
-18.75,-45.75,p_solar_Brazil_BR2224,Brazil,Cerrado
-19.25,-45.75,p_solar_Brazil_BR2225,Brazil,Cerrado
-19.75,-45.75,p_solar_Brazil_BR2226,Brazil,Cerrado
-9.75,-45.25,p_solar_Brazil_BR2250,Brazil,Cerrado
-10.25,-45.25,p_solar_Brazil_BR2251,Brazil,Cerrado
-10.75,-45.25,p_solar_Brazil_BR2252,Brazil,Cerrado
-11.25,-45.25,p_solar_Brazil_BR2253,Brazil,Cerrado
-11.75,-45.25,p_solar_Brazil_BR2254,Brazil,Cerrado
-12.25,-45.25,p_solar_Brazil_BR2255,Brazil,Cerrado
-12.75,-45.25,p_solar_Brazil_BR2256,Brazil,Cerrado
-13.25,-45.25,p_solar_Brazil_BR2257,Brazil,Cerrado
-13.75,-45.25,p_solar_Brazil_BR2258,Brazil,Cerrado
-14.25,-45.25,p_solar_Brazil_BR2259,Brazil,Cerrado
-14.75,-45.25,p_solar_Brazil_BR2260,Brazil,Cerrado
-15.25,-45.25,p_solar_Brazil_BR2261,Brazil,Cerrado
-15.75,-45.25,p_solar_Brazil_BR2262,Brazil,Cerrado
-16.25,-45.25,p_solar_Brazil_BR2263,Brazil,Cerrado
-16.75,-45.25,p_solar_Brazil_BR2264,Brazil,Cerrado
-17.25,-45.25,p_solar_Brazil_BR2265,Brazil,Cerrado
-17.75,-45.25,p_solar_Brazil_BR2266,Brazil,Cerrado
-18.25,-45.25,p_solar_Brazil_BR2267,Brazil,Cerrado
-18.75,-45.25,p_solar_Brazil_BR2268,Brazil,Cerrado
-19.25,-45.25,p_solar_Brazil_BR2269,Brazil,Cerrado
-9.25,-44.75,p_solar_Brazil_BR2293,Brazil,Cerrado
-9.75,-44.75,p_solar_Brazil_BR2294,Brazil,Cerrado
-10.25,-44.75,p_solar_Brazil_BR2295,Brazil,Cerrado
-10.75,-44.75,p_solar_Brazil_BR2296,Brazil,Caatinga
-11.25,-44.75,p_solar_Brazil_BR2297,Brazil,Cerrado
-11.75,-44.75,p_solar_Brazil_BR2298,Brazil,Caatinga
-12.25,-44.75,p_solar_Brazil_BR2299,Brazil,Cerrado
-12.75,-44.75,p_solar_Brazil_BR2300,Brazil,Cerrado
-13.25,-44.75,p_solar_Brazil_BR2301,Brazil,Cerrado
-13.75,-44.75,p_solar_Brazil_BR2302,Brazil,Cerrado
-14.25,-44.75,p_solar_Brazil_BR2303,Brazil,Cerrado
-14.75,-44.75,p_solar_Brazil_BR2304,Brazil,Cerrado
-15.25,-44.75,p_solar_Brazil_BR2305,Brazil,Cerrado
-15.75,-44.75,p_solar_Brazil_BR2306,Brazil,Caatinga
-16.25,-44.75,p_solar_Brazil_BR2307,Brazil,Cerrado
-16.75,-44.75,p_solar_Brazil_BR2308,Brazil,Cerrado
-17.75,-44.75,p_solar_Brazil_BR2310,Brazil,Cerrado
-18.25,-44.75,p_solar_Brazil_BR2311,Brazil,Cerrado
-18.75,-44.75,p_solar_Brazil_BR2312,Brazil,Cerrado
-8.75,-44.25,p_solar_Brazil_BR2333,Brazil,Cerrado
-9.25,-44.25,p_solar_Brazil_BR2334,Brazil,Caatinga
-9.75,-44.25,p_solar_Brazil_BR2335,Brazil,Caatinga
-10.25,-44.25,p_solar_Brazil_BR2336,Brazil,Caatinga
-10.75,-44.25,p_solar_Brazil_BR2337,Brazil,Caatinga
-11.25,-44.25,p_solar_Brazil_BR2338,Brazil,Caatinga
-11.75,-44.25,p_solar_Brazil_BR2339,Brazil,Caatinga
-12.25,-44.25,p_solar_Brazil_BR2340,Brazil,Cerrado
-13.25,-44.25,p_solar_Brazil_BR2342,Brazil,Caatinga
-13.75,-44.25,p_solar_Brazil_BR2343,Brazil,Caatinga
-14.25,-44.25,p_solar_Brazil_BR2344,Brazil,Caatinga
-14.75,-44.25,p_solar_Brazil_BR2345,Brazil,Caatinga
-15.25,-44.25,p_solar_Brazil_BR2346,Brazil,Caatinga
-15.75,-44.25,p_solar_Brazil_BR2347,Brazil,Caatinga
-16.25,-44.25,p_solar_Brazil_BR2348,Brazil,Cerrado
-16.75,-44.25,p_solar_Brazil_BR2349,Brazil,Cerrado
-17.25,-44.25,p_solar_Brazil_BR2350,Brazil,Cerrado
-17.75,-44.25,p_solar_Brazil_BR2351,Brazil,Cerrado
-18.25,-44.25,p_solar_Brazil_BR2352,Brazil,Cerrado
-18.75,-44.25,p_solar_Brazil_BR2353,Brazil,Cerrado
-8.25,-43.75,p_solar_Brazil_BR2373,Brazil,Caatinga
-8.75,-43.75,p_solar_Brazil_BR2374,Brazil,Caatinga
-9.25,-43.75,p_solar_Brazil_BR2375,Brazil,Caatinga
-9.75,-43.75,p_solar_Brazil_BR2376,Brazil,Caatinga
-10.25,-43.75,p_solar_Brazil_BR2377,Brazil,Caatinga
-10.75,-43.75,p_solar_Brazil_BR2378,Brazil,Caatinga
-11.25,-43.75,p_solar_Brazil_BR2379,Brazil,Caatinga
-11.75,-43.75,p_solar_Brazil_BR2380,Brazil,Caatinga
-12.25,-43.75,p_solar_Brazil_BR2381,Brazil,Caatinga
-12.75,-43.75,p_solar_Brazil_BR2382,Brazil,Caatinga
-13.25,-43.75,p_solar_Brazil_BR2383,Brazil,Caatinga
-13.75,-43.75,p_solar_Brazil_BR2384,Brazil,Caatinga
-14.25,-43.75,p_solar_Brazil_BR2385,Brazil,Caatinga
-14.75,-43.75,p_solar_Brazil_BR2386,Brazil,Caatinga
-15.25,-43.75,p_solar_Brazil_BR2387,Brazil,Caatinga
-15.75,-43.75,p_solar_Brazil_BR2388,Brazil,Caatinga
-16.25,-43.75,p_solar_Brazil_BR2389,Brazil,Caatinga
-16.75,-43.75,p_solar_Brazil_BR2390,Brazil,Cerrado
-17.25,-43.75,p_solar_Brazil_BR2391,Brazil,Cerrado
-17.75,-43.75,p_solar_Brazil_BR2392,Brazil,Cerrado
-18.25,-43.75,p_solar_Brazil_BR2393,Brazil,Cerrado
-7.75,-43.25,p_solar_Brazil_BR2413,Brazil,Caatinga
-8.25,-43.25,p_solar_Brazil_BR2414,Brazil,Caatinga
-8.75,-43.25,p_solar_Brazil_BR2415,Brazil,Caatinga
-9.25,-43.25,p_solar_Brazil_BR2416,Brazil,Caatinga
-9.75,-43.25,p_solar_Brazil_BR2417,Brazil,Caatinga
-10.25,-43.25,p_solar_Brazil_BR2418,Brazil,Caatinga
-10.75,-43.25,p_solar_Brazil_BR2419,Brazil,Caatinga
-11.25,-43.25,p_solar_Brazil_BR2420,Brazil,Caatinga
-11.75,-43.25,p_solar_Brazil_BR2421,Brazil,Caatinga
-12.25,-43.25,p_solar_Brazil_BR2422,Brazil,Caatinga
-14.25,-43.25,p_solar_Brazil_BR2426,Brazil,Caatinga
-14.75,-43.25,p_solar_Brazil_BR2427,Brazil,Caatinga
-15.25,-43.25,p_solar_Brazil_BR2428,Brazil,Caatinga
-15.75,-43.25,p_solar_Brazil_BR2429,Brazil,Caatinga
-16.25,-43.25,p_solar_Brazil_BR2430,Brazil,Cerrado
-16.75,-43.25,p_solar_Brazil_BR2431,Brazil,Cerrado
-17.25,-43.25,p_solar_Brazil_BR2432,Brazil,Cerrado
-2.75,-42.75,p_solar_Brazil_BR2444,Brazil,Caatinga
-3.25,-42.75,p_solar_Brazil_BR2445,Brazil,Caatinga
-7.25,-42.75,p_solar_Brazil_BR2453,Brazil,Caatinga
-7.75,-42.75,p_solar_Brazil_BR2454,Brazil,Caatinga
-8.25,-42.75,p_solar_Brazil_BR2455,Brazil,Caatinga
-8.75,-42.75,p_solar_Brazil_BR2456,Brazil,Caatinga
-9.25,-42.75,p_solar_Brazil_BR2457,Brazil,Caatinga
-9.75,-42.75,p_solar_Brazil_BR2458,Brazil,Caatinga
-10.25,-42.75,p_solar_Brazil_BR2459,Brazil,Caatinga
-10.75,-42.75,p_solar_Brazil_BR2460,Brazil,Caatinga
-11.25,-42.75,p_solar_Brazil_BR2461,Brazil,Caatinga
-11.75,-42.75,p_solar_Brazil_BR2462,Brazil,Caatinga
-3.25,-42.25,p_solar_Brazil_BR2485,Brazil,Caatinga
-3.75,-42.25,p_solar_Brazil_BR2486,Brazil,Caatinga
-6.75,-42.25,p_solar_Brazil_BR2492,Brazil,Caatinga
-7.25,-42.25,p_solar_Brazil_BR2493,Brazil,Caatinga
-7.75,-42.25,p_solar_Brazil_BR2494,Brazil,Caatinga
-8.25,-42.25,p_solar_Brazil_BR2495,Brazil,Caatinga
-8.75,-42.25,p_solar_Brazil_BR2496,Brazil,Caatinga
-9.25,-42.25,p_solar_Brazil_BR2497,Brazil,Caatinga
-9.75,-42.25,p_solar_Brazil_BR2498,Brazil,Caatinga
-10.25,-42.25,p_solar_Brazil_BR2499,Brazil,Caatinga
-10.75,-42.25,p_solar_Brazil_BR2500,Brazil,Caatinga
-11.25,-42.25,p_solar_Brazil_BR2501,Brazil,Caatinga
-3.25,-41.75,p_solar_Brazil_BR2525,Brazil,Caatinga
-3.75,-41.75,p_solar_Brazil_BR2526,Brazil,Caatinga
-4.25,-41.75,p_solar_Brazil_BR2527,Brazil,Caatinga
-4.75,-41.75,p_solar_Brazil_BR2528,Brazil,Caatinga
-5.25,-41.75,p_solar_Brazil_BR2529,Brazil,Caatinga
-5.75,-41.75,p_solar_Brazil_BR2530,Brazil,Caatinga
-6.25,-41.75,p_solar_Brazil_BR2531,Brazil,Caatinga
-6.75,-41.75,p_solar_Brazil_BR2532,Brazil,Caatinga
-7.25,-41.75,p_solar_Brazil_BR2533,Brazil,Caatinga
-7.75,-41.75,p_solar_Brazil_BR2534,Brazil,Caatinga
-8.25,-41.75,p_solar_Brazil_BR2535,Brazil,Caatinga
-8.75,-41.75,p_solar_Brazil_BR2536,Brazil,Caatinga
-9.25,-41.75,p_solar_Brazil_BR2537,Brazil,Caatinga
-9.75,-41.75,p_solar_Brazil_BR2538,Brazil,Caatinga
-10.25,-41.75,p_solar_Brazil_BR2539,Brazil,Caatinga
-10.75,-41.75,p_solar_Brazil_BR2540,Brazil,Caatinga
-11.25,-41.75,p_solar_Brazil_BR2541,Brazil,Caatinga
-21.25,-41.75,p_solar_Brazil_BR2561,Brazil,Caatinga
-21.75,-41.75,p_solar_Brazil_BR2562,Brazil,Caatinga
-3.25,-41.25,p_solar_Brazil_BR2564,Brazil,Caatinga
-3.75,-41.25,p_solar_Brazil_BR2565,Brazil,Caatinga
-4.25,-41.25,p_solar_Brazil_BR2566,Brazil,Caatinga
-4.75,-41.25,p_solar_Brazil_BR2567,Brazil,Caatinga
-5.25,-41.25,p_solar_Brazil_BR2568,Brazil,Caatinga
-5.75,-41.25,p_solar_Brazil_BR2569,Brazil,Caatinga
-6.25,-41.25,p_solar_Brazil_BR2570,Brazil,Caatinga
-6.75,-41.25,p_solar_Brazil_BR2571,Brazil,Caatinga
-7.25,-41.25,p_solar_Brazil_BR2572,Brazil,Caatinga
-7.75,-41.25,p_solar_Brazil_BR2573,Brazil,Caatinga
-8.25,-41.25,p_solar_Brazil_BR2574,Brazil,Caatinga
-8.75,-41.25,p_solar_Brazil_BR2575,Brazil,Caatinga
-9.25,-41.25,p_solar_Brazil_BR2576,Brazil,Caatinga
-9.75,-41.25,p_solar_Brazil_BR2577,Brazil,Caatinga
-10.25,-41.25,p_solar_Brazil_BR2578,Brazil,Caatinga
-10.75,-41.25,p_solar_Brazil_BR2579,Brazil,Caatinga
-11.25,-41.25,p_solar_Brazil_BR2580,Brazil,Caatinga
-21.25,-41.25,p_solar_Brazil_BR2600,Brazil,Caatinga
-21.75,-41.25,p_solar_Brazil_BR2601,Brazil,Caatinga
-3.25,-40.75,p_solar_Brazil_BR2602,Brazil,Caatinga
-3.75,-40.75,p_solar_Brazil_BR2603,Brazil,Caatinga
-4.25,-40.75,p_solar_Brazil_BR2604,Brazil,Caatinga
-4.75,-40.75,p_solar_Brazil_BR2605,Brazil,Caatinga
-5.25,-40.75,p_solar_Brazil_BR2606,Brazil,Caatinga
-5.75,-40.75,p_solar_Brazil_BR2607,Brazil,Caatinga
-6.25,-40.75,p_solar_Brazil_BR2608,Brazil,Caatinga
-6.75,-40.75,p_solar_Brazil_BR2609,Brazil,Caatinga
-7.25,-40.75,p_solar_Brazil_BR2610,Brazil,Caatinga
-7.75,-40.75,p_solar_Brazil_BR2611,Brazil,Caatinga
-8.25,-40.75,p_solar_Brazil_BR2612,Brazil,Caatinga
-8.75,-40.75,p_solar_Brazil_BR2613,Brazil,Caatinga
-9.25,-40.75,p_solar_Brazil_BR2614,Brazil,Caatinga
-9.75,-40.75,p_solar_Brazil_BR2615,Brazil,Caatinga
-10.25,-40.75,p_solar_Brazil_BR2616,Brazil,Caatinga
-10.75,-40.75,p_solar_Brazil_BR2617,Brazil,Caatinga
-20.75,-40.75,p_solar_Brazil_BR2637,Brazil,Caatinga
-3.25,-40.25,p_solar_Brazil_BR2638,Brazil,Caatinga
-3.75,-40.25,p_solar_Brazil_BR2639,Brazil,Caatinga
-4.25,-40.25,p_solar_Brazil_BR2640,Brazil,Caatinga
-4.75,-40.25,p_solar_Brazil_BR2641,Brazil,Caatinga
-5.25,-40.25,p_solar_Brazil_BR2642,Brazil,Caatinga
-5.75,-40.25,p_solar_Brazil_BR2643,Brazil,Caatinga
-6.25,-40.25,p_solar_Brazil_BR2644,Brazil,Caatinga
-6.75,-40.25,p_solar_Brazil_BR2645,Brazil,Caatinga
-7.25,-40.25,p_solar_Brazil_BR2646,Brazil,Caatinga
-7.75,-40.25,p_solar_Brazil_BR2647,Brazil,Caatinga
-8.25,-40.25,p_solar_Brazil_BR2648,Brazil,Caatinga
-8.75,-40.25,p_solar_Brazil_BR2649,Brazil,Caatinga
-9.25,-40.25,p_solar_Brazil_BR2650,Brazil,Caatinga
-9.75,-40.25,p_solar_Brazil_BR2651,Brazil,Caatinga
-10.25,-40.25,p_solar_Brazil_BR2652,Brazil,Caatinga
-10.75,-40.25,p_solar_Brazil_BR2653,Brazil,Caatinga
-11.25,-40.25,p_solar_Brazil_BR2654,Brazil,Caatinga
-3.25,-39.75,p_solar_Brazil_BR2673,Brazil,Caatinga
-3.75,-39.75,p_solar_Brazil_BR2674,Brazil,Caatinga
-4.25,-39.75,p_solar_Brazil_BR2675,Brazil,Caatinga
-4.75,-39.75,p_solar_Brazil_BR2676,Brazil,Caatinga
-5.25,-39.75,p_solar_Brazil_BR2677,Brazil,Caatinga
-5.75,-39.75,p_solar_Brazil_BR2678,Brazil,Caatinga
-6.25,-39.75,p_solar_Brazil_BR2679,Brazil,Caatinga
-6.75,-39.75,p_solar_Brazil_BR2680,Brazil,Caatinga
-7.25,-39.75,p_solar_Brazil_BR2681,Brazil,Caatinga
-7.75,-39.75,p_solar_Brazil_BR2682,Brazil,Caatinga
-8.25,-39.75,p_solar_Brazil_BR2683,Brazil,Caatinga
-8.75,-39.75,p_solar_Brazil_BR2684,Brazil,Caatinga
-9.25,-39.75,p_solar_Brazil_BR2685,Brazil,Caatinga
-9.75,-39.75,p_solar_Brazil_BR2686,Brazil,Caatinga
-10.25,-39.75,p_solar_Brazil_BR2687,Brazil,Caatinga
-10.75,-39.75,p_solar_Brazil_BR2688,Brazil,Caatinga
-11.25,-39.75,p_solar_Brazil_BR2689,Brazil,Caatinga
-3.25,-39.25,p_solar_Brazil_BR2706,Brazil,Caatinga
-3.75,-39.25,p_solar_Brazil_BR2707,Brazil,Caatinga
-4.25,-39.25,p_solar_Brazil_BR2708,Brazil,Caatinga
-4.75,-39.25,p_solar_Brazil_BR2709,Brazil,Caatinga
-5.25,-39.25,p_solar_Brazil_BR2710,Brazil,Caatinga
-5.75,-39.25,p_solar_Brazil_BR2711,Brazil,Caatinga
-6.25,-39.25,p_solar_Brazil_BR2712,Brazil,Caatinga
-6.75,-39.25,p_solar_Brazil_BR2713,Brazil,Caatinga
-7.25,-39.25,p_solar_Brazil_BR2714,Brazil,Caatinga
-7.75,-39.25,p_solar_Brazil_BR2715,Brazil,Caatinga
-8.25,-39.25,p_solar_Brazil_BR2716,Brazil,Caatinga
-8.75,-39.25,p_solar_Brazil_BR2717,Brazil,Caatinga
-9.25,-39.25,p_solar_Brazil_BR2718,Brazil,Caatinga
-9.75,-39.25,p_solar_Brazil_BR2719,Brazil,Caatinga
-10.25,-39.25,p_solar_Brazil_BR2720,Brazil,Caatinga
-10.75,-39.25,p_solar_Brazil_BR2721,Brazil,Caatinga
-11.25,-39.25,p_solar_Brazil_BR2722,Brazil,Caatinga
-11.75,-39.25,p_solar_Brazil_BR2723,Brazil,Caatinga
-3.75,-38.75,p_solar_Brazil_BR2736,Brazil,Caatinga
-4.25,-38.75,p_solar_Brazil_BR2737,Brazil,Caatinga
-4.75,-38.75,p_solar_Brazil_BR2738,Brazil,Caatinga
-5.25,-38.75,p_solar_Brazil_BR2739,Brazil,Caatinga
-5.75,-38.75,p_solar_Brazil_BR2740,Brazil,Caatinga
-6.25,-38.75,p_solar_Brazil_BR2741,Brazil,Caatinga
-6.75,-38.75,p_solar_Brazil_BR2742,Brazil,Caatinga
-7.25,-38.75,p_solar_Brazil_BR2743,Brazil,Caatinga
-7.75,-38.75,p_solar_Brazil_BR2744,Brazil,Caatinga
-8.25,-38.75,p_solar_Brazil_BR2745,Brazil,Caatinga
-8.75,-38.75,p_solar_Brazil_BR2746,Brazil,Caatinga
-9.25,-38.75,p_solar_Brazil_BR2747,Brazil,Caatinga
-9.75,-38.75,p_solar_Brazil_BR2748,Brazil,Caatinga
-10.25,-38.75,p_solar_Brazil_BR2749,Brazil,Caatinga
-10.75,-38.75,p_solar_Brazil_BR2750,Brazil,Caatinga
-11.25,-38.75,p_solar_Brazil_BR2751,Brazil,Caatinga
-11.75,-38.75,p_solar_Brazil_BR2752,Brazil,Caatinga
-12.25,-38.75,p_solar_Brazil_BR2753,Brazil,Caatinga
-4.25,-38.25,p_solar_Brazil_BR2754,Brazil,Caatinga
-4.75,-38.25,p_solar_Brazil_BR2755,Brazil,Caatinga
-5.25,-38.25,p_solar_Brazil_BR2756,Brazil,Caatinga
-5.75,-38.25,p_solar_Brazil_BR2757,Brazil,Caatinga
-6.25,-38.25,p_solar_Brazil_BR2758,Brazil,Caatinga
-6.75,-38.25,p_solar_Brazil_BR2759,Brazil,Caatinga
-7.25,-38.25,p_solar_Brazil_BR2760,Brazil,Caatinga
-7.75,-38.25,p_solar_Brazil_BR2761,Brazil,Caatinga
-8.25,-38.25,p_solar_Brazil_BR2762,Brazil,Caatinga
-8.75,-38.25,p_solar_Brazil_BR2763,Brazil,Caatinga
-9.25,-38.25,p_solar_Brazil_BR2764,Brazil,Caatinga
-9.75,-38.25,p_solar_Brazil_BR2765,Brazil,Caatinga
-10.25,-38.25,p_solar_Brazil_BR2766,Brazil,Caatinga
-10.75,-38.25,p_solar_Brazil_BR2767,Brazil,Caatinga
-11.25,-38.25,p_solar_Brazil_BR2768,Brazil,Caatinga
-11.75,-38.25,p_solar_Brazil_BR2769,Brazil,Caatinga
-12.25,-38.25,p_solar_Brazil_BR2770,Brazil,Caatinga
-4.75,-37.75,p_solar_Brazil_BR2772,Brazil,Caatinga
-5.25,-37.75,p_solar_Brazil_BR2773,Brazil,Caatinga
-5.75,-37.75,p_solar_Brazil_BR2774,Brazil,Caatinga
-6.25,-37.75,p_solar_Brazil_BR2775,Brazil,Caatinga
-6.75,-37.75,p_solar_Brazil_BR2776,Brazil,Caatinga
-7.25,-37.75,p_solar_Brazil_BR2777,Brazil,Caatinga
-7.75,-37.75,p_solar_Brazil_BR2778,Brazil,Caatinga
-8.25,-37.75,p_solar_Brazil_BR2779,Brazil,Caatinga
-8.75,-37.75,p_solar_Brazil_BR2780,Brazil,Caatinga
-9.25,-37.75,p_solar_Brazil_BR2781,Brazil,Caatinga
-9.75,-37.75,p_solar_Brazil_BR2782,Brazil,Caatinga
-10.25,-37.75,p_solar_Brazil_BR2783,Brazil,Caatinga
-10.75,-37.75,p_solar_Brazil_BR2784,Brazil,Caatinga
-11.25,-37.75,p_solar_Brazil_BR2785,Brazil,Caatinga
-11.75,-37.75,p_solar_Brazil_BR2786,Brazil,Caatinga
-5.25,-37.25,p_solar_Brazil_BR2787,Brazil,Caatinga
-5.75,-37.25,p_solar_Brazil_BR2788,Brazil,Caatinga
-6.25,-37.25,p_solar_Brazil_BR2789,Brazil,Caatinga
-6.75,-37.25,p_solar_Brazil_BR2790,Brazil,Caatinga
-7.25,-37.25,p_solar_Brazil_BR2791,Brazil,Caatinga
-7.75,-37.25,p_solar_Brazil_BR2792,Brazil,Caatinga
-8.25,-37.25,p_solar_Brazil_BR2793,Brazil,Caatinga
-8.75,-37.25,p_solar_Brazil_BR2794,Brazil,Caatinga
-9.25,-37.25,p_solar_Brazil_BR2795,Brazil,Caatinga
-9.75,-37.25,p_solar_Brazil_BR2796,Brazil,Caatinga
-10.25,-37.25,p_solar_Brazil_BR2797,Brazil,Caatinga
-10.75,-37.25,p_solar_Brazil_BR2798,Brazil,Caatinga
-11.25,-37.25,p_solar_Brazil_BR2799,Brazil,Caatinga
-5.25,-36.75,p_solar_Brazil_BR2800,Brazil,Caatinga
-5.75,-36.75,p_solar_Brazil_BR2801,Brazil,Caatinga
-6.25,-36.75,p_solar_Brazil_BR2802,Brazil,Caatinga
-6.75,-36.75,p_solar_Brazil_BR2803,Brazil,Caatinga
-7.25,-36.75,p_solar_Brazil_BR2804,Brazil,Caatinga
-7.75,-36.75,p_solar_Brazil_BR2805,Brazil,Caatinga
-8.25,-36.75,p_solar_Brazil_BR2806,Brazil,Caatinga
-8.75,-36.75,p_solar_Brazil_BR2807,Brazil,Caatinga
-9.25,-36.75,p_solar_Brazil_BR2808,Brazil,Caatinga
-9.75,-36.75,p_solar_Brazil_BR2809,Brazil,Caatinga
-10.25,-36.75,p_solar_Brazil_BR2810,Brazil,Caatinga
-5.25,-36.25,p_solar_Brazil_BR2811,Brazil,Caatinga
-5.75,-36.25,p_solar_Brazil_BR2812,Brazil,Caatinga
-6.25,-36.25,p_solar_Brazil_BR2813,Brazil,Caatinga
-6.75,-36.25,p_solar_Brazil_BR2814,Brazil,Caatinga
-7.25,-36.25,p_solar_Brazil_BR2815,Brazil,Caatinga
-7.75,-36.25,p_solar_Brazil_BR2816,Brazil,Caatinga
-9.75,-36.25,p_solar_Brazil_BR2820,Brazil,Caatinga
-10.25,-36.25,p_solar_Brazil_BR2821,Brazil,Caatinga
-5.25,-35.75,p_solar_Brazil_BR2822,Brazil,Caatinga
-5.75,-35.75,p_solar_Brazil_BR2823,Brazil,Caatinga
-6.25,-35.75,p_solar_Brazil_BR2824,Brazil,Caatinga
-6.75,-35.75,p_solar_Brazil_BR2825,Brazil,Caatinga
-7.25,-35.75,p_solar_Brazil_BR2826,Brazil,Caatinga
-7.75,-35.75,p_solar_Brazil_BR2827,Brazil,Caatinga
-9.25,-35.75,p_solar_Brazil_BR2830,Brazil,Caatinga
-5.75,-35.25,p_solar_Brazil_BR2831,Brazil,Caatinga
-6.25,-35.25,p_solar_Brazil_BR2832,Brazil,Caatinga
-6.75,-35.25,p_solar_Brazil_BR2833,Brazil,Caatinga
-7.25,-35.25,p_solar_Brazil_BR2834,Brazil,Caatinga
-7.75,-35.25,p_solar_Brazil_BR2835,Brazil,Caatinga
-8.25,-35.25,p_solar_Brazil_BR2836,Brazil,Caatinga
-8.75,-35.25,p_solar_Brazil_BR2837,Brazil,Caatinga
-38.25,-72.75,p_solar_Chile_CL70,Chile,Atacama/Andes
-38.75,-72.75,p_solar_Chile_CL71,Chile,Atacama/Andes
-35.75,-72.25,p_solar_Chile_CL97,Chile,Atacama/Andes
-36.25,-72.25,p_solar_Chile_CL98,Chile,Atacama/Andes
-36.75,-72.25,p_solar_Chile_CL99,Chile,Atacama/Andes
-37.25,-72.25,p_solar_Chile_CL100,Chile,Atacama/Andes
-37.75,-72.25,p_solar_Chile_CL101,Chile,Atacama/Andes
-38.25,-72.25,p_solar_Chile_CL102,Chile,Atacama/Andes
-38.75,-72.25,p_solar_Chile_CL103,Chile,Atacama/Andes
-39.25,-72.25,p_solar_Chile_CL104,Chile,Atacama/Andes
-34.25,-71.75,p_solar_Chile_CL125,Chile,Atacama/Andes
-34.75,-71.75,p_solar_Chile_CL126,Chile,Atacama/Andes
-35.25,-71.75,p_solar_Chile_CL127,Chile,Atacama/Andes
-35.75,-71.75,p_solar_Chile_CL128,Chile,Atacama/Andes
-36.25,-71.75,p_solar_Chile_CL129,Chile,Atacama/Andes
-36.75,-71.75,p_solar_Chile_CL130,Chile,Atacama/Andes
-37.25,-71.75,p_solar_Chile_CL131,Chile,Atacama/Andes
-38.25,-71.75,p_solar_Chile_CL133,Chile,Atacama/Andes
-38.75,-71.75,p_solar_Chile_CL134,Chile,Atacama/Andes
-28.75,-71.25,p_solar_Chile_CL145,Chile,Atacama/Andes
-29.25,-71.25,p_solar_Chile_CL146,Chile,Atacama/Andes
-29.75,-71.25,p_solar_Chile_CL147,Chile,Atacama/Andes
-30.25,-71.25,p_solar_Chile_CL148,Chile,Atacama/Andes
-31.75,-71.25,p_solar_Chile_CL151,Chile,Atacama/Andes
-32.25,-71.25,p_solar_Chile_CL152,Chile,Atacama/Andes
-32.75,-71.25,p_solar_Chile_CL153,Chile,Atacama/Andes
-33.25,-71.25,p_solar_Chile_CL154,Chile,Atacama/Andes
-33.75,-71.25,p_solar_Chile_CL155,Chile,Atacama/Andes
-34.25,-71.25,p_solar_Chile_CL156,Chile,Atacama/Andes
-34.75,-71.25,p_solar_Chile_CL157,Chile,Atacama/Andes
-35.25,-71.25,p_solar_Chile_CL158,Chile,Atacama/Andes
-35.75,-71.25,p_solar_Chile_CL159,Chile,Atacama/Andes
-36.25,-71.25,p_solar_Chile_CL160,Chile,Atacama/Andes
-36.75,-71.25,p_solar_Chile_CL161,Chile,Atacama/Andes
-37.25,-71.25,p_solar_Chile_CL162,Chile,Atacama/Andes
-37.75,-71.25,p_solar_Chile_CL163,Chile,Atacama/Andes
-38.25,-71.25,p_solar_Chile_CL164,Chile,Atacama/Andes
-38.75,-71.25,p_solar_Chile_CL165,Chile,Atacama/Andes
-27.25,-70.75,p_solar_Chile_CL171,Chile,Atacama/Andes
-27.75,-70.75,p_solar_Chile_CL172,Chile,Atacama/Andes
-28.25,-70.75,p_solar_Chile_CL173,Chile,Atacama/Andes
-28.75,-70.75,p_solar_Chile_CL174,Chile,Atacama/Andes
-29.25,-70.75,p_solar_Chile_CL175,Chile,Atacama/Andes
-29.75,-70.75,p_solar_Chile_CL176,Chile,Atacama/Andes
-30.25,-70.75,p_solar_Chile_CL177,Chile,Atacama/Andes
-30.75,-70.75,p_solar_Chile_CL178,Chile,Atacama/Andes
-31.25,-70.75,p_solar_Chile_CL179,Chile,Atacama/Andes
-31.75,-70.75,p_solar_Chile_CL180,Chile,Atacama/Andes
-32.25,-70.75,p_solar_Chile_CL181,Chile,Atacama/Andes
-32.75,-70.75,p_solar_Chile_CL182,Chile,Atacama/Andes
-33.75,-70.75,p_solar_Chile_CL184,Chile,Atacama/Andes
-34.25,-70.75,p_solar_Chile_CL185,Chile,Atacama/Andes
-34.75,-70.75,p_solar_Chile_CL186,Chile,Atacama/Andes
-35.25,-70.75,p_solar_Chile_CL187,Chile,Atacama/Andes
-35.75,-70.75,p_solar_Chile_CL188,Chile,Atacama/Andes
-36.25,-70.75,p_solar_Chile_CL189,Chile,Atacama/Andes
-18.75,-70.25,p_solar_Chile_CL192,Chile,Atacama/Andes
-19.25,-70.25,p_solar_Chile_CL193,Chile,Atacama/Andes
-22.75,-70.25,p_solar_Chile_CL194,Chile,Atacama/Andes
-23.25,-70.25,p_solar_Chile_CL195,Chile,Atacama/Andes
-23.75,-70.25,p_solar_Chile_CL196,Chile,Atacama/Andes
-24.25,-70.25,p_solar_Chile_CL197,Chile,Atacama/Andes
-24.75,-70.25,p_solar_Chile_CL198,Chile,Atacama/Andes
-25.25,-70.25,p_solar_Chile_CL199,Chile,Atacama/Andes
-25.75,-70.25,p_solar_Chile_CL200,Chile,Atacama/Andes
-26.25,-70.25,p_solar_Chile_CL201,Chile,Atacama/Andes
-26.75,-70.25,p_solar_Chile_CL202,Chile,Atacama/Andes
-27.25,-70.25,p_solar_Chile_CL203,Chile,Atacama/Andes
-27.75,-70.25,p_solar_Chile_CL204,Chile,Atacama/Andes
-28.25,-70.25,p_solar_Chile_CL205,Chile,Atacama/Andes
-28.75,-70.25,p_solar_Chile_CL206,Chile,Atacama/Andes
-29.25,-70.25,p_solar_Chile_CL207,Chile,Atacama/Andes
-29.75,-70.25,p_solar_Chile_CL208,Chile,Atacama/Andes
-30.25,-70.25,p_solar_Chile_CL209,Chile,Atacama/Andes
-32.75,-70.25,p_solar_Chile_CL210,Chile,Atacama/Andes
-33.25,-70.25,p_solar_Chile_CL211,Chile,Atacama/Andes
-33.75,-70.25,p_solar_Chile_CL212,Chile,Atacama/Andes
-34.25,-70.25,p_solar_Chile_CL213,Chile,Atacama/Andes
-17.75,-69.75,p_solar_Chile_CL219,Chile,Atacama/Andes
-18.25,-69.75,p_solar_Chile_CL220,Chile,Atacama/Andes
-18.75,-69.75,p_solar_Chile_CL221,Chile,Atacama/Andes
-19.25,-69.75,p_solar_Chile_CL222,Chile,Atacama/Andes
-19.75,-69.75,p_solar_Chile_CL223,Chile,Atacama/Andes
-20.25,-69.75,p_solar_Chile_CL224,Chile,Atacama/Andes
-20.75,-69.75,p_solar_Chile_CL225,Chile,Atacama/Andes
-21.25,-69.75,p_solar_Chile_CL226,Chile,Atacama/Andes
-21.75,-69.75,p_solar_Chile_CL227,Chile,Atacama/Andes
-22.25,-69.75,p_solar_Chile_CL228,Chile,Atacama/Andes
-22.75,-69.75,p_solar_Chile_CL229,Chile,Atacama/Andes
-23.25,-69.75,p_solar_Chile_CL230,Chile,Atacama/Andes
-23.75,-69.75,p_solar_Chile_CL231,Chile,Atacama/Andes
-24.25,-69.75,p_solar_Chile_CL232,Chile,Atacama/Andes
-24.75,-69.75,p_solar_Chile_CL233,Chile,Atacama/Andes
-25.25,-69.75,p_solar_Chile_CL234,Chile,Atacama/Andes
-25.75,-69.75,p_solar_Chile_CL235,Chile,Atacama/Andes
-26.25,-69.75,p_solar_Chile_CL236,Chile,Atacama/Andes
-26.75,-69.75,p_solar_Chile_CL237,Chile,Atacama/Andes
-27.25,-69.75,p_solar_Chile_CL238,Chile,Atacama/Andes
-27.75,-69.75,p_solar_Chile_CL239,Chile,Atacama/Andes
-28.25,-69.75,p_solar_Chile_CL240,Chile,Atacama/Andes
-28.75,-69.75,p_solar_Chile_CL241,Chile,Atacama/Andes
-18.25,-69.25,p_solar_Chile_CL247,Chile,Atacama/Andes
-18.75,-69.25,p_solar_Chile_CL248,Chile,Atacama/Andes
-19.25,-69.25,p_solar_Chile_CL249,Chile,Atacama/Andes
-19.75,-69.25,p_solar_Chile_CL250,Chile,Atacama/Andes
-20.25,-69.25,p_solar_Chile_CL251,Chile,Atacama/Andes
-20.75,-69.25,p_solar_Chile_CL252,Chile,Atacama/Andes
-21.25,-69.25,p_solar_Chile_CL253,Chile,Atacama/Andes
-21.75,-69.25,p_solar_Chile_CL254,Chile,Atacama/Andes
-22.25,-69.25,p_solar_Chile_CL255,Chile,Atacama/Andes
-22.75,-69.25,p_solar_Chile_CL256,Chile,Atacama/Andes
-23.25,-69.25,p_solar_Chile_CL257,Chile,Atacama/Andes
-23.75,-69.25,p_solar_Chile_CL258,Chile,Atacama/Andes
-24.25,-69.25,p_solar_Chile_CL259,Chile,Atacama/Andes
-24.75,-69.25,p_solar_Chile_CL260,Chile,Atacama/Andes
-25.25,-69.25,p_solar_Chile_CL261,Chile,Atacama/Andes
-25.75,-69.25,p_solar_Chile_CL262,Chile,Atacama/Andes
-26.25,-69.25,p_solar_Chile_CL263,Chile,Atacama/Andes
-26.75,-69.25,p_solar_Chile_CL264,Chile,Atacama/Andes
-27.25,-69.25,p_solar_Chile_CL265,Chile,Atacama/Andes
-27.75,-69.25,p_solar_Chile_CL266,Chile,Atacama/Andes
-19.25,-68.75,p_solar_Chile_CL272,Chile,Atacama/Andes
-19.75,-68.75,p_solar_Chile_CL273,Chile,Atacama/Andes
-20.25,-68.75,p_solar_Chile_CL274,Chile,Atacama/Andes
-20.75,-68.75,p_solar_Chile_CL275,Chile,Atacama/Andes
-21.25,-68.75,p_solar_Chile_CL276,Chile,Atacama/Andes
-21.75,-68.75,p_solar_Chile_CL277,Chile,Atacama/Andes
-22.25,-68.75,p_solar_Chile_CL278,Chile,Atacama/Andes
-22.75,-68.75,p_solar_Chile_CL279,Chile,Atacama/Andes
-23.25,-68.75,p_solar_Chile_CL280,Chile,Atacama/Andes
-23.75,-68.75,p_solar_Chile_CL281,Chile,Atacama/Andes
-24.25,-68.75,p_solar_Chile_CL282,Chile,Atacama/Andes
-24.75,-68.75,p_solar_Chile_CL283,Chile,Atacama/Andes
-25.25,-68.75,p_solar_Chile_CL284,Chile,Atacama/Andes
-25.75,-68.75,p_solar_Chile_CL285,Chile,Atacama/Andes
-26.25,-68.75,p_solar_Chile_CL286,Chile,Atacama/Andes
-26.75,-68.75,p_solar_Chile_CL287,Chile,Atacama/Andes
-21.25,-68.25,p_solar_Chile_CL294,Chile,Atacama/Andes
-21.75,-68.25,p_solar_Chile_CL295,Chile,Atacama/Andes
-22.25,-68.25,p_solar_Chile_CL296,Chile,Atacama/Andes
-22.75,-68.25,p_solar_Chile_CL297,Chile,Atacama/Andes
-23.25,-68.25,p_solar_Chile_CL298,Chile,Atacama/Andes
-23.75,-68.25,p_solar_Chile_CL299,Chile,Atacama/Andes
-24.25,-68.25,p_solar_Chile_CL300,Chile,Atacama/Andes
-23.25,-67.75,p_solar_Chile_CL301,Chile,Atacama/Andes
-23.75,-67.75,p_solar_Chile_CL302,Chile,Atacama/Andes
-23.25,-67.25,p_solar_Chile_CL304,Chile,Atacama/Andes
-19.75,-60.25,p_solar_Paraguay_PY29,Paraguay,Gran Chaco
-20.25,-60.25,p_solar_Paraguay_PY30,Paraguay,Gran Chaco
-20.75,-60.25,p_solar_Paraguay_PY31,Paraguay,Gran Chaco
-19.75,-59.75,p_solar_Paraguay_PY38,Paraguay,Gran Chaco
-20.25,-59.75,p_solar_Paraguay_PY39,Paraguay,Gran Chaco
-20.75,-59.75,p_solar_Paraguay_PY40,Paraguay,Gran Chaco
-21.25,-59.75,p_solar_Paraguay_PY41,Paraguay,Gran Chaco
-21.75,-59.75,p_solar_Paraguay_PY42,Paraguay,Gran Chaco
-22.25,-59.75,p_solar_Paraguay_PY43,Paraguay,Gran Chaco
-19.75,-59.25,p_solar_Paraguay_PY47,Paraguay,Gran Chaco
-20.25,-59.25,p_solar_Paraguay_PY48,Paraguay,Gran Chaco
-20.75,-59.25,p_solar_Paraguay_PY49,Paraguay,Gran Chaco
-21.25,-59.25,p_solar_Paraguay_PY50,Paraguay,Gran Chaco
-21.75,-59.25,p_solar_Paraguay_PY51,Paraguay,Gran Chaco
-22.25,-59.25,p_solar_Paraguay_PY52,Paraguay,Gran Chaco
-22.75,-59.25,p_solar_Paraguay_PY53,Paraguay,Gran Chaco
-23.25,-59.25,p_solar_Paraguay_PY54,Paraguay,Gran Chaco
-19.75,-58.75,p_solar_Paraguay_PY57,Paraguay,Gran Chaco
-20.25,-58.75,p_solar_Paraguay_PY58,Paraguay,Gran Chaco
-20.75,-58.75,p_solar_Paraguay_PY59,Paraguay,Gran Chaco
-21.25,-58.75,p_solar_Paraguay_PY60,Paraguay,Gran Chaco
-21.75,-58.75,p_solar_Paraguay_PY61,Paraguay,Gran Chaco
-22.25,-58.75,p_solar_Paraguay_PY62,Paraguay,Gran Chaco
-22.75,-58.75,p_solar_Paraguay_PY63,Paraguay,Gran Chaco
-23.25,-58.75,p_solar_Paraguay_PY64,Paraguay,Gran Chaco
-23.75,-58.75,p_solar_Paraguay_PY65,Paraguay,Gran Chaco
-20.25,-58.25,p_solar_Paraguay_PY68,Paraguay,Gran Chaco
-20.75,-58.25,p_solar_Paraguay_PY69,Paraguay,Gran Chaco
-21.25,-58.25,p_solar_Paraguay_PY70,Paraguay,Gran Chaco
-21.75,-58.25,p_solar_Paraguay_PY71,Paraguay,Gran Chaco
-22.25,-58.25,p_solar_Paraguay_PY72,Paraguay,Gran Chaco
-22.75,-58.25,p_solar_Paraguay_PY73,Paraguay,Gran Chaco
-23.25,-58.25,p_solar_Paraguay_PY74,Paraguay,Gran Chaco
-23.75,-58.25,p_solar_Paraguay_PY75,Paraguay,Gran Chaco
-24.25,-58.25,p_solar_Paraguay_PY76,Paraguay,Gran Chaco
-24.75,-58.25,p_solar_Paraguay_PY77,Paraguay,Gran Chaco
-22.25,-57.75,p_solar_Paraguay_PY79,Paraguay,Gran Chaco
-22.75,-57.75,p_solar_Paraguay_PY80,Paraguay,Gran Chaco
-23.25,-57.75,p_solar_Paraguay_PY81,Paraguay,Gran Chaco
-23.75,-57.75,p_solar_Paraguay_PY82,Paraguay,Gran Chaco
-24.25,-57.75,p_solar_Paraguay_PY83,Paraguay,Gran Chaco
-24.75,-57.75,p_solar_Paraguay_PY84,Paraguay,Gran Chaco
-25.75,-57.75,p_solar_Paraguay_PY85,Paraguay,Gran Chaco
-22.25,-57.25,p_solar_Paraguay_PY89,Paraguay,Gran Chaco
-22.75,-57.25,p_solar_Paraguay_PY90,Paraguay,Gran Chaco
-23.25,-57.25,p_solar_Paraguay_PY91,Paraguay,Gran Chaco
-23.75,-57.25,p_solar_Paraguay_PY92,Paraguay,Gran Chaco
-24.25,-57.25,p_solar_Paraguay_PY93,Paraguay,Gran Chaco
-24.75,-57.25,p_solar_Paraguay_PY94,Paraguay,Gran Chaco
-25.25,-57.25,p_solar_Paraguay_PY95,Paraguay,Gran Chaco
-25.75,-57.25,p_solar_Paraguay_PY96,Paraguay,Gran Chaco
-26.25,-57.25,p_solar_Paraguay_PY97,Paraguay,Gran Chaco
-22.25,-56.75,p_solar_Paraguay_PY100,Paraguay,Gran Chaco
-22.75,-56.75,p_solar_Paraguay_PY101,Paraguay,Gran Chaco
-23.25,-56.75,p_solar_Paraguay_PY102,Paraguay,Gran Chaco
-23.75,-56.75,p_solar_Paraguay_PY103,Paraguay,Gran Chaco
-24.25,-56.75,p_solar_Paraguay_PY104,Paraguay,Gran Chaco
-24.75,-56.75,p_solar_Paraguay_PY105,Paraguay,Gran Chaco
-25.25,-56.75,p_solar_Paraguay_PY106,Paraguay,Gran Chaco
-25.75,-56.75,p_solar_Paraguay_PY107,Paraguay,Gran Chaco
-26.25,-56.75,p_solar_Paraguay_PY108,Paraguay,Gran Chaco
-22.25,-56.25,p_solar_Paraguay_PY111,Paraguay,Gran Chaco
-22.75,-56.25,p_solar_Paraguay_PY112,Paraguay,Gran Chaco
-23.25,-56.25,p_solar_Paraguay_PY113,Paraguay,Gran Chaco
-23.75,-56.25,p_solar_Paraguay_PY114,Paraguay,Gran Chaco
-24.25,-56.25,p_solar_Paraguay_PY115,Paraguay,Gran Chaco
-24.75,-56.25,p_solar_Paraguay_PY116,Paraguay,Gran Chaco
-25.25,-56.25,p_solar_Paraguay_PY117,Paraguay,Gran Chaco
-25.75,-56.25,p_solar_Paraguay_PY118,Paraguay,Gran Chaco
-26.25,-56.25,p_solar_Paraguay_PY119,Paraguay,Gran Chaco
-22.75,-55.75,p_solar_Paraguay_PY122,Paraguay,Gran Chaco
-23.25,-55.75,p_solar_Paraguay_PY123,Paraguay,Gran Chaco
-23.75,-55.75,p_solar_Paraguay_PY124,Paraguay,Gran Chaco
-24.25,-55.75,p_solar_Paraguay_PY125,Paraguay,Gran Chaco
-24.75,-55.75,p_solar_Paraguay_PY126,Paraguay,Gran Chaco
-25.25,-55.75,p_solar_Paraguay_PY127,Paraguay,Gran Chaco
-25.75,-55.75,p_solar_Paraguay_PY128,Paraguay,Gran Chaco
-26.25,-55.75,p_solar_Paraguay_PY129,Paraguay,Gran Chaco
-24.75,-55.25,p_solar_Paraguay_PY133,Paraguay,Gran Chaco
-30.75,-57.75,p_solar_Uruguay_UY3,Uruguay,Pampas
-31.75,-57.75,p_solar_Uruguay_UY5,Uruguay,Pampas
-32.25,-57.75,p_solar_Uruguay_UY6,Uruguay,Pampas
-32.75,-57.75,p_solar_Uruguay_UY7,Uruguay,Pampas
-33.25,-57.75,p_solar_Uruguay_UY8,Uruguay,Pampas
-33.75,-57.75,p_solar_Uruguay_UY9,Uruguay,Pampas
-34.25,-57.75,p_solar_Uruguay_UY10,Uruguay,Pampas
-30.75,-57.25,p_solar_Uruguay_UY11,Uruguay,Pampas
-31.25,-57.25,p_solar_Uruguay_UY12,Uruguay,Pampas
-31.75,-57.25,p_solar_Uruguay_UY13,Uruguay,Pampas
-32.25,-57.25,p_solar_Uruguay_UY14,Uruguay,Pampas
-32.75,-57.25,p_solar_Uruguay_UY15,Uruguay,Pampas
-33.25,-57.25,p_solar_Uruguay_UY16,Uruguay,Pampas
-33.75,-57.25,p_solar_Uruguay_UY17,Uruguay,Pampas
-34.25,-57.25,p_solar_Uruguay_UY18,Uruguay,Pampas
-30.25,-56.75,p_solar_Uruguay_UY19,Uruguay,Pampas
-30.75,-56.75,p_solar_Uruguay_UY20,Uruguay,Pampas
-31.25,-56.75,p_solar_Uruguay_UY21,Uruguay,Pampas
-31.75,-56.75,p_solar_Uruguay_UY22,Uruguay,Pampas
-32.25,-56.75,p_solar_Uruguay_UY23,Uruguay,Pampas
-32.75,-56.75,p_solar_Uruguay_UY24,Uruguay,Pampas
-33.25,-56.75,p_solar_Uruguay_UY25,Uruguay,Pampas
-33.75,-56.75,p_solar_Uruguay_UY26,Uruguay,Pampas
-34.25,-56.75,p_solar_Uruguay_UY27,Uruguay,Pampas
-34.75,-56.75,p_solar_Uruguay_UY28,Uruguay,Pampas
-30.75,-56.25,p_solar_Uruguay_UY29,Uruguay,Pampas
-31.25,-56.25,p_solar_Uruguay_UY30,Uruguay,Pampas
-31.75,-56.25,p_solar_Uruguay_UY31,Uruguay,Pampas
-32.25,-56.25,p_solar_Uruguay_UY32,Uruguay,Pampas
-32.75,-56.25,p_solar_Uruguay_UY33,Uruguay,Pampas
-33.25,-56.25,p_solar_Uruguay_UY34,Uruguay,Pampas
-33.75,-56.25,p_solar_Uruguay_UY35,Uruguay,Pampas
-34.25,-56.25,p_solar_Uruguay_UY36,Uruguay,Pampas
-34.75,-56.25,p_solar_Uruguay_UY37,Uruguay,Pampas
-31.75,-55.75,p_solar_Uruguay_UY39,Uruguay,Pampas
-32.25,-55.75,p_solar_Uruguay_UY40,Uruguay,Pampas
-32.75,-55.75,p_solar_Uruguay_UY41,Uruguay,Pampas
-33.25,-55.75,p_solar_Uruguay_UY42,Uruguay,Pampas
-33.75,-55.75,p_solar_Uruguay_UY43,Uruguay,Pampas
-34.25,-55.75,p_solar_Uruguay_UY44,Uruguay,Pampas
-34.75,-55.75,p_solar_Uruguay_UY45,Uruguay,Pampas
-31.25,-55.25,p_solar_Uruguay_UY46,Uruguay,Pampas
-31.75,-55.25,p_solar_Uruguay_UY47,Uruguay,Pampas
-32.25,-55.25,p_solar_Uruguay_UY48,Uruguay,Pampas
-33.25,-55.25,p_solar_Uruguay_UY50,Uruguay,Pampas
-33.75,-55.25,p_solar_Uruguay_UY51,Uruguay,Pampas
-34.25,-55.25,p_solar_Uruguay_UY52,Uruguay,Pampas
-34.75,-55.25,p_solar_Uruguay_UY53,Uruguay,Pampas
-32.25,-54.75,p_solar_Uruguay_UY55,Uruguay,Pampas
-33.75,-54.75,p_solar_Uruguay_UY58,Uruguay,Pampas
-34.25,-54.75,p_solar_Uruguay_UY59,Uruguay,Pampas
-34.75,-54.75,p_solar_Uruguay_UY60,Uruguay,Pampas
-32.25,-54.25,p_solar_Uruguay_UY61,Uruguay,Pampas
-32.75,-54.25,p_solar_Uruguay_UY62,Uruguay,Pampas
-33.25,-54.25,p_solar_Uruguay_UY63,Uruguay,Pampas
-33.75,-54.25,p_solar_Uruguay_UY64,Uruguay,Pampas
-34.25,-54.25,p_solar_Uruguay_UY65,Uruguay,Pampas
-32.25,-53.75,p_solar_Uruguay_UY66,Uruguay,Pampas
-32.75,-53.75,p_solar_Uruguay_UY67,Uruguay,Pampas
-33.25,-53.75,p_solar_Uruguay_UY68,Uruguay,Pampas
-33.75,-53.75,p_solar_Uruguay_UY69,Uruguay,Pampas
